<?xml version="1.0"?>
<COLLADA xmlns="http://www.collada.org/2005/11/COLLADASchema" version="1.4.1">
	<asset>
		<contributor>
			<author>Assimp</author>
			<authoring_tool>Assimp Exporter</authoring_tool>
		</contributor>
		<created>2021-04-15T21:38:53</created>
		<modified>2021-04-15T21:38:53</modified>
		<unit name="meter" meter="1.000000" />
		<up_axis>Y_UP</up_axis>
	</asset>
	<library_effects>
		<effect id="TelescopeMat-fx" name="TelescopeMat">
			<profile_COMMON>
				<technique sid="standard">
					<phong>
						<diffuse>
							<color sid="diffuse">0.500000   0.500000   0.500000   1.000000</color>
						</diffuse>
					</phong>
				</technique>
			</profile_COMMON>
		</effect>
	</library_effects>
	<library_materials>
		<material id="TelescopeMat" name="TelescopeMat">
			<instance_effect url="#TelescopeMat-fx"/>
		</material>
	</library_materials>
	<library_geometries>
		<geometry id="meshId0" name="meshId0_name" >
			<mesh>
				<source id="meshId0-positions" name="meshId0-positions">
					<float_array id="meshId0-positions-array" count="1260"> 
						-9.369390 0.507849 14.299601 -8.457885 0.588133 14.284544 -8.479850 0.693574 14.080887 -9.400266 0.598013 14.126490 -10.901096 0.408899 14.386852 -10.269065 0.493468 14.238840 -10.302095 0.520621 14.082123 -10.954988 0.430243 14.265138 -10.788900 0.132791 14.639459 -10.200636 0.159151 14.560856 -10.215766 0.303244 14.490064 -10.813763 0.252585 14.583569 -9.328424 0.193452 14.524429 -8.426858 0.223575 14.548312 -8.439281 0.426163 14.445501 -9.344528 0.368426 14.436694 -9.328424 -0.193457 14.524427 -8.426858 -0.223581 14.548311 -8.422570 -0.000003 14.583615 -9.322873 -0.000003 14.554607 -10.813763 -0.252590 14.583569 -10.215764 -0.303250 14.490063 -10.200636 -0.159156 14.560855 -10.788900 -0.132796 14.639459 -9.344527 -0.368432 14.436691 -8.439281 -0.426169 14.445501 -10.901096 -0.408904 14.386852 -10.269065 -0.493473 14.238840 -10.239334 -0.418462 14.379279 -10.852433 -0.347703 14.496540 -9.400266 -0.598018 14.126489 -8.479850 -0.693578 14.080887 -8.457885 -0.588138 14.284544 -9.369390 -0.507854 14.299601 -9.467282 -0.600109 13.741526 -8.524384 -0.698561 13.626008 -8.502801 -0.731848 13.854045 -9.434000 -0.629896 13.934203 -11.057479 -0.348806 14.032871 -10.365252 -0.423888 13.781090 -10.335237 -0.496805 13.924344 -11.008862 -0.409590 14.143178 -9.496937 -0.511314 13.567324 -8.542690 -0.596289 13.419151 -9.535437 -0.195800 13.339327 -8.565699 -0.228997 13.147106 -8.556874 -0.434548 13.253909 -9.520403 -0.372022 13.428650 -11.129457 -0.000002 13.869100 -10.409870 -0.000001 13.567625 -10.404557 -0.162549 13.593072 -11.120905 -0.133467 13.888593 -9.540603 -0.000001 13.308544 -8.568686 -0.000001 13.110174 -9.535437 0.195797 13.339329 -8.565699 0.228995 13.147108 -8.568686 -0.000001 13.110174 -9.540603 -0.000001 13.308544 -9.520403 0.372019 13.428652 -8.556875 0.434545 13.253910 -9.496937 0.511310 13.567325 -8.542689 0.596285 13.419152 -9.467282 0.600105 13.741527 -8.524384 0.698557 13.626011 
						-10.852433 0.347698 14.496540 -10.239334 0.418456 14.379280 -10.780326 -0.000003 14.658720 -10.195425 -0.000003 14.585185 -10.954988 -0.430248 14.265135 -10.302095 -0.520626 14.082121 -11.096092 -0.253683 13.945086 -10.389162 -0.308711 13.666767 -11.120903 0.133463 13.888593 -10.404557 0.162546 13.593072 -10.409870 -0.000001 13.567625 -11.129457 -0.000002 13.869100 -11.096092 0.253679 13.945086 -10.389162 0.308708 13.666767 -11.057479 0.348801 14.032873 -10.365252 0.423884 13.781091 -11.008862 0.409586 14.143181 -10.335237 0.496801 13.924346 -9.434000 0.629892 13.934204 -8.502801 0.731843 13.854045 -7.448745 0.776713 14.099270 -7.465266 0.820103 13.842363 -7.433152 0.658377 14.329538 -7.419485 0.476864 14.511346 -7.410063 0.250149 14.627582 -7.406823 -0.000003 14.667395 -7.410063 -0.250155 14.627581 -7.419485 -0.476869 14.511345 -7.433151 -0.658382 14.329538 -7.448745 -0.776717 14.099270 -7.465267 -0.820108 13.842362 -7.480804 -0.783473 13.583569 -7.493913 -0.669393 13.348259 -7.503723 -0.488264 13.159949 -7.509161 -0.257511 13.038063 -7.510908 -0.000001 12.995466 -7.509160 0.257509 13.038064 -7.510908 -0.000001 12.995466 -7.503723 0.488262 13.159951 -7.493913 0.669390 13.348263 -7.480804 0.783469 13.583571 -5.972153 0.858454 14.229227 -5.974651 0.905899 13.943732 -5.969704 0.727958 14.485144 -5.968091 0.527655 14.687094 -5.965185 0.276884 14.816607 -5.964124 -0.000003 14.860969 -5.965185 -0.276890 14.816605 -5.968090 -0.527660 14.687092 -5.969704 -0.727963 14.485144 -5.972153 -0.858459 14.229227 -5.974651 -0.905903 13.943729 -5.976652 -0.865061 13.656223 -5.977988 -0.738909 13.394773 -5.978904 -0.538898 13.185404 -5.979634 -0.284211 13.049473 -5.979195 -0.000001 13.001694 -5.979634 0.284209 13.049474 -5.979195 -0.000001 13.001694 -5.978904 0.538896 13.185405 -5.977988 0.738906 13.394777 -5.976652 0.865057 13.656226 -4.612504 0.930701 14.433172 -4.599850 0.981443 14.123577 
						-4.624121 0.789746 14.710909 -4.634097 0.572712 14.930108 -4.639840 0.300680 15.070501 -4.641152 -0.000003 15.118897 -4.639840 -0.300686 15.070499 -4.634097 -0.572718 14.930107 -4.624121 -0.789751 14.710909 -4.612503 -0.930705 14.433170 -4.599849 -0.981447 14.123575 -4.587088 -0.936220 13.812164 -4.575511 -0.798672 13.529551 -4.566618 -0.581655 13.303889 -4.561831 -0.306304 13.157940 -4.560229 -0.000001 13.107471 -4.561833 0.306303 13.157943 -4.560229 -0.000001 13.107471 -4.566619 0.581653 13.303890 -4.575511 0.798670 13.529552 -4.587088 0.936216 13.812167 -4.614919 1.088398 14.486302 -3.151177 1.139595 14.776720 -3.111298 1.204847 14.400829 -4.599854 1.147423 14.124334 -4.629154 0.923456 14.810833 -3.185236 0.964227 15.112661 -4.641569 0.669500 15.066685 -3.212785 0.697563 15.376354 -4.648881 0.351443 15.230478 -3.231254 0.365760 15.544196 -4.650657 -0.000003 15.286997 -3.235998 -0.000003 15.602236 -4.648881 -0.351449 15.230477 -3.231254 -0.365767 15.544195 -4.641569 -0.669505 15.066684 -3.212785 -0.697569 15.376354 -4.629154 -0.923461 14.810832 -3.185236 -0.964233 15.112661 -4.614919 -1.088403 14.486301 -3.151177 -1.139600 14.776718 -4.599854 -1.147427 14.124331 -3.111297 -1.204851 14.400826 -4.584870 -1.094015 13.760451 -3.072750 -1.152343 14.019946 -4.571321 -0.932745 13.430601 -3.039404 -0.985263 13.671842 -4.560952 -0.678933 13.167554 -3.014952 -0.718809 13.391916 -4.555393 -0.357397 12.997601 -3.002196 -0.378988 13.209230 -4.553538 -0.000000 12.938904 -2.998497 -0.000000 13.145654 -4.555393 0.357396 12.997602 -3.002197 0.378987 13.209230 -2.998497 -0.000000 13.145654 -4.553538 -0.000000 12.938904 -4.560953 0.678931 13.167557 -3.014952 0.718807 13.391917 -4.571322 0.932743 13.430604 -3.039404 0.985261 13.671846 -4.584870 1.094011 13.760455 -3.072750 1.152339 14.019949 -1.776703 1.157648 15.118379 -1.716115 1.224311 14.739281 -1.833611 0.979928 15.455477 
						-1.875810 0.708784 15.721205 -1.905529 0.371729 15.889814 -1.913252 -0.000003 15.948347 -1.905529 -0.371736 15.889814 -1.875810 -0.708790 15.721205 -1.833611 -0.979933 15.455477 -1.776703 -1.157653 15.118378 -1.716115 -1.224316 14.739277 -1.654436 -1.170896 14.355881 -1.601455 -1.001229 14.004435 -1.563097 -0.730522 13.720373 -1.544300 -0.385093 13.532750 -1.544807 -0.000000 13.463055 -1.544300 0.385092 13.532750 -1.544807 -0.000000 13.463055 -1.563097 0.730520 13.720374 -1.601455 1.001227 14.004436 -1.654436 1.170892 14.355885 -0.516408 1.181957 15.519114 -0.425925 1.247689 15.140369 -0.596994 1.001617 15.858152 -0.661158 0.725506 16.125053 -0.703303 0.380771 16.295193 -0.716242 -0.000003 16.354084 -0.703303 -0.380778 16.295193 -0.661158 -0.725512 16.125050 -0.596994 -1.001622 15.858150 -0.516408 -1.181962 15.519114 -0.425924 -1.247694 15.140366 -0.337544 -1.191665 14.756945 -0.259138 -1.017471 14.406996 -0.200086 -0.741340 14.125042 -0.167076 -0.390310 13.939671 -0.158755 -0.000000 13.873545 -0.167076 0.390309 13.939672 -0.158755 -0.000000 13.873545 -0.200086 0.741338 14.125044 -0.259139 1.017469 14.406998 -0.337545 1.191661 14.756948 0.651378 1.232918 15.969388 0.770737 1.300104 15.583179 0.543081 1.046097 16.315357 0.456124 0.758599 16.588093 0.400966 0.398371 16.762676 0.382656 -0.000003 16.822914 0.400967 -0.398377 16.762676 0.456125 -0.758605 16.588093 0.543081 -1.046103 16.315357 0.651378 -1.232924 15.969387 0.770738 -1.300108 15.583174 0.891074 -1.239643 15.194765 0.997920 -1.056904 14.841055 1.080504 -0.769103 14.557484 1.132116 -0.404471 14.374096 1.149064 -0.000000 14.310388 1.132115 0.404470 14.374098 1.149064 -0.000000 14.310388 1.080503 0.769102 14.557487 0.997919 1.056901 14.841059 0.891072 1.239639 15.194770 0.619296 1.380243 16.012268 1.660388 1.440474 16.460606 1.826390 1.519003 16.021299 0.756646 1.456056 15.582351 
						0.494946 1.170870 16.397264 1.510567 1.222333 16.854420 0.395334 0.849025 16.700880 1.391391 0.886475 17.165352 0.332015 0.445768 16.895298 1.316547 0.465375 17.364693 0.310869 -0.000003 16.962330 1.290808 -0.000003 17.433247 0.332016 -0.445774 16.895298 1.316548 -0.465381 17.364693 0.395335 -0.849032 16.700878 1.391392 -0.886481 17.165350 0.494947 -1.170876 16.397264 1.510568 -1.222339 16.854418 0.619296 -1.380248 16.012266 1.660389 -1.440479 16.460604 0.756647 -1.456061 15.582346 1.826391 -1.519008 16.021296 0.895149 -1.389315 15.149729 1.992543 -1.449080 15.578918 1.018755 -1.185765 14.755594 2.142519 -1.236250 15.176956 1.115145 -0.864159 14.439219 2.261325 -0.900424 14.855606 1.176122 -0.455318 14.234093 2.336887 -0.474252 14.647509 1.196505 0.000000 14.162642 2.363503 0.000000 14.576109 1.176121 0.455318 14.234095 2.336887 0.474252 14.647511 2.363503 0.000000 14.576109 1.196505 0.000000 14.162642 1.115144 0.864158 14.439221 2.261324 0.900423 14.855611 1.018753 1.185763 14.755598 2.142517 1.236248 15.176961 0.895148 1.389312 15.149733 1.992541 1.449077 15.578922 2.624856 1.495277 16.910429 2.817538 1.576153 16.463570 2.451437 1.269227 17.311512 2.315098 0.920408 17.628733 2.227820 0.483301 17.831768 2.197793 -0.000004 17.901615 2.227820 -0.483308 17.831766 2.315099 -0.920414 17.628733 2.451437 -1.269233 17.311508 2.624856 -1.495283 16.910427 2.817538 -1.576158 16.463566 3.010655 -1.502978 16.014101 3.185241 -1.281744 15.606167 3.323903 -0.933259 15.280445 3.413644 -0.491262 15.071021 3.444654 0.000000 14.998777 3.413644 0.491261 15.071023 3.444654 0.000000 14.998777 3.323901 0.933258 15.280448 3.185240 1.281742 15.606172 3.010653 1.502974 16.014105 3.507876 1.548068 17.354174 3.725331 1.630981 16.900215 3.312402 1.314522 17.762138 3.157734 0.953719 18.084866 3.058644 0.500950 18.291592 
						3.024537 -0.000004 18.362740 3.058644 -0.500957 18.291592 3.157735 -0.953725 18.084864 3.312403 -1.314529 17.762138 3.507876 -1.548074 17.354174 3.725333 -1.630987 16.900211 3.943617 -1.554282 16.444405 4.141253 -1.324571 16.031605 4.298596 -0.963764 15.702908 4.399851 -0.507159 15.491353 4.434783 0.000000 15.418364 4.399851 0.507159 15.491356 4.434783 0.000000 15.418364 4.298595 0.963764 15.702910 4.141253 1.324569 16.031609 3.943614 1.554278 16.444408 4.307427 1.603617 17.786856 4.549528 1.688292 17.325338 4.089519 1.362574 18.202190 3.916909 0.989090 18.531136 3.806239 0.519700 18.742027 3.768131 -0.000004 18.814640 3.806239 -0.519708 18.742027 3.916910 -0.989097 18.531134 4.089520 -1.362581 18.202187 4.307428 -1.603622 17.786854 4.549530 -1.688296 17.325335 4.792226 -1.607742 16.862612 5.011684 -1.369244 16.444128 5.186207 -0.995758 16.111290 5.298427 -0.523822 15.897252 5.337127 0.000000 15.823437 5.298427 0.523822 15.897254 5.337127 0.000000 15.823437 5.186205 0.995757 16.111292 5.011682 1.369242 16.444132 4.792224 1.607738 16.862616 5.025358 1.666067 18.206154 5.292637 1.752909 17.735373 4.784514 1.416452 18.630348 4.593558 1.028665 18.966661 4.471037 0.540651 19.182436 4.428836 -0.000004 19.256760 4.471039 -0.540658 19.182434 4.593558 -1.028672 18.966660 4.784514 -1.416458 18.630346 5.025358 -1.666072 18.206150 5.292642 -1.752914 17.735369 5.560250 -1.668190 17.263981 5.801953 -1.419884 16.838202 5.993975 -1.032096 16.499929 6.117353 -0.542772 16.282570 6.159885 0.000000 16.207642 6.117353 0.542773 16.282572 6.159885 0.000000 16.207642 5.993973 1.032096 16.499935 5.801952 1.419882 16.838203 5.560246 1.668187 17.263985 5.666064 1.738128 18.611618 5.960480 1.827888 18.129679 5.400552 1.478318 19.046246 5.189894 1.073935 19.391079 5.054670 0.564558 19.612436 5.008079 -0.000004 19.688704 
						5.054670 -0.564565 19.612434 5.189896 -1.073943 19.391077 5.400553 -1.478325 19.046242 5.666066 -1.738134 18.611614 5.960484 -1.827893 18.129673 6.255003 -1.738733 17.647566 6.520784 -1.479293 17.212505 6.731772 -1.074910 16.867134 6.867265 -0.565161 16.645342 6.913959 0.000000 16.568911 6.867265 0.565162 16.645344 6.913959 0.000000 16.568911 6.731771 1.074909 16.867136 6.520782 1.479291 17.212507 6.255001 1.738730 17.647570 5.973953 1.783193 18.823933 6.284985 1.875097 18.335194 5.693404 1.516776 19.264772 5.470784 1.101947 19.614584 5.327865 0.579308 19.839163 5.278621 -0.000004 19.916542 5.327866 -0.579316 19.839163 5.470784 -1.101954 19.614584 5.693404 -1.516783 19.264769 5.973953 -1.783198 18.823929 6.284988 -1.875102 18.335190 6.596069 -1.783462 17.846378 6.876742 -1.517210 17.405348 7.099512 -1.102380 17.055302 7.242555 -0.579576 16.830536 7.291846 0.000000 16.753086 7.242555 0.579577 16.830538 7.291846 0.000000 16.753086 7.099510 1.102379 17.055305 6.876740 1.517208 17.405354 6.596067 1.783459 17.846382 
					</float_array>
					<technique_common>
						<accessor count="420" offset="0" source="#meshId0-positions-array" stride="3">
							<param name="X" type="float" />
							<param name="Y" type="float" />
							<param name="Z" type="float" />
						</accessor>
					</technique_common>
				</source>
				<source id="meshId0-normals" name="meshId0-normals">
					<float_array id="meshId0-normals-array" count="1260"> 
						-0.044130 0.800856 0.597228 -0.070837 0.802151 0.592905 -0.081853 0.943813 0.320184 -0.076417 0.942570 0.325148 -0.048612 0.942719 0.330028 -0.059052 0.941259 0.332482 -0.123221 0.991826 0.033143 -0.127973 0.991243 0.032548 0.113121 0.305163 0.945558 0.070192 0.304203 0.950018 0.042150 0.579422 0.813937 0.077837 0.581206 0.810025 -0.004118 0.305631 0.952141 -0.058841 0.306544 0.950036 -0.063202 0.582946 0.810049 -0.019479 0.581571 0.813263 -0.004118 -0.305634 0.952140 -0.058842 -0.306545 0.950036 -0.057433 -0.000001 0.998349 0.001087 -0.000001 0.999999 0.077836 -0.581206 0.810025 0.042150 -0.579422 0.813937 0.070192 -0.304204 0.950017 0.113122 -0.305163 0.945557 -0.019479 -0.581571 0.813263 -0.063202 -0.582947 0.810048 -0.048611 -0.942720 0.330025 -0.059052 -0.941260 0.332480 -0.002178 -0.798989 0.601342 0.022266 -0.801143 0.598059 -0.076418 -0.942571 0.325147 -0.081853 -0.943813 0.320183 -0.070837 -0.802151 0.592904 -0.044131 -0.800856 0.597229 -0.152346 -0.947184 -0.282194 -0.111706 -0.950783 -0.289022 -0.095854 -0.995250 0.016992 -0.113700 -0.993262 0.022438 -0.280027 -0.799685 -0.531120 -0.247577 -0.804950 -0.539223 -0.188304 -0.945005 -0.267406 -0.207828 -0.941752 -0.264406 -0.188149 -0.807863 -0.558532 -0.127474 -0.813023 -0.568106 -0.236110 -0.309934 -0.920974 -0.150176 -0.313719 -0.937565 -0.140994 -0.593914 -0.792078 -0.217164 -0.588473 -0.778807 -0.386625 0.000001 -0.922237 -0.335968 0.000003 -0.941873 -0.325436 -0.307926 -0.894021 -0.373995 -0.304413 -0.876048 -0.242690 0.000004 -0.970104 -0.153464 0.000004 -0.988154 -0.236110 0.309937 -0.920973 -0.150175 0.313723 -0.937563 -0.153464 0.000004 -0.988154 -0.242690 0.000004 -0.970104 -0.217163 0.588473 -0.778807 -0.140994 0.593914 -0.792077 -0.188148 0.807864 -0.558530 -0.127474 0.813024 -0.568105 -0.152346 0.947185 -0.282191 -0.111706 0.950784 -0.289019 
						0.022266 0.801142 0.598060 -0.002178 0.798989 0.601342 0.125200 -0.000000 0.992132 0.079773 -0.000001 0.996813 -0.127972 -0.991244 0.032545 -0.123221 -0.991826 0.033140 -0.337291 -0.579886 -0.741598 -0.294911 -0.585407 -0.755200 -0.373995 0.304414 -0.876048 -0.325435 0.307928 -0.894020 -0.335968 0.000003 -0.941873 -0.386625 0.000001 -0.922237 -0.337292 0.579888 -0.741595 -0.294910 0.585407 -0.755199 -0.280026 0.799689 -0.531115 -0.247576 0.804953 -0.539219 -0.207826 0.941753 -0.264402 -0.188304 0.945006 -0.267403 -0.113700 0.993262 0.022441 -0.095854 0.995250 0.016994 -0.080622 0.945700 0.314884 -0.071148 0.997385 0.012698 -0.090564 0.804204 0.587413 -0.099453 0.584959 0.804942 -0.105680 0.307803 0.945563 -0.107901 -0.000001 0.994162 -0.105679 -0.307804 0.945563 -0.099452 -0.584960 0.804942 -0.090563 -0.804205 0.587412 -0.080621 -0.945700 0.314883 -0.071148 -0.997385 0.012696 -0.063295 -0.954175 -0.292478 -0.057570 -0.818072 -0.572228 -0.053982 -0.599598 -0.798479 -0.052103 -0.318163 -0.946603 -0.051588 0.000003 -0.998668 -0.052103 0.318166 -0.946602 -0.051588 0.000003 -0.998668 -0.053982 0.599600 -0.798477 -0.057570 0.818073 -0.572226 -0.063295 0.954176 -0.292475 -0.087898 0.946877 0.309351 -0.056723 0.998351 0.008807 -0.117095 0.805584 0.580796 -0.141049 0.586261 0.797749 -0.157008 0.308552 0.938160 -0.162564 -0.000002 0.986698 -0.157007 -0.308553 0.938160 -0.141049 -0.586260 0.797749 -0.117095 -0.805584 0.580795 -0.087897 -0.946878 0.309349 -0.056723 -0.998351 0.008804 -0.026500 -0.955331 -0.294348 0.000172 -0.819816 -0.572628 0.021047 -0.601821 -0.798354 0.034367 -0.320009 -0.946791 0.039080 0.000003 -0.999236 0.034366 0.320012 -0.946790 0.039080 0.000003 -0.999236 0.021047 0.601823 -0.798352 0.000172 0.819817 -0.572625 -0.026501 0.955332 -0.294345 -0.097715 0.943553 0.316480 -0.057283 0.998198 0.017865 
						-0.134776 0.800286 0.584276 -0.164763 0.580822 0.797182 -0.184334 0.304932 0.934365 -0.191119 -0.000003 0.981567 -0.184334 -0.304933 0.934365 -0.164764 -0.580821 0.797183 -0.134776 -0.800286 0.584275 -0.097714 -0.943554 0.316478 -0.057283 -0.998198 0.017863 -0.017173 -0.958309 -0.285217 0.019075 -0.824869 -0.565003 0.048122 -0.607224 -0.793072 0.067227 -0.323459 -0.943851 0.074024 0.000002 -0.997256 0.067227 0.323461 -0.943850 0.074024 0.000002 -0.997256 0.048122 0.607225 -0.793071 0.019074 0.824870 -0.565000 -0.017174 0.958310 -0.285215 -0.092082 0.950803 0.295795 -0.091201 0.947407 0.306762 -0.028153 0.999555 0.009890 -0.038032 0.999269 -0.003916 -0.141798 0.810685 0.568053 -0.148759 0.805002 0.574319 -0.182042 0.590999 0.785863 -0.195049 0.585118 0.787142 -0.208361 0.311841 0.927006 -0.225084 0.307973 0.924386 -0.217547 0.000000 0.976050 -0.235607 -0.000000 0.971848 -0.208361 -0.311841 0.927006 -0.225083 -0.307974 0.924386 -0.182042 -0.591000 0.785863 -0.195049 -0.585118 0.787142 -0.141797 -0.810686 0.568051 -0.148759 -0.805003 0.574318 -0.092082 -0.950804 0.295793 -0.091200 -0.947407 0.306760 -0.038031 -0.999269 -0.003919 -0.028153 -0.999555 0.009887 0.015170 -0.952709 -0.303505 0.034424 -0.956656 -0.289179 0.062701 -0.814850 -0.576271 0.090703 -0.821359 -0.563154 0.100123 -0.596792 -0.796125 0.135216 -0.604171 -0.785298 0.124036 -0.316334 -0.940504 0.163409 -0.322529 -0.932348 0.132270 0.000001 -0.991214 0.173085 0.000000 -0.984907 0.124034 0.316337 -0.940503 0.163408 0.322532 -0.932347 0.173085 0.000000 -0.984907 0.132270 0.000001 -0.991214 0.100121 0.596795 -0.796122 0.135215 0.604175 -0.785296 0.062700 0.814851 -0.576269 0.090702 0.821361 -0.563152 0.015169 0.952710 -0.303502 0.034423 0.956657 -0.289177 -0.100877 0.947580 0.303177 -0.018525 0.999776 0.010282 -0.175580 0.804807 0.566972 
						-0.235522 0.584600 0.776384 -0.274025 0.307511 0.911234 -0.287634 -0.000000 0.957740 -0.274025 -0.307512 0.911234 -0.235522 -0.584600 0.776384 -0.175580 -0.804807 0.566972 -0.100877 -0.947581 0.303175 -0.018524 -0.999776 0.010279 0.063551 -0.956501 -0.284721 0.137744 -0.820866 -0.554261 0.196928 -0.604112 -0.772184 0.235246 -0.323935 -0.916365 0.248159 0.000000 -0.968719 0.235247 0.323937 -0.916364 0.248159 0.000000 -0.968719 0.196928 0.604115 -0.772182 0.137743 0.820868 -0.554259 0.063551 0.956502 -0.284718 -0.131791 0.947558 0.291145 -0.031487 0.999500 0.002743 -0.222488 0.804566 0.550611 -0.294690 0.584192 0.756226 -0.341107 0.306993 0.888482 -0.357277 -0.000000 0.933998 -0.341107 -0.306995 0.888482 -0.294690 -0.584192 0.756226 -0.222488 -0.804566 0.550611 -0.131790 -0.947558 0.291143 -0.031486 -0.999500 0.002740 0.069117 -0.955309 -0.287414 0.160405 -0.818439 -0.551750 0.233810 -0.600704 -0.764518 0.282219 -0.320548 -0.904213 0.299501 0.000001 -0.954096 0.282219 0.320551 -0.904212 0.299501 0.000001 -0.954096 0.233810 0.600707 -0.764516 0.160404 0.818440 -0.551748 0.069116 0.955310 -0.287412 -0.152974 0.944860 0.289550 -0.045158 0.998971 0.004144 -0.249618 0.800648 0.544659 -0.326192 0.580351 0.746185 -0.375332 0.304353 0.875497 -0.392187 -0.000000 0.919885 -0.375332 -0.304355 0.875497 -0.326192 -0.580352 0.746184 -0.249619 -0.800648 0.544658 -0.152974 -0.944860 0.289548 -0.045158 -0.998971 0.004141 0.063682 -0.956715 -0.283973 0.163046 -0.821057 -0.547066 0.243511 -0.603039 -0.759635 0.297003 -0.320969 -0.899315 0.316162 0.000002 -0.948705 0.297002 0.320973 -0.899314 0.316162 0.000002 -0.948705 0.243511 0.603042 -0.759634 0.163046 0.821058 -0.547064 0.063681 0.956716 -0.283971 -0.169953 0.948459 0.267471 -0.175024 0.946954 0.269527 -0.053075 0.998522 -0.011715 -0.052178 0.998507 -0.016135 
						-0.276114 0.806399 0.522954 -0.284561 0.803955 0.522189 -0.360385 0.585690 0.726010 -0.371293 0.583160 0.722542 -0.414426 0.307730 0.856477 -0.426906 0.306096 0.850915 -0.433016 -0.000000 0.901386 -0.446035 -0.000001 0.895016 -0.414426 -0.307732 0.856477 -0.426905 -0.306098 0.850915 -0.360383 -0.585691 0.726010 -0.371292 -0.583161 0.722541 -0.276113 -0.806399 0.522954 -0.284560 -0.803955 0.522189 -0.169952 -0.948460 0.267470 -0.175023 -0.946954 0.269526 -0.052177 -0.998507 -0.016137 -0.053074 -0.998522 -0.011717 0.065806 -0.951515 -0.300481 0.069520 -0.953078 -0.294633 0.172854 -0.811613 -0.558037 0.180930 -0.814239 -0.551616 0.258567 -0.591613 -0.763634 0.270371 -0.594282 -0.757448 0.314227 -0.311804 -0.896683 0.328562 -0.313443 -0.890955 0.333566 0.000001 -0.942727 0.348816 0.000001 -0.937191 0.314226 0.311807 -0.896682 0.328561 0.313447 -0.890954 0.348816 0.000001 -0.937191 0.333566 0.000001 -0.942727 0.258567 0.591616 -0.763632 0.270371 0.594285 -0.757446 0.172853 0.811615 -0.558035 0.180929 0.814240 -0.551614 0.065805 0.951516 -0.300478 0.069519 0.953079 -0.294630 -0.182396 0.947457 0.262786 -0.051783 0.998543 -0.015191 -0.299818 0.804437 0.512826 -0.392833 0.583484 0.710795 -0.452466 0.306399 0.837493 -0.473007 -0.000001 0.881058 -0.452465 -0.306401 0.837493 -0.392833 -0.583484 0.710794 -0.299817 -0.804437 0.512826 -0.182396 -0.947458 0.262785 -0.051782 -0.998543 -0.015194 0.079528 -0.952335 -0.294506 0.198743 -0.812589 -0.547906 0.294101 -0.592010 -0.750353 0.355770 -0.311695 -0.881064 0.377069 0.000001 -0.926185 0.355770 0.311698 -0.881063 0.377069 0.000001 -0.926185 0.294100 0.592012 -0.750351 0.198742 0.812590 -0.547904 0.079527 0.952336 -0.294503 -0.193444 0.947767 0.253607 -0.054378 0.998303 -0.020821 -0.318601 0.804990 0.500484 -0.417776 0.584138 0.695878 -0.481369 0.306877 0.821042 
						-0.503266 -0.000001 0.864132 -0.481368 -0.306879 0.821042 -0.417776 -0.584138 0.695877 -0.318602 -0.804990 0.500484 -0.193444 -0.947767 0.253607 -0.054377 -0.998303 -0.020824 0.085221 -0.951304 -0.296240 0.211705 -0.810824 -0.545661 0.312523 -0.590043 -0.744432 0.377404 -0.310477 -0.872451 0.399765 0.000001 -0.916618 0.377405 0.310479 -0.872450 0.399765 0.000001 -0.916618 0.312522 0.590045 -0.744430 0.211704 0.810826 -0.545658 0.085220 0.951305 -0.296238 -0.209379 0.947758 0.240655 -0.062144 0.997625 -0.029703 -0.342006 0.805450 0.484027 -0.447139 0.584772 0.676837 -0.514588 0.307293 0.800481 -0.537820 -0.000001 0.843060 -0.514588 -0.307295 0.800480 -0.447139 -0.584773 0.676836 -0.342006 -0.805450 0.484027 -0.209379 -0.947758 0.240654 -0.062143 -0.997625 -0.029705 0.085347 -0.949888 -0.300713 0.218639 -0.808898 -0.545785 0.324596 -0.588221 -0.740698 0.392711 -0.309427 -0.866045 0.416198 0.000001 -0.909274 0.392711 0.309429 -0.866044 0.416198 0.000001 -0.909274 0.324595 0.588224 -0.740696 0.218637 0.808900 -0.545783 0.085345 0.949889 -0.300711 -0.230310 0.947082 0.223590 -0.075142 0.996283 -0.042107 -0.370251 0.805309 0.463025 -0.481289 0.584906 0.652875 -0.552573 0.307441 0.774689 -0.577135 -0.000002 0.816649 -0.552572 -0.307443 0.774689 -0.481288 -0.584907 0.652875 -0.370250 -0.805309 0.463025 -0.230310 -0.947083 0.223588 -0.075141 -0.996283 -0.042109 0.080082 -0.947974 -0.308109 0.220168 -0.806753 -0.548338 0.331384 -0.586353 -0.739172 0.402813 -0.308336 -0.861784 0.427430 0.000001 -0.904048 0.402813 0.308338 -0.861782 0.427430 0.000001 -0.904048 0.331384 0.586354 -0.739170 0.220167 0.806755 -0.548337 0.080081 0.947975 -0.308106 -0.256134 0.945151 0.202693 -0.092919 0.994015 -0.057448 -0.403418 0.803815 0.437191 -0.520330 0.583894 0.623156 -0.595405 0.306931 0.742486 -0.621278 -0.000001 0.783590 
						-0.595408 -0.306932 0.742484 -0.520332 -0.583895 0.623154 -0.403418 -0.803816 0.437189 -0.256135 -0.945151 0.202691 -0.092917 -0.994015 -0.057451 0.070247 -0.945559 -0.317780 0.217394 -0.804477 -0.552772 0.334139 -0.584561 -0.739351 0.409080 -0.307345 -0.859182 0.434900 0.000002 -0.900479 0.409079 0.307348 -0.859181 0.434900 0.000002 -0.900479 0.334138 0.584563 -0.739350 0.217394 0.804478 -0.552770 0.070246 0.945559 -0.317778 -0.270701 0.943221 0.192498 -0.103581 0.992529 -0.064478 -0.421353 0.801745 0.423870 -0.540824 0.582129 0.607154 -0.617483 0.305911 0.724660 -0.643892 -0.000001 0.765117 -0.617489 -0.305910 0.724656 -0.540829 -0.582129 0.607149 -0.421355 -0.801745 0.423869 -0.270703 -0.943220 0.192497 -0.103579 -0.992529 -0.064480 0.063651 -0.944622 -0.321927 0.214587 -0.804017 -0.554534 0.334414 -0.584407 -0.739348 0.411363 -0.307322 -0.858099 0.437878 0.000002 -0.899034 0.411359 0.307326 -0.858099 0.437878 0.000002 -0.899034 0.334411 0.584411 -0.739347 0.214588 0.804019 -0.554531 0.063650 0.944623 -0.321925 
					</float_array>
					<technique_common>
						<accessor count="420" offset="0" source="#meshId0-normals-array" stride="3">
							<param name="X" type="float" />
							<param name="Y" type="float" />
							<param name="Z" type="float" />
						</accessor>
					</technique_common>
				</source>
				<source id="meshId0-tangents" name="meshId0-tangents">
					<float_array id="meshId0-tangents-array" count="1260"> 
						-0.995561 -0.085001 0.040419 -0.996805 -0.078915 -0.012327 -0.995589 -0.092215 0.017310 -0.991755 -0.105500 0.072749 -0.969660 -0.123796 0.210794 -0.972577 -0.129304 0.193323 -0.963787 -0.127563 0.234185 -0.958746 -0.132044 0.251735 -0.991489 -0.027056 0.127348 -0.993976 -0.059033 0.092343 -0.988609 -0.093623 0.117844 -0.987130 -0.068920 0.144306 -0.999770 -0.021292 0.002511 -0.998173 -0.031139 -0.051775 -0.997668 -0.057851 -0.036208 -0.998301 -0.055988 0.016127 -0.998601 0.051455 0.012198 -0.998209 0.028311 -0.052691 -0.998348 -0.001457 -0.057433 -0.999876 0.015727 0.001087 -0.981278 0.098908 0.165260 -0.993193 0.064238 0.097162 -0.996365 0.024693 0.081524 -0.988414 0.062363 0.138375 -0.996010 0.082137 0.034881 -0.997744 0.055332 -0.038027 -0.960331 0.134950 0.244032 -0.980013 0.118045 0.160127 -0.987523 0.096404 0.124513 -0.971493 0.123886 0.202124 -0.987835 0.115865 0.103716 -0.995732 0.091190 0.014250 -0.996920 0.076989 -0.014947 -0.992304 0.104369 0.066631 -0.978498 0.104382 0.177896 -0.992545 0.092484 0.079373 -0.994229 0.096554 0.046753 -0.983065 0.115743 0.142079 -0.930824 0.090835 0.354000 -0.955067 0.109158 0.275556 -0.962914 0.124078 0.239586 -0.939007 0.116364 0.323613 -0.974589 0.083189 0.207979 -0.990890 0.079302 0.108850 -0.970105 0.020461 0.241820 -0.988517 0.031540 0.147783 -0.989479 0.058333 0.132394 -0.971696 0.054323 0.229903 -0.922237 -0.000000 0.386625 -0.941372 0.032615 0.335790 -0.944069 0.052660 0.325517 -0.922174 0.021633 0.386170 -0.970104 -0.000000 0.242690 -0.988049 0.014584 0.153448 -0.971371 -0.049656 0.232319 -0.988461 -0.028647 0.148742 -0.988089 -0.011496 0.153454 -0.969648 -0.030640 0.242576 -0.974113 -0.079315 0.211691 -0.989377 -0.055914 0.134189 -0.977932 -0.101511 0.182604 -0.990759 -0.077613 0.111236 -0.982451 -0.114048 0.147588 -0.992396 -0.091605 0.082208 
						-0.979518 -0.102262 0.173456 -0.981178 -0.117823 0.152994 -0.991961 0.018559 0.125179 -0.996652 -0.017998 0.079760 -0.949122 0.131923 0.285943 -0.971507 0.127375 0.199877 -0.925114 0.058275 0.375190 -0.948621 0.084538 0.304912 -0.924907 -0.052782 0.376512 -0.941824 -0.021545 0.335416 -0.941873 0.000000 0.335968 -0.921748 -0.032564 0.386420 -0.930389 -0.085204 0.356534 -0.944310 -0.057821 0.323938 -0.938242 -0.110879 0.327732 -0.949048 -0.089484 0.302161 -0.947944 -0.127237 0.291913 -0.955707 -0.113609 0.271508 -0.987229 -0.115489 0.109730 -0.994075 -0.096592 0.049855 -0.996382 -0.067948 -0.051040 -0.997140 -0.070794 -0.026458 -0.995585 -0.058505 -0.073397 -0.994865 -0.043206 -0.091520 -0.994353 -0.023462 -0.103496 -0.994161 -0.001378 -0.107900 -0.994322 0.020786 -0.104363 -0.994803 0.040711 -0.093324 -0.995498 0.056536 -0.076077 -0.996281 0.066823 -0.054391 -0.997037 0.070738 -0.030224 -0.997672 0.067955 -0.005790 -0.998142 0.058608 0.016632 -0.998446 0.043468 0.034860 -0.998612 0.023937 0.046920 -0.998601 0.011604 0.051585 -0.998634 -0.020274 0.048152 -0.998639 -0.007727 0.051587 -0.998492 -0.040375 0.037186 -0.998213 -0.056363 0.019849 -0.997763 -0.066816 -0.002052 -0.991605 -0.053608 -0.117664 -0.993595 -0.055585 -0.098384 -0.989708 -0.046218 -0.135431 -0.988146 -0.034049 -0.149691 -0.987074 -0.018110 -0.159238 -0.986698 -0.000134 -0.162564 -0.987064 0.017804 -0.159336 -0.988120 0.033694 -0.149947 -0.989670 0.045946 -0.135801 -0.991548 0.053416 -0.118237 -0.993521 0.055574 -0.099132 -0.995390 0.052368 -0.080351 -0.996991 0.044251 -0.063653 -0.998208 0.032098 -0.050512 -0.998969 0.017110 -0.042044 -0.999205 0.007831 -0.039079 -0.999004 -0.015978 -0.041662 -0.999214 -0.006699 -0.039079 -0.998267 -0.031242 -0.049868 -0.997065 -0.043697 -0.062859 -0.995470 -0.052116 -0.079523 -0.988462 -0.055034 -0.141114 -0.991005 -0.054684 -0.122138 
						-0.985974 -0.049733 -0.159318 -0.983832 -0.039262 -0.174735 -0.982292 -0.024727 -0.185719 -0.981538 -0.007667 -0.191114 -0.981659 0.010064 -0.190380 -0.982618 0.026574 -0.183729 -0.984281 0.040212 -0.171968 -0.986463 0.049747 -0.156259 -0.988924 0.054278 -0.138141 -0.991403 0.053329 -0.119487 -0.993645 0.047057 -0.102247 -0.995441 0.036304 -0.088198 -0.996652 0.022356 -0.078649 -0.997164 0.013591 -0.074017 -0.997199 -0.009299 -0.074214 -0.997256 -0.000000 -0.074024 -0.996530 -0.024796 -0.079452 -0.995218 -0.038480 -0.089776 -0.993330 -0.048882 -0.104428 0.044348 0.300678 -0.952694 0.098293 0.315106 -0.943953 0.103089 0.012745 -0.994591 0.046101 -0.002160 -0.998934 0.040190 0.578093 -0.814981 0.082435 0.588855 -0.804024 0.030288 0.802208 -0.596275 0.062315 0.808328 -0.585425 0.013663 0.948645 -0.316049 0.031065 0.950517 -0.309115 -0.000620 1.000000 -0.000138 -0.000624 1.000000 -0.000151 -0.015380 0.948736 0.315694 -0.032780 0.950587 0.308722 -0.031142 0.802281 0.596133 -0.063027 0.808375 0.585284 -0.041258 0.578191 0.814858 -0.083754 0.588950 0.803818 -0.045521 0.300764 0.952612 -0.098452 0.315113 0.943934 -0.045999 -0.002167 0.998939 -0.103146 0.012743 0.994585 -0.043086 -0.303880 0.951735 -0.093673 -0.291166 0.952076 -0.035726 -0.578870 0.814637 -0.074836 -0.569507 0.818572 -0.023557 -0.801343 0.597741 -0.047785 -0.795631 0.603893 -0.010925 -0.948201 0.317482 -0.020550 -0.945958 0.323636 0.016431 -0.999863 0.002192 0.019399 -0.999806 0.003409 0.011888 -0.948228 -0.317368 0.022087 -0.946009 -0.323387 -0.020161 -0.999790 -0.003544 -0.015818 -0.999873 -0.002112 0.024826 -0.801392 -0.597624 0.049225 -0.795692 -0.603697 0.036750 -0.578899 -0.814571 0.075989 -0.569542 -0.818442 0.043702 -0.303879 -0.951708 0.094462 -0.291167 -0.951997 0.154158 0.315938 -0.936172 0.159332 0.013104 -0.987138 0.131246 0.589914 -0.796728 
						0.096003 0.808944 -0.579994 0.049892 0.950771 -0.305850 -0.000912 1.000000 -0.000274 -0.051548 0.950836 0.305375 -0.097437 0.809035 0.579628 -0.132252 0.589981 0.796513 -0.154601 0.315958 0.936093 -0.159194 0.013099 0.987160 -0.147836 -0.291173 0.945179 -0.117089 -0.569166 0.813843 -0.072935 -0.794451 0.602933 -0.023170 -0.944426 0.327906 0.043612 -0.998986 0.011172 0.024734 -0.944514 -0.327539 -0.042693 -0.999028 -0.010937 0.074394 -0.794541 -0.602636 0.118175 -0.569216 -0.813651 0.148341 -0.291179 -0.945098 0.219949 0.314338 -0.923479 0.228707 0.009876 -0.973445 0.187716 0.589552 -0.785615 0.137970 0.809088 -0.571263 0.071660 0.950911 -0.301053 -0.001158 0.999999 -0.000443 -0.073185 0.950973 0.300490 -0.140062 0.809227 0.570556 -0.188327 0.589597 0.785435 -0.220660 0.314379 0.923296 -0.228651 0.009871 0.973458 -0.212024 -0.295588 0.931490 -0.173834 -0.573675 0.800424 -0.116214 -0.797942 0.591425 -0.051804 -0.946244 0.319279 0.030999 -0.999472 0.009730 0.053400 -0.946313 -0.318809 -0.026987 -0.999600 -0.008473 0.117340 -0.797997 -0.591128 0.174861 -0.573707 -0.800177 0.212581 -0.295587 -0.931363 0.275227 0.322140 -0.905801 0.289002 0.017035 -0.957177 0.235928 0.595799 -0.767699 0.171587 0.812597 -0.556995 0.088611 0.952009 -0.292963 -0.001120 0.999999 -0.000477 -0.090060 0.952058 0.292361 -0.173507 0.812706 0.556242 -0.236643 0.595847 0.767441 -0.275056 0.322128 0.905858 -0.289373 0.017048 0.957065 -0.273344 -0.290390 0.917037 -0.228064 -0.570833 0.788756 -0.161779 -0.797494 0.581233 -0.082001 -0.946907 0.310874 0.013421 -0.999900 0.004471 0.084138 -0.946945 -0.310186 -0.009530 -0.999950 -0.003178 0.162807 -0.797511 -0.580921 0.229295 -0.570836 -0.788397 0.274451 -0.290365 -0.916714 0.296337 0.308046 -0.904042 0.336172 0.314779 -0.887639 0.352735 0.007772 -0.935691 0.310712 0.000878 -0.950504 
						0.254825 0.586056 -0.769157 0.286912 0.591163 -0.753796 0.185830 0.807787 -0.559417 0.207572 0.810605 -0.547570 0.096470 0.950650 -0.294886 0.107515 0.951476 -0.288330 -0.000969 0.999999 -0.000465 -0.000927 0.999999 -0.000461 -0.097852 0.950709 0.294241 -0.109042 0.951528 0.287585 -0.187559 0.807911 0.558660 -0.208790 0.810675 0.547003 -0.256176 0.586170 0.768621 -0.288175 0.591251 0.753245 -0.297150 0.308108 0.903754 -0.336748 0.314818 0.887406 -0.310563 0.000866 0.950552 -0.352534 0.007757 0.935767 -0.293224 -0.306278 0.905656 -0.334328 -0.300527 0.893257 -0.244785 -0.584188 0.773825 -0.283162 -0.580250 0.763629 -0.174014 -0.806112 0.565600 -0.204091 -0.804248 0.558150 -0.089442 -0.950047 0.299017 -0.106600 -0.949605 0.294766 0.009562 -0.999949 0.003382 0.001281 -0.999999 0.000475 0.091093 -0.950068 -0.298449 0.108527 -0.949606 -0.294059 0.001010 -0.999999 0.000375 -0.006722 -0.999975 -0.002380 0.175583 -0.806130 -0.565088 0.205451 -0.804240 -0.557663 0.245368 -0.584184 -0.773643 0.284068 -0.580231 -0.763307 0.293246 -0.306275 -0.905650 0.334738 -0.300508 -0.893110 0.376021 0.314170 -0.871725 0.395326 0.006528 -0.918517 0.319051 0.591153 -0.740773 0.230785 0.810746 -0.537986 0.120635 0.951520 -0.282942 -0.000876 1.000000 -0.000469 -0.122292 0.951569 0.282067 -0.231887 0.810804 0.537424 -0.320058 0.591217 0.740287 -0.376581 0.314205 0.871471 -0.395347 0.006526 0.918509 -0.375467 -0.302301 0.876150 -0.318808 -0.582255 0.747890 -0.231675 -0.805817 0.544964 -0.121736 -0.950168 0.286985 -0.001896 -0.999998 -0.000774 0.123646 -0.950155 -0.286213 0.003639 -0.999992 0.001480 0.233038 -0.805794 -0.544416 0.319783 -0.582226 -0.747497 0.375977 -0.302275 -0.875940 0.410290 0.312949 -0.856578 0.432076 0.004727 -0.901825 0.348478 0.590495 -0.727928 0.252587 0.810402 -0.528629 0.132302 0.951415 -0.278039 
						-0.000835 1.000000 -0.000485 -0.133882 0.951459 0.277131 -0.253909 0.810469 0.527893 -0.349276 0.590547 0.727503 -0.410771 0.312981 0.856335 -0.432061 0.004723 0.901832 -0.411137 -0.304404 0.859247 -0.349904 -0.584189 0.732319 -0.254141 -0.807055 0.532987 -0.133329 -0.950524 0.280585 -0.004316 -0.999989 -0.001884 0.134921 -0.950503 -0.279892 0.005959 -0.999979 0.002597 0.255631 -0.807015 -0.532334 0.350872 -0.584148 -0.731888 0.411660 -0.304373 -0.859007 0.441423 0.311219 -0.841599 0.464690 0.002583 -0.885470 0.375048 0.589283 -0.715601 0.272081 0.809759 -0.519868 0.142582 0.951243 -0.273510 -0.000812 1.000000 -0.000517 -0.144119 0.951289 0.272542 -0.273367 0.809830 0.519081 -0.375950 0.589349 0.715072 -0.441851 0.311252 0.841362 -0.464607 0.002574 0.885513 -0.441923 -0.306592 0.843034 -0.375922 -0.585968 0.717860 -0.272983 -0.808037 0.522069 -0.143151 -0.950788 0.274792 -0.006959 -0.999971 -0.003187 0.144702 -0.950758 -0.274081 0.008580 -0.999956 0.003926 0.274327 -0.807986 -0.521444 0.376934 -0.585911 -0.717376 0.442502 -0.306549 -0.842745 0.469576 0.309408 -0.826901 0.494045 0.000517 -0.869436 0.399162 0.588009 -0.703502 0.289689 0.809099 -0.511312 0.151865 0.951060 -0.269112 -0.000821 1.000000 -0.000578 -0.153418 0.951117 0.268030 -0.290989 0.809186 0.510433 -0.400076 0.588091 0.702914 -0.470012 0.309450 0.826638 -0.493960 0.000505 0.869484 -0.469576 -0.308533 0.827228 -0.399229 -0.587420 0.703956 -0.289778 -0.808826 0.511693 -0.151924 -0.951012 0.269248 -0.009907 -0.999940 -0.004686 0.153516 -0.950970 -0.268493 0.011571 -0.999918 0.005469 0.291155 -0.808755 -0.511023 0.400265 -0.587344 -0.703431 0.470169 -0.308477 -0.826912 0.495514 0.308421 -0.811999 0.521176 -0.000605 -0.853449 0.421329 0.587313 -0.691046 0.305861 0.808736 -0.502390 0.160413 0.950958 -0.264474 -0.000766 1.000000 -0.000606 
						-0.161868 0.951027 0.263337 -0.307095 0.808843 0.501463 -0.422212 0.587414 0.690421 -0.495956 0.308477 0.811708 -0.521126 -0.000616 0.853480 -0.495287 -0.309587 0.811694 -0.420993 -0.588212 0.690487 -0.305528 -0.809257 0.501753 -0.160190 -0.951136 0.263968 -0.013199 -0.999893 -0.006376 0.161736 -0.951083 -0.263217 0.014818 -0.999865 0.007155 0.306853 -0.809168 -0.501087 0.421974 -0.588118 -0.689968 0.495828 -0.309522 -0.811388 0.505707 0.309483 -0.805283 0.532121 0.000530 -0.846668 0.429828 0.588104 -0.685115 0.311944 0.809161 -0.497945 0.163601 0.951076 -0.262087 -0.000705 1.000000 -0.000593 -0.164936 0.951150 0.260980 -0.313064 0.809275 0.497057 -0.430610 0.588207 0.684534 -0.506067 0.309536 0.805036 -0.532015 0.000512 0.846735 -0.505875 -0.308606 0.805514 -0.430173 -0.587528 0.685392 -0.312302 -0.808907 0.498133 -0.163803 -0.951042 0.262084 -0.014591 -0.999868 -0.007109 0.165278 -0.950985 -0.261362 0.016130 -0.999839 0.007854 0.313580 -0.808812 -0.497485 0.431141 -0.587424 -0.684872 0.506441 -0.308530 -0.805187 
					</float_array>
					<technique_common>
						<accessor count="420" offset="0" source="#meshId0-tangents-array" stride="3">
							<param name="X" type="float" />
							<param name="Y" type="float" />
							<param name="Z" type="float" />
						</accessor>
					</technique_common>
				</source>
				<source id="meshId0-bitangents" name="meshId0-bitangents">
					<float_array id="meshId0-bitangents-array" count="1260"> 
						0.083135 -0.592793 0.801052 0.036900 -0.591884 0.805178 0.045863 -0.317355 0.947197 0.102875 -0.316908 0.942861 0.239575 -0.309767 0.920135 0.224958 -0.311948 0.923083 0.236499 -0.003086 0.971627 0.253829 0.001010 0.967249 0.064445 -0.951916 0.299505 0.084173 -0.950776 0.298227 0.144484 -0.809632 0.568876 0.139698 -0.810833 0.568361 0.021041 -0.951912 0.305649 0.013712 -0.951347 0.307816 0.025755 -0.810448 0.585243 0.054911 -0.811567 0.581673 -0.052721 -0.950758 -0.305418 -0.010745 -0.951435 -0.307662 0.001455 -0.999999 0.000083 -0.015727 -0.999876 0.000016 -0.176168 -0.807723 -0.562626 -0.108583 -0.812492 -0.572771 -0.048259 -0.952287 -0.301365 -0.101195 -0.950256 -0.294573 -0.087085 -0.809339 -0.580850 -0.022654 -0.810624 -0.585129 -0.274591 -0.305071 -0.911883 -0.189968 -0.316379 -0.929417 -0.157457 -0.593568 -0.789230 -0.236021 -0.585511 -0.775546 -0.135433 -0.313265 -0.939959 -0.042647 -0.317650 -0.947249 -0.033657 -0.592137 -0.805134 -0.115694 -0.589692 -0.799298 -0.139044 0.303228 -0.942719 -0.048736 0.295734 -0.954026 -0.048172 -0.012412 -0.998762 -0.143719 -0.005903 -0.989601 -0.234845 0.593509 -0.769802 -0.162948 0.583215 -0.795806 -0.193231 0.302604 -0.933323 -0.273996 0.315535 -0.908495 -0.121555 0.583470 -0.802986 -0.043445 0.576806 -0.815725 -0.056104 0.950538 -0.305500 -0.016792 0.948992 -0.314853 -0.032427 0.802411 -0.595890 -0.092985 0.806690 -0.583614 0.000000 1.000000 0.000001 0.030720 0.999468 -0.010954 -0.053156 0.949952 -0.307841 -0.098603 0.952295 -0.288812 0.000001 1.000000 0.000004 0.014411 0.999894 -0.002234 0.026272 0.949459 0.312788 0.019805 0.949082 0.314405 -0.011359 0.999934 0.001768 -0.029723 0.999530 0.007440 0.062803 0.804617 0.590463 0.035409 0.802583 0.595489 0.090822 0.580561 0.809135 0.046345 0.577034 0.815404 0.107609 0.299723 0.947938 0.051686 0.296005 0.953787 
						0.200121 -0.589673 0.782456 0.193093 -0.589690 0.784207 -0.018413 -0.999828 0.002323 0.017940 -0.999838 -0.001437 -0.287732 0.005703 -0.957694 -0.202464 -0.007567 -0.979261 -0.174351 0.812611 -0.556116 -0.114655 0.806320 -0.580260 0.068376 0.951076 0.301295 0.084022 0.951166 0.297025 0.000001 1.000000 0.000003 -0.030031 0.999470 0.012591 0.143563 0.810228 0.568261 0.145969 0.808675 0.569858 0.203194 0.590088 0.781351 0.194973 0.586553 0.786092 0.241268 0.311306 0.919173 0.226198 0.306686 0.924542 0.111582 -0.009678 0.993708 0.051260 -0.012115 0.998612 -0.026873 -0.317860 0.947757 -0.025490 -0.014544 0.999569 -0.024659 -0.591467 0.805952 -0.018757 -0.809911 0.586253 -0.009671 -0.951161 0.308544 0.001370 -0.999999 0.000148 0.012469 -0.951223 -0.308253 0.021821 -0.810040 -0.585969 0.027972 -0.591657 -0.805705 0.030396 -0.318097 -0.947571 0.029247 -0.014808 -0.999462 0.025400 0.291430 -0.956255 0.019931 0.572122 -0.819926 0.013806 0.799120 -0.601013 0.007730 0.947734 -0.318968 0.011588 0.999933 -0.000595 -0.003871 0.947818 0.318788 -0.007717 0.999970 0.000402 -0.009941 0.799281 0.600875 -0.016015 0.572346 0.819856 -0.021500 0.291691 0.956271 -0.094830 -0.317096 0.943640 -0.097732 -0.014331 0.995110 -0.082258 -0.590677 0.802705 -0.060596 -0.809406 0.584114 -0.032143 -0.951035 0.307407 0.000132 -1.000000 0.000020 0.032460 -0.951041 -0.307357 0.061028 -0.809422 -0.584048 0.082714 -0.590697 -0.802643 0.095432 -0.317127 -0.943569 0.098479 -0.014370 -0.995035 0.092176 0.290861 -0.952315 0.077523 0.570915 -0.817341 0.056025 0.797986 -0.600067 0.029654 0.947260 -0.319091 0.007825 0.999969 0.000309 -0.028460 0.947279 0.319144 -0.006694 0.999978 -0.000259 -0.054954 0.798018 0.600122 -0.076555 0.570956 0.817404 -0.091311 0.290904 0.952385 -0.115731 -0.326618 0.938044 -0.120941 -0.024701 0.992352 
						-0.098442 -0.597553 0.795764 -0.070191 -0.813083 0.577901 -0.033528 -0.952053 0.304090 0.007526 -0.999971 0.001463 0.048650 -0.952321 -0.301195 0.085530 -0.813598 -0.575103 0.114129 -0.598268 -0.793126 0.131694 -0.327463 -0.935641 0.136922 -0.025578 -0.990251 0.129715 0.280713 -0.950986 0.110928 0.563363 -0.818729 0.082347 0.793701 -0.602708 0.046540 0.945978 -0.320873 0.013554 0.999908 0.001008 -0.032782 0.946196 0.321930 -0.000000 1.000000 0.000002 -0.067911 0.794143 0.603925 -0.095795 0.564011 0.820192 -0.114016 0.281519 0.952758 -0.994763 -0.074608 -0.069853 -0.990970 -0.055937 -0.121861 -0.994274 -0.026981 -0.103402 -0.998213 -0.038172 -0.045986 -0.989079 -0.092732 -0.114553 -0.985432 -0.072261 -0.153958 -0.982824 -0.084745 -0.163936 -0.978812 -0.065136 -0.194125 -0.977957 -0.053187 -0.201922 -0.973844 -0.040861 -0.223513 -0.976050 -0.000635 -0.217547 -0.971848 -0.000642 -0.235607 -0.977931 0.051521 -0.202476 -0.973788 0.039187 -0.224057 -0.982798 0.084048 -0.164454 -0.978766 0.064548 -0.194551 -0.989036 0.092108 -0.115433 -0.985320 0.071473 -0.155033 -0.994710 0.074253 -0.070976 -0.990954 0.055886 -0.122013 -0.998217 0.038171 -0.045883 -0.994268 0.026981 -0.103459 -0.998956 -0.001361 -0.045659 -0.995008 -0.005685 -0.099636 -0.997393 -0.030490 -0.065407 -0.993062 -0.032103 -0.113123 -0.994696 -0.041094 -0.094291 -0.989663 -0.044131 -0.136452 -0.992218 -0.029104 -0.121067 -0.986344 -0.033725 -0.161206 -0.991077 -0.016576 -0.132252 -0.984716 -0.019696 -0.173051 -0.992207 0.028183 -0.121373 -0.986311 0.032251 -0.161710 -0.984701 0.020470 -0.173048 -0.991087 0.015958 -0.132254 -0.994665 0.040071 -0.095052 -0.989593 0.042973 -0.137331 -0.997356 0.029896 -0.066243 -0.992975 0.031441 -0.114073 -0.998929 0.001173 -0.046245 -0.994933 0.005454 -0.100391 -0.982883 -0.047701 -0.177948 -0.987051 -0.016648 -0.159539 -0.975677 -0.065477 -0.209205 
						-0.967116 -0.062066 -0.246648 -0.960427 -0.038348 -0.275878 -0.957740 -0.000952 -0.287634 -0.960340 0.036708 -0.276405 -0.966972 0.060867 -0.247507 -0.975541 0.064868 -0.210026 -0.982814 0.047559 -0.178369 -0.987074 0.016650 -0.159401 -0.986968 -0.017976 -0.159909 -0.983523 -0.047204 -0.174514 -0.977701 -0.062415 -0.200510 -0.971660 -0.055907 -0.229678 -0.967737 -0.045020 -0.247907 -0.971621 0.054388 -0.230206 -0.967778 0.044072 -0.247918 -0.977591 0.061230 -0.201410 -0.983393 0.046576 -0.175411 -0.986892 0.017826 -0.160394 -0.966568 -0.057669 -0.249841 -0.972986 -0.030024 -0.228903 -0.956693 -0.071432 -0.282198 -0.945580 -0.064009 -0.319031 -0.937289 -0.039023 -0.346362 -0.933998 -0.001239 -0.357277 -0.937171 0.037476 -0.346851 -0.945273 0.062218 -0.320294 -0.956573 0.071055 -0.282700 -0.966406 0.057438 -0.250520 -0.972999 0.030024 -0.228847 -0.974817 -0.003443 -0.222979 -0.971623 -0.032479 -0.234293 -0.965312 -0.049433 -0.256377 -0.957950 -0.043265 -0.283654 -0.953592 -0.032490 -0.299342 -0.957863 0.041689 -0.284185 -0.953714 0.028286 -0.299381 -0.965176 0.048503 -0.257066 -0.971439 0.031873 -0.235139 -0.974696 0.003274 -0.223510 -0.949131 -0.058873 -0.309330 -0.956263 -0.042027 -0.289474 -0.939164 -0.063131 -0.337618 -0.929600 -0.053652 -0.364643 -0.922645 -0.032380 -0.384288 -0.919885 -0.001217 -0.392187 -0.922505 0.030885 -0.384748 -0.929244 0.051973 -0.365793 -0.938984 0.062678 -0.338203 -0.949180 0.058931 -0.309166 -0.956151 0.042020 -0.289845 -0.959806 0.019224 -0.280005 -0.959897 -0.003837 -0.280325 -0.956311 -0.018644 -0.291758 -0.951349 -0.018585 -0.307554 -0.948610 -0.014146 -0.316130 -0.951163 0.016459 -0.308251 -0.948657 0.010046 -0.316146 -0.956136 0.017787 -0.292383 -0.959604 0.003106 -0.281337 -0.959490 -0.019559 -0.281063 -0.939841 -0.074383 -0.333417 -0.925394 -0.064750 -0.373434 -0.934217 -0.053794 -0.352626 -0.949071 -0.054608 -0.310295 
						-0.926728 -0.079114 -0.367309 -0.914717 -0.064679 -0.398886 -0.914106 -0.066691 -0.399953 -0.905017 -0.053329 -0.422019 -0.904955 -0.039584 -0.423661 -0.897882 -0.031604 -0.439101 -0.901386 -0.001075 -0.433016 -0.895015 -0.001035 -0.446034 -0.904807 0.038134 -0.424110 -0.897698 0.029986 -0.439589 -0.913753 0.065162 -0.401009 -0.904737 0.052239 -0.422755 -0.926356 0.078258 -0.368430 -0.914320 0.063862 -0.399927 -0.939584 0.074116 -0.334198 -0.925185 0.064554 -0.373986 -0.949120 0.054608 -0.310145 -0.934293 0.053796 -0.352424 -0.953776 0.028510 -0.299162 -0.939889 0.036405 -0.339534 -0.954045 0.002840 -0.299650 -0.941851 0.018034 -0.335546 -0.950191 -0.013363 -0.311383 -0.940875 0.003681 -0.338733 -0.945125 -0.013758 -0.326419 -0.938447 -0.001873 -0.345417 -0.942678 -0.010143 -0.333549 -0.937190 -0.001366 -0.348816 -0.944968 0.012099 -0.326940 -0.938227 -0.000076 -0.346021 -0.937191 -0.001077 -0.348816 -0.942703 0.007130 -0.333557 -0.949902 0.012032 -0.312316 -0.940579 -0.004842 -0.339539 -0.953895 -0.003197 -0.300122 -0.941578 -0.018591 -0.336281 -0.953770 -0.028517 -0.299183 -0.939743 -0.036536 -0.339923 -0.908482 -0.060186 -0.413568 -0.917080 -0.053569 -0.395088 -0.899064 -0.058479 -0.433894 -0.890180 -0.047298 -0.453147 -0.883585 -0.026991 -0.467493 -0.881058 -0.000993 -0.473007 -0.883357 0.025207 -0.468022 -0.889894 0.046294 -0.453813 -0.898706 0.057817 -0.434724 -0.908250 0.059993 -0.414105 -0.917071 0.053569 -0.395109 -0.923418 0.040898 -0.381611 -0.926748 0.026039 -0.374779 -0.927271 0.013563 -0.374145 -0.926611 0.005156 -0.375985 -0.926183 0.002048 -0.377068 -0.926358 -0.007114 -0.376577 -0.926178 -0.003929 -0.377066 -0.926930 -0.014748 -0.374945 -0.926413 -0.026651 -0.375565 -0.923210 -0.041065 -0.382095 -0.891202 -0.061648 -0.449397 -0.900196 -0.058036 -0.431599 -0.881508 -0.057511 -0.468653 -0.872733 -0.045079 -0.486112 -0.866476 -0.025213 -0.498582 
						-0.864131 -0.000965 -0.503266 -0.866233 0.023479 -0.499088 -0.872349 0.043852 -0.486912 -0.881192 0.056977 -0.469313 -0.890981 0.061479 -0.449860 -0.900203 0.058036 -0.431585 -0.907581 0.048569 -0.417057 -0.912550 0.035893 -0.407386 -0.915282 0.022620 -0.402177 -0.916400 0.010428 -0.400127 -0.916607 0.004710 -0.399761 -0.916167 -0.012080 -0.400615 -0.916598 -0.006500 -0.399757 -0.914868 -0.023933 -0.403044 -0.912179 -0.036513 -0.408163 -0.907344 -0.048744 -0.417553 -0.872529 -0.069983 -0.483525 -0.883290 -0.068829 -0.463747 -0.861610 -0.063206 -0.503620 -0.852079 -0.048299 -0.521180 -0.845500 -0.026611 -0.533313 -0.843059 -0.000962 -0.537820 -0.845239 0.024882 -0.533809 -0.851667 0.047077 -0.521965 -0.861216 0.062589 -0.504370 -0.872312 0.069830 -0.483937 -0.883334 0.068829 -0.463663 -0.892984 0.060942 -0.445944 -0.900488 0.048221 -0.432198 -0.905604 0.032736 -0.422860 -0.908452 0.016061 -0.417680 -0.909248 0.007654 -0.416185 -0.908207 -0.017684 -0.418148 -0.909234 -0.009435 -0.416179 -0.905198 -0.033935 -0.423634 -0.900066 -0.048879 -0.433004 -0.892697 -0.061141 -0.446490 -0.852324 -0.085451 -0.515987 -0.866183 -0.086134 -0.492248 -0.838799 -0.075651 -0.539159 -0.827310 -0.056958 -0.558851 -0.819512 -0.031055 -0.572219 -0.816649 -0.001004 -0.577134 -0.819223 0.029254 -0.572728 -0.826854 0.055686 -0.559653 -0.838364 0.075009 -0.539926 -0.852084 0.085293 -0.516409 -0.866232 0.086134 -0.492162 -0.879253 0.078434 -0.469854 -0.890024 0.063924 -0.451410 -0.897894 0.044629 -0.437944 -0.902586 0.022469 -0.429923 -0.903994 0.010959 -0.427404 -0.902316 -0.024145 -0.430398 -0.903974 -0.012798 -0.427395 -0.897448 -0.045869 -0.438729 -0.889559 -0.064608 -0.452229 -0.878936 -0.078642 -0.470411 -0.829977 -0.107544 -0.547333 -0.848376 -0.109242 -0.518000 -0.812241 -0.094579 -0.575603 -0.797311 -0.070809 -0.599400 -0.787249 -0.038365 -0.615441 -0.783590 -0.000976 -0.621278 
						-0.786949 0.036609 -0.615931 -0.796836 0.069560 -0.600178 -0.811783 0.093942 -0.576354 -0.829712 0.107381 -0.547765 -0.848407 0.109242 -0.517950 -0.865885 0.100373 -0.490071 -0.880627 0.082606 -0.466553 -0.891630 0.058237 -0.449004 -0.898328 0.029648 -0.438324 -0.900382 0.014658 -0.434853 -0.898051 -0.031284 -0.438777 -0.900357 -0.016455 -0.434841 -0.891175 -0.059440 -0.449749 -0.880158 -0.083259 -0.467322 -0.865575 -0.100566 -0.490578 -0.819134 -0.120643 -0.560771 -0.840308 -0.122009 -0.528200 -0.798567 -0.106484 -0.592412 -0.781153 -0.079903 -0.619205 -0.769382 -0.043279 -0.637321 -0.765116 -0.000921 -0.643891 -0.769092 0.041631 -0.637780 -0.780701 0.078746 -0.619923 -0.798144 0.105910 -0.593084 -0.818912 0.120509 -0.561125 -0.840376 0.122008 -0.528094 -0.860255 0.111583 -0.497504 -0.876872 0.091470 -0.471942 -0.889177 0.064317 -0.453021 -0.896632 0.032748 -0.441564 -0.898916 0.016230 -0.437820 -0.896363 -0.034311 -0.441990 -0.898890 -0.017941 -0.437808 -0.888728 -0.065480 -0.453735 -0.876396 -0.092116 -0.472700 -0.859922 -0.111786 -0.498034 
					</float_array>
					<technique_common>
						<accessor count="420" offset="0" source="#meshId0-bitangents-array" stride="3">
							<param name="X" type="float" />
							<param name="Y" type="float" />
							<param name="Z" type="float" />
						</accessor>
					</technique_common>
				</source>
				<source id="meshId0-tex0" name="meshId0-tex0">
					<float_array id="meshId0-tex0-array" count="840"> 
						0.319977 0.751368 0.272703 0.751368 0.272703 0.736982 0.319977 0.736981 0.396911 0.736981 0.363961 0.736981 0.363961 0.722574 0.396911 0.722574 0.396911 0.780046 0.363961 0.780046 0.363961 0.765720 0.396911 0.765720 0.319977 0.780046 0.272703 0.780046 0.272703 0.765720 0.319977 0.765720 0.319977 0.808649 0.272703 0.808649 0.272703 0.794351 0.319977 0.794351 0.396911 0.822955 0.363961 0.822955 0.363961 0.808649 0.396911 0.808649 0.319977 0.822955 0.272703 0.822955 0.396911 0.851622 0.363961 0.851622 0.363961 0.837277 0.396911 0.837277 0.319977 0.851622 0.272703 0.851622 0.272703 0.837277 0.319977 0.837277 0.319977 0.880336 0.272703 0.880336 0.272703 0.865982 0.319977 0.865982 0.396911 0.894664 0.363961 0.894664 0.363961 0.880336 0.396911 0.880336 0.319977 0.894664 0.272703 0.894664 0.319977 0.923209 0.272703 0.923209 0.272703 0.908956 0.319977 0.908956 0.396911 0.937436 0.363961 0.937436 0.363961 0.923209 0.396911 0.923209 0.319977 0.937436 0.272703 0.937436 0.319977 0.665125 0.272703 0.665125 0.272703 0.650842 0.319977 0.650843 0.319977 0.679434 0.272703 0.679434 0.319977 0.693783 0.272703 0.693783 0.319977 0.708167 0.272703 0.708167 
						0.396911 0.751368 0.363961 0.751368 0.396911 0.794351 0.363961 0.794351 0.396911 0.865982 0.363961 0.865982 0.396911 0.908956 0.363961 0.908956 0.396911 0.665125 0.363961 0.665125 0.363961 0.650842 0.396911 0.650842 0.396911 0.679434 0.363961 0.679434 0.396911 0.693783 0.363961 0.693783 0.396911 0.708167 0.363961 0.708167 0.319977 0.722574 0.272703 0.722574 0.220002 0.736982 0.220002 0.722574 0.220002 0.751368 0.220002 0.765720 0.220002 0.780046 0.220002 0.794351 0.220002 0.808649 0.220002 0.822955 0.220002 0.837277 0.220002 0.851622 0.220002 0.865982 0.220002 0.880336 0.220002 0.894664 0.220002 0.908956 0.220002 0.923209 0.220002 0.937436 0.220002 0.665125 0.220002 0.650843 0.220002 0.679434 0.220002 0.693783 0.220002 0.708167 0.144130 0.736982 0.144130 0.722574 0.144130 0.751368 0.144130 0.765720 0.144130 0.780046 0.144130 0.794351 0.144130 0.808649 0.144130 0.822955 0.144130 0.837277 0.144130 0.851622 0.144130 0.865982 0.144130 0.880336 0.144130 0.894664 0.144130 0.908956 0.144130 0.923209 0.144130 0.937436 0.144130 0.665125 0.144130 0.650843 0.144130 0.679434 0.144130 0.693783 0.144130 0.708167 0.073765 0.736982 0.073765 0.722574 
						0.073765 0.751368 0.073765 0.765720 0.073765 0.780046 0.073765 0.794351 0.073765 0.808649 0.073765 0.822955 0.073765 0.837277 0.073765 0.851622 0.073765 0.865982 0.073765 0.880336 0.073765 0.894664 0.073765 0.908956 0.073765 0.923209 0.073765 0.937436 0.073765 0.665125 0.073765 0.650843 0.073765 0.679434 0.073765 0.693783 0.073765 0.708167 0.298790 0.642019 0.298790 0.557906 0.319918 0.557906 0.319918 0.642019 0.277833 0.642019 0.277833 0.557906 0.257047 0.642019 0.257047 0.557906 0.236388 0.642019 0.236388 0.557906 0.215794 0.642019 0.215794 0.557906 0.195026 0.642019 0.195026 0.557906 0.174367 0.642019 0.174367 0.557906 0.153594 0.642019 0.153594 0.557906 0.132689 0.642019 0.132689 0.557906 0.111582 0.642019 0.111582 0.557906 0.090283 0.642019 0.090283 0.557906 0.068879 0.642019 0.068879 0.557906 0.047425 0.642019 0.047425 0.557906 0.025973 0.642019 0.025973 0.557906 0.004549 0.642019 0.004549 0.557906 0.405412 0.642019 0.405412 0.557906 0.426813 0.557906 0.426813 0.642019 0.383986 0.642019 0.383986 0.557906 0.362561 0.642019 0.362561 0.557906 0.341187 0.642019 0.341187 0.557906 0.298790 0.477833 0.319918 0.477833 0.277833 0.477833 
						0.257047 0.477833 0.236388 0.477833 0.215794 0.477833 0.195026 0.477833 0.174367 0.477833 0.153594 0.477833 0.132689 0.477833 0.111582 0.477833 0.090283 0.477833 0.068879 0.477833 0.047425 0.477833 0.025973 0.477833 0.004549 0.477833 0.405412 0.477833 0.426813 0.477833 0.383986 0.477833 0.362561 0.477833 0.341187 0.477833 0.298790 0.402042 0.319918 0.402042 0.277833 0.402042 0.257047 0.402042 0.236388 0.402042 0.215794 0.402042 0.195026 0.402042 0.174367 0.402042 0.153594 0.402042 0.132689 0.402042 0.111582 0.402042 0.090283 0.402042 0.068879 0.402042 0.047425 0.402042 0.025973 0.402042 0.004549 0.402042 0.405412 0.402042 0.426813 0.402042 0.383986 0.402042 0.362561 0.402042 0.341187 0.402042 0.298790 0.330147 0.319918 0.330147 0.277833 0.330147 0.257047 0.330147 0.236388 0.330147 0.215794 0.330147 0.195026 0.330147 0.174367 0.330147 0.153594 0.330147 0.132689 0.330147 0.111582 0.330147 0.090283 0.330147 0.068879 0.330147 0.047425 0.330147 0.025973 0.330147 0.004549 0.330147 0.405412 0.330147 0.426813 0.330147 0.383986 0.330147 0.362561 0.330147 0.341187 0.330147 0.369973 0.321447 0.369973 0.262639 0.396081 0.262639 0.396081 0.321447 
						0.343824 0.321447 0.343824 0.262639 0.317622 0.321447 0.317622 0.262639 0.291361 0.321447 0.291361 0.262639 0.265034 0.321447 0.265034 0.262639 0.238707 0.321447 0.238707 0.262639 0.212445 0.321447 0.212445 0.262639 0.186243 0.321447 0.186243 0.262639 0.160094 0.321447 0.160094 0.262639 0.133987 0.321447 0.133987 0.262639 0.107910 0.321447 0.107910 0.262639 0.081861 0.321447 0.081861 0.262639 0.055840 0.321447 0.055840 0.262639 0.029847 0.321447 0.029847 0.262639 0.003906 0.321447 0.003906 0.262639 0.500220 0.321447 0.500220 0.262639 0.526161 0.262639 0.526161 0.321447 0.474228 0.321447 0.474228 0.262639 0.448207 0.321447 0.448207 0.262639 0.422158 0.321447 0.422158 0.262639 0.369973 0.206744 0.396081 0.206744 0.343824 0.206744 0.317622 0.206744 0.291361 0.206744 0.265034 0.206744 0.238707 0.206744 0.212445 0.206744 0.186243 0.206744 0.160094 0.206744 0.133987 0.206744 0.107910 0.206744 0.081861 0.206744 0.055840 0.206744 0.029847 0.206744 0.003906 0.206744 0.500220 0.206744 0.526161 0.206744 0.474228 0.206744 0.448207 0.206744 0.422158 0.206744 0.369973 0.154607 0.396081 0.154607 0.343824 0.154607 0.317622 0.154607 0.291361 0.154607 
						0.265034 0.154607 0.238707 0.154607 0.212445 0.154607 0.186243 0.154607 0.160094 0.154607 0.133987 0.154607 0.107910 0.154607 0.081861 0.154607 0.055840 0.154607 0.029847 0.154607 0.003906 0.154607 0.500220 0.154607 0.526161 0.154607 0.474228 0.154607 0.448207 0.154607 0.422158 0.154607 0.369973 0.106645 0.396081 0.106645 0.343824 0.106645 0.317622 0.106645 0.291361 0.106645 0.265034 0.106645 0.238707 0.106645 0.212445 0.106645 0.186243 0.106645 0.160094 0.106645 0.133987 0.106645 0.107910 0.106645 0.081861 0.106645 0.055840 0.106645 0.029847 0.106645 0.003906 0.106645 0.500220 0.106645 0.526161 0.106645 0.474228 0.106645 0.448207 0.106645 0.422158 0.106645 0.369973 0.062940 0.396081 0.062940 0.343824 0.062940 0.317622 0.062940 0.291361 0.062940 0.265034 0.062940 0.238707 0.062940 0.212445 0.062940 0.186243 0.062940 0.160094 0.062940 0.133987 0.062940 0.107910 0.062940 0.081861 0.062940 0.055840 0.062940 0.029847 0.062940 0.003906 0.062940 0.500220 0.062940 0.526161 0.062940 0.474228 0.062940 0.448207 0.062940 0.422158 0.062940 0.369973 0.023352 0.396081 0.023352 0.343824 0.023352 0.317622 0.023352 0.291361 0.023352 0.265034 0.023352 
						0.238707 0.023352 0.212445 0.023352 0.186243 0.023352 0.160094 0.023352 0.133987 0.023352 0.107910 0.023352 0.081861 0.023352 0.055840 0.023352 0.029847 0.023352 0.003906 0.023352 0.500220 0.023352 0.526161 0.023352 0.474228 0.023352 0.448207 0.023352 0.422158 0.023352 0.369973 0.003906 0.396081 0.003906 0.343824 0.003906 0.317622 0.003906 0.291361 0.003906 0.265034 0.003906 0.238707 0.003906 0.212445 0.003906 0.186243 0.003906 0.160094 0.003906 0.133987 0.003906 0.107910 0.003906 0.081861 0.003906 0.055840 0.003906 0.029847 0.003906 0.003906 0.003906 0.500220 0.003906 0.526161 0.003906 0.474228 0.003906 0.448207 0.003906 0.422158 0.003906 
					</float_array>
					<technique_common>
						<accessor count="420" offset="0" source="#meshId0-tex0-array" stride="2">
							<param name="S" type="float" />
							<param name="T" type="float" />
						</accessor>
					</technique_common>
				</source>
				<vertices id="meshId0-vertices">
					<input semantic="POSITION" source="#meshId0-positions" />
				</vertices>
				<polylist count="680" material="defaultMaterial">
					<input offset="0" semantic="VERTEX" source="#meshId0-vertices" />
					<input offset="0" semantic="NORMAL" source="#meshId0-normals" />
					<input offset="0" semantic="TANGENT" source="#meshId0-tangents" />
					<input offset="0" semantic="BINORMAL" source="#meshId0-bitangents" />
					<input offset="0" semantic="TEXCOORD" source="#meshId0-tex0" set="0" />
					<vcount>
						3 3 3 3 3 3 3 3 3 3 3 3 3 3 3 3 3 3 3 3 3 3 3 3 3 3 3 3 3 3 3 3 3 3 3 3 3 3 3 3 3 3 3 3 3 3 3 3 3 3 3 3 3 3 3 3 3 3 3 3 3 3 3 3 
						3 3 3 3 3 3 3 3 3 3 3 3 3 3 3 3 3 3 3 3 3 3 3 3 3 3 3 3 3 3 3 3 3 3 3 3 3 3 3 3 3 3 3 3 3 3 3 3 3 3 3 3 3 3 3 3 3 3 3 3 3 3 3 3 
						3 3 3 3 3 3 3 3 3 3 3 3 3 3 3 3 3 3 3 3 3 3 3 3 3 3 3 3 3 3 3 3 3 3 3 3 3 3 3 3 3 3 3 3 3 3 3 3 3 3 3 3 3 3 3 3 3 3 3 3 3 3 3 3 
						3 3 3 3 3 3 3 3 3 3 3 3 3 3 3 3 3 3 3 3 3 3 3 3 3 3 3 3 3 3 3 3 3 3 3 3 3 3 3 3 3 3 3 3 3 3 3 3 3 3 3 3 3 3 3 3 3 3 3 3 3 3 3 3 
						3 3 3 3 3 3 3 3 3 3 3 3 3 3 3 3 3 3 3 3 3 3 3 3 3 3 3 3 3 3 3 3 3 3 3 3 3 3 3 3 3 3 3 3 3 3 3 3 3 3 3 3 3 3 3 3 3 3 3 3 3 3 3 3 
						3 3 3 3 3 3 3 3 3 3 3 3 3 3 3 3 3 3 3 3 3 3 3 3 3 3 3 3 3 3 3 3 3 3 3 3 3 3 3 3 3 3 3 3 3 3 3 3 3 3 3 3 3 3 3 3 3 3 3 3 3 3 3 3 
						3 3 3 3 3 3 3 3 3 3 3 3 3 3 3 3 3 3 3 3 3 3 3 3 3 3 3 3 3 3 3 3 3 3 3 3 3 3 3 3 3 3 3 3 3 3 3 3 3 3 3 3 3 3 3 3 3 3 3 3 3 3 3 3 
						3 3 3 3 3 3 3 3 3 3 3 3 3 3 3 3 3 3 3 3 3 3 3 3 3 3 3 3 3 3 3 3 3 3 3 3 3 3 3 3 3 3 3 3 3 3 3 3 3 3 3 3 3 3 3 3 3 3 3 3 3 3 3 3 
						3 3 3 3 3 3 3 3 3 3 3 3 3 3 3 3 3 3 3 3 3 3 3 3 3 3 3 3 3 3 3 3 3 3 3 3 3 3 3 3 3 3 3 3 3 3 3 3 3 3 3 3 3 3 3 3 3 3 3 3 3 3 3 3 
						3 3 3 3 3 3 3 3 3 3 3 3 3 3 3 3 3 3 3 3 3 3 3 3 3 3 3 3 3 3 3 3 3 3 3 3 3 3 3 3 3 3 3 3 3 3 3 3 3 3 3 3 3 3 3 3 3 3 3 3 3 3 3 3 
						3 3 3 3 3 3 3 3 3 3 3 3 3 3 3 3 3 3 3 3 3 3 3 3 3 3 3 3 3 3 3 3 3 3 3 3 3 3 3 3 
					</vcount>
					<p>
						3 0 1 1 2 3 7 4 5 5 6 7 11 8 9 9 10 11 15 12 13 13 14 15 19 16 17 17 18 19 23 20 21 21 22 23 16 24 25 25 17 16 29 26 27 27 28 29 33 30 31 31 32 33 37 34 35 35 36 37 41 38 39 39 40 41 34 42 43 43 35 34 47 44 45 45 46 47 51 48 49 49 50 51 44 52 53 53 45 44 57 54 55 55 56 57 54 58 59 59 55 54 58 60 61 61 59 58 60 62 63 63 61 60 4 64 65 65 5 4 0 15 14 14 1 0 64 11 10 10 65 64 12 19 18 18 13 12 8 66 67 67 9 8 66 23 22 22 67 66 24 33 32 32 25 24 20 29 28 28 21 20 30 37 36 36 31 30 26 68 69 69 27 26 68 41 40 40 69 68 42 47 46 46 43 42 38 70 71 71 39 38 
						70 51 50 50 71 70 75 72 73 73 74 75 72 76 77 77 73 72 76 78 79 79 77 76 78 80 81 81 79 78 62 82 83 83 63 62 80 7 6 6 81 80 83 2 84 84 85 83 2 1 86 86 84 2 1 14 87 87 86 1 14 13 88 88 87 14 13 18 89 89 88 13 18 17 90 90 89 18 17 25 91 91 90 17 25 32 92 92 91 25 32 31 93 93 92 32 31 36 94 94 93 31 36 35 95 95 94 36 35 43 96 96 95 35 43 46 97 97 96 43 46 45 98 98 97 46 45 53 99 99 98 45 56 55 100 100 101 56 55 59 102 102 100 55 59 61 103 103 102 59 61 63 104 104 103 61 63 83 85 85 104 63 85 84 105 105 106 85 84 86 107 107 105 84 86 87 108 108 107 86 87 88 109 109 108 87 88 89 110 110 109 88 
						89 90 111 111 110 89 90 91 112 112 111 90 91 92 113 113 112 91 92 93 114 114 113 92 93 94 115 115 114 93 94 95 116 116 115 94 95 96 117 117 116 95 96 97 118 118 117 96 97 98 119 119 118 97 98 99 120 120 119 98 101 100 121 121 122 101 100 102 123 123 121 100 102 103 124 124 123 102 103 104 125 125 124 103 104 85 106 106 125 104 106 105 126 126 127 106 105 107 128 128 126 105 107 108 129 129 128 107 108 109 130 130 129 108 109 110 131 131 130 109 110 111 132 132 131 110 111 112 133 133 132 111 112 113 134 134 133 112 113 114 135 135 134 113 114 115 136 136 135 114 115 116 137 137 136 115 116 117 138 138 137 116 117 118 139 139 138 117 118 119 140 140 139 118 119 120 141 141 140 119 122 121 142 142 143 122 121 123 144 144 142 121 
						123 124 145 145 144 123 124 125 146 146 145 124 125 106 127 127 146 125 150 147 148 148 149 150 147 151 152 152 148 147 151 153 154 154 152 151 153 155 156 156 154 153 155 157 158 158 156 155 157 159 160 160 158 157 159 161 162 162 160 159 161 163 164 164 162 161 163 165 166 166 164 163 165 167 168 168 166 165 167 169 170 170 168 167 169 171 172 172 170 169 171 173 174 174 172 171 173 175 176 176 174 173 175 177 178 178 176 175 182 179 180 180 181 182 179 183 184 184 180 179 183 185 186 186 184 183 185 187 188 188 186 185 187 150 149 149 188 187 149 148 189 189 190 149 148 152 191 191 189 148 152 154 192 192 191 152 154 156 193 193 192 154 156 158 194 194 193 156 158 160 195 195 194 158 160 162 196 196 195 160 162 164 197 197 196 162 164 166 198 198 197 164 
						166 168 199 199 198 166 168 170 200 200 199 168 170 172 201 201 200 170 172 174 202 202 201 172 174 176 203 203 202 174 176 178 204 204 203 176 181 180 205 205 206 181 180 184 207 207 205 180 184 186 208 208 207 184 186 188 209 209 208 186 188 149 190 190 209 188 190 189 210 210 211 190 189 191 212 212 210 189 191 192 213 213 212 191 192 193 214 214 213 192 193 194 215 215 214 193 194 195 216 216 215 194 195 196 217 217 216 195 196 197 218 218 217 196 197 198 219 219 218 197 198 199 220 220 219 198 199 200 221 221 220 199 200 201 222 222 221 200 201 202 223 223 222 201 202 203 224 224 223 202 203 204 225 225 224 203 206 205 226 226 227 206 205 207 228 228 226 205 207 208 229 229 228 207 208 209 230 230 229 208 209 190 211 211 230 209 211 210 231 231 232 211 
						210 212 233 233 231 210 212 213 234 234 233 212 213 214 235 235 234 213 214 215 236 236 235 214 215 216 237 237 236 215 216 217 238 238 237 216 217 218 239 239 238 217 218 219 240 240 239 218 219 220 241 241 240 219 220 221 242 242 241 220 221 222 243 243 242 221 222 223 244 244 243 222 223 224 245 245 244 223 224 225 246 246 245 224 227 226 247 247 248 227 226 228 249 249 247 226 228 229 250 250 249 228 229 230 251 251 250 229 230 211 232 232 251 230 255 252 253 253 254 255 252 256 257 257 253 252 256 258 259 259 257 256 258 260 261 261 259 258 260 262 263 263 261 260 262 264 265 265 263 262 264 266 267 267 265 264 266 268 269 269 267 266 268 270 271 271 269 268 270 272 273 273 271 270 272 274 275 275 273 272 274 276 277 277 275 274 276 278 279 279 277 276 
						278 280 281 281 279 278 280 282 283 283 281 280 287 284 285 285 286 287 284 288 289 289 285 284 288 290 291 291 289 288 290 292 293 293 291 290 292 255 254 254 293 292 254 253 294 294 295 254 253 257 296 296 294 253 257 259 297 297 296 257 259 261 298 298 297 259 261 263 299 299 298 261 263 265 300 300 299 263 265 267 301 301 300 265 267 269 302 302 301 267 269 271 303 303 302 269 271 273 304 304 303 271 273 275 305 305 304 273 275 277 306 306 305 275 277 279 307 307 306 277 279 281 308 308 307 279 281 283 309 309 308 281 286 285 310 310 311 286 285 289 312 312 310 285 289 291 313 313 312 289 291 293 314 314 313 291 293 254 295 295 314 293 295 294 315 315 316 295 294 296 317 317 315 294 296 297 318 318 317 296 297 298 319 319 318 297 298 299 320 320 319 298 
						299 300 321 321 320 299 300 301 322 322 321 300 301 302 323 323 322 301 302 303 324 324 323 302 303 304 325 325 324 303 304 305 326 326 325 304 305 306 327 327 326 305 306 307 328 328 327 306 307 308 329 329 328 307 308 309 330 330 329 308 311 310 331 331 332 311 310 312 333 333 331 310 312 313 334 334 333 312 313 314 335 335 334 313 314 295 316 316 335 314 316 315 336 336 337 316 315 317 338 338 336 315 317 318 339 339 338 317 318 319 340 340 339 318 319 320 341 341 340 319 320 321 342 342 341 320 321 322 343 343 342 321 322 323 344 344 343 322 323 324 345 345 344 323 324 325 346 346 345 324 325 326 347 347 346 325 326 327 348 348 347 326 327 328 349 349 348 327 328 329 350 350 349 328 329 330 351 351 350 329 332 331 352 352 353 332 331 333 354 354 352 331 
						333 334 355 355 354 333 334 335 356 356 355 334 335 316 337 337 356 335 337 336 357 357 358 337 336 338 359 359 357 336 338 339 360 360 359 338 339 340 361 361 360 339 340 341 362 362 361 340 341 342 363 363 362 341 342 343 364 364 363 342 343 344 365 365 364 343 344 345 366 366 365 344 345 346 367 367 366 345 346 347 368 368 367 346 347 348 369 369 368 347 348 349 370 370 369 348 349 350 371 371 370 349 350 351 372 372 371 350 353 352 373 373 374 353 352 354 375 375 373 352 354 355 376 376 375 354 355 356 377 377 376 355 356 337 358 358 377 356 358 357 378 378 379 358 357 359 380 380 378 357 359 360 381 381 380 359 360 361 382 382 381 360 361 362 383 383 382 361 362 363 384 384 383 362 363 364 385 385 384 363 364 365 386 386 385 364 365 366 387 387 386 365 
						366 367 388 388 387 366 367 368 389 389 388 367 368 369 390 390 389 368 369 370 391 391 390 369 370 371 392 392 391 370 371 372 393 393 392 371 374 373 394 394 395 374 373 375 396 396 394 373 375 376 397 397 396 375 376 377 398 398 397 376 377 358 379 379 398 377 379 378 399 399 400 379 378 380 401 401 399 378 380 381 402 402 401 380 381 382 403 403 402 381 382 383 404 404 403 382 383 384 405 405 404 383 384 385 406 406 405 384 385 386 407 407 406 385 386 387 408 408 407 386 387 388 409 409 408 387 388 389 410 410 409 388 389 390 411 411 410 389 390 391 412 412 411 390 391 392 413 413 412 391 392 393 414 414 413 392 395 394 415 415 416 395 394 396 417 417 415 394 396 397 418 418 417 396 397 398 419 419 418 397 398 379 400 400 419 398 5 3 82 82 6 5 
						3 5 65 65 0 3 0 65 10 10 15 0 15 10 9 9 12 15 12 9 67 67 19 12 19 67 22 22 16 19 16 22 21 21 24 16 24 21 28 28 33 24 33 28 27 27 30 33 30 27 69 69 37 30 37 69 40 40 34 37 34 40 39 39 42 34 42 39 71 71 47 42 47 71 50 50 44 47 44 50 49 49 52 44 57 74 73 73 54 57 54 73 77 77 58 54 58 77 79 79 60 58 60 79 81 81 62 60 62 81 6 6 82 62 82 3 2 2 83 82 
					</p>
				</polylist>
			</mesh>
		</geometry>
		<geometry id="meshId1" name="meshId1_name" >
			<mesh>
				<source id="meshId1-positions" name="meshId1-positions">
					<float_array id="meshId1-positions-array" count="567"> 
						-10.627221 0.321732 14.630610 -10.667873 0.442492 14.516646 -10.741957 0.461572 14.554777 -10.697444 0.335610 14.673027 -10.718934 0.520244 14.373441 -10.797864 0.542668 14.406192 -10.885029 0.512459 14.422992 -10.830118 0.435798 14.562634 -10.786420 0.316819 14.673729 -10.945900 0.538524 14.268095 -10.985914 0.453573 14.279164 -10.934344 0.431403 14.409525 -11.006734 0.512355 14.113222 -11.037499 0.431730 14.148706 -11.000472 0.359038 14.160563 -10.958933 0.377022 14.269518 -10.917450 0.358404 14.378288 -10.832059 0.519960 14.055944 -10.882971 0.442034 13.912946 -10.977453 0.461082 13.928412 -10.921718 0.542364 14.076781 -10.923437 0.321268 13.799236 -11.021754 0.335115 13.810434 -11.105099 0.316648 13.862619 -11.061532 0.435629 13.973639 -10.949301 0.168816 13.726537 -11.050071 0.176093 13.735000 -10.958317 -0.000001 13.701190 -11.059939 -0.000001 13.708702 -11.142653 -0.000001 13.766874 -11.132947 0.166398 13.791627 -10.958317 -0.000001 13.701190 -10.949303 -0.168819 13.726534 -11.050071 -0.176095 13.735000 -11.059939 -0.000001 13.708702 -10.923437 -0.321272 13.799235 -11.021754 -0.335118 13.810431 -11.105099 -0.316651 13.862617 -11.132947 -0.166401 13.791627 -11.142653 -0.000001 13.766874 -10.882971 -0.442038 13.912944 -10.977453 -0.461086 13.928411 -10.832060 -0.519964 14.055943 -10.921718 -0.542368 14.076779 -11.006734 -0.512359 14.113222 -11.061532 -0.435633 13.973638 -10.775526 -0.546613 14.214653 -10.859823 -0.570168 14.241446 -10.718937 -0.520249 14.373440 -10.797865 -0.542673 14.406191 -10.885028 -0.512463 14.422989 -10.945903 -0.538528 14.268095 -10.667872 -0.442497 14.516645 -10.741957 -0.461577 14.554775 -10.627222 -0.321737 14.630610 -10.697444 -0.335616 14.673026 -10.786420 -0.316824 14.673727 -10.830121 -0.435802 14.562634 -10.601208 -0.169105 14.703517 -10.668958 -0.176401 14.748676 -10.592133 -0.000003 14.728947 -10.659019 -0.000003 14.775064 -10.748711 -0.000003 14.769560 -10.758461 -0.166508 14.744783 
						-10.601209 0.169099 14.703518 -10.668958 0.176396 14.748677 -10.758461 0.166503 14.744783 -11.037500 -0.431734 14.148705 -11.084006 -0.367215 14.031031 -11.000472 -0.359042 14.160562 -11.037958 -0.305498 14.062208 -11.067801 -0.222178 13.983896 -11.121003 -0.266992 13.937387 -10.827320 -0.140005 14.679855 -10.850936 -0.266464 14.620226 -10.819090 -0.000003 14.700634 -10.824962 -0.000003 14.620686 -10.831554 -0.116164 14.603413 -10.850486 -0.221153 14.553810 -11.144664 -0.140327 13.877487 -11.152912 -0.000001 13.856598 -11.086892 -0.116791 13.933791 -11.093550 -0.000002 13.916313 -10.887880 -0.366692 14.526918 -10.934347 -0.431408 14.409523 -10.880127 -0.304483 14.476128 -10.917450 -0.358409 14.378286 -11.144664 0.140324 13.877487 -11.121006 0.266988 13.937388 -11.152912 -0.000001 13.856598 -11.093550 -0.000002 13.916313 -11.086890 0.116788 13.933791 -11.067801 0.222175 13.983898 -10.887880 0.366687 14.526919 -10.850936 0.266459 14.620227 -10.880127 0.304478 14.476129 -10.850486 0.221148 14.553810 -10.985915 -0.453577 14.279163 -10.958933 -0.377027 14.269516 -11.084006 0.367211 14.031033 -11.037958 0.305494 14.062210 -10.827321 0.139999 14.679855 -10.831553 0.116159 14.603414 -10.582568 -0.000003 14.660213 -10.590365 0.149765 14.637635 -10.637510 -0.000003 14.602505 -10.644148 0.127767 14.583267 -10.663185 0.243163 14.528064 -10.612720 0.284972 14.572882 -10.740265 -0.484378 14.203203 -10.691576 -0.460949 14.344364 -10.788922 -0.460817 14.062075 -10.813580 -0.393738 14.091833 -10.772000 -0.413742 14.212469 -10.730427 -0.393592 14.333061 -10.788922 0.460812 14.062077 -10.832754 0.391780 13.934902 -10.813579 0.393734 14.091835 -10.851059 0.334826 13.983075 -10.880872 0.243399 13.896559 -10.867599 0.284757 13.833767 -10.647667 0.391993 14.471634 -10.691576 0.460944 14.344366 -10.692968 0.334592 14.441700 -10.730427 0.393588 14.333063 -10.889872 0.149633 13.769106 -10.897635 -0.000001 13.746565 -10.899930 0.127912 13.841236 
						-10.906577 -0.000001 13.821950 -10.730427 0.393588 14.333063 -10.692968 0.334592 14.441700 -10.793588 0.297108 14.443776 -10.828054 0.349679 14.347698 -10.663185 0.243163 14.528064 -10.766214 0.215821 14.520082 -10.647666 -0.391998 14.471634 -10.612720 -0.284977 14.572881 -10.692968 -0.334597 14.441698 -10.663185 -0.243168 14.528063 -10.880872 0.243399 13.896559 -10.851059 0.334826 13.983075 -10.939308 0.297909 14.037520 -10.966849 0.216630 13.960722 -10.813579 0.393734 14.091835 -10.904707 0.350179 14.134002 -10.775526 0.546609 14.214655 -10.740265 0.484373 14.203205 -10.771999 0.413738 14.212470 -10.906577 -0.000001 13.821950 -10.899930 0.127912 13.841236 -10.984465 0.113865 13.911595 -10.990607 -0.000002 13.894463 -10.889872 -0.149636 13.769106 -10.867599 -0.284760 13.833767 -10.897635 -0.000001 13.746565 -10.906577 -0.000001 13.821950 -10.899930 -0.127915 13.841236 -10.880873 -0.243402 13.896558 -10.880873 -0.243402 13.896558 -10.899930 -0.127915 13.841236 -10.984465 -0.113868 13.911595 -10.966849 -0.216633 13.960722 -10.906577 -0.000001 13.821950 -10.990607 -0.000002 13.894463 -10.590365 -0.149770 14.637635 -10.644148 -0.127772 14.583265 -10.832754 -0.391784 13.934899 -10.851060 -0.334830 13.983073 -10.730427 -0.393592 14.333061 -10.772000 -0.413742 14.212469 -10.866359 -0.367787 14.240923 -10.828055 -0.349684 14.347698 -10.813580 -0.393738 14.091833 -10.904707 -0.350183 14.134000 -10.663185 -0.243168 14.528063 -10.692968 -0.334597 14.441698 -10.793589 -0.297113 14.443775 -10.766214 -0.215825 14.520081 -10.644148 0.127767 14.583267 -10.748729 0.113368 14.568813 -10.637510 -0.000003 14.602505 -10.742639 -0.000003 14.585786 -10.851060 -0.334830 13.983073 -10.939307 -0.297913 14.037519 -10.644148 -0.127772 14.583265 -10.748730 -0.113373 14.568813 -10.771999 0.413738 14.212470 -10.866359 0.367783 14.240923 -10.859821 0.570164 14.241446 
					</float_array>
					<technique_common>
						<accessor count="189" offset="0" source="#meshId1-positions-array" stride="3">
							<param name="X" type="float" />
							<param name="Y" type="float" />
							<param name="Z" type="float" />
						</accessor>
					</technique_common>
				</source>
				<source id="meshId1-normals" name="meshId1-normals">
					<float_array id="meshId1-normals-array" count="567"> 
						0.783481 0.468843 0.407852 0.720694 0.648488 0.245080 0.144317 0.806204 0.573767 0.212020 0.584934 0.782879 0.640736 0.766840 0.037617 0.059213 0.949152 0.309199 -0.533227 0.713876 0.453927 -0.471544 0.598375 0.647760 -0.423558 0.429796 0.797417 -0.604138 0.762200 0.232524 -0.927975 0.086037 0.362575 -0.917598 0.084857 0.388346 -0.676917 0.736049 0.003973 -0.937680 0.080437 0.338061 -0.506057 -0.733271 0.454114 -0.591371 -0.772425 0.231603 -0.678157 -0.734858 0.009286 0.462418 0.774677 -0.431329 0.381833 0.661205 -0.645764 -0.213120 0.809487 -0.547092 -0.128798 0.951207 -0.280387 0.317522 0.481603 -0.816846 -0.279795 0.588166 -0.758798 -0.799379 0.465632 -0.379711 -0.744668 0.634320 -0.207624 0.276543 0.253490 -0.926966 -0.322431 0.309192 -0.894673 0.262185 0.000004 -0.965018 -0.337124 0.000002 -0.941460 -0.847548 0.000002 -0.530718 -0.835265 0.246339 -0.491578 0.262185 0.000004 -0.965018 0.276555 -0.253484 -0.926965 -0.322439 -0.309188 -0.894671 -0.337124 0.000002 -0.941460 0.317533 -0.481599 -0.816845 -0.279801 -0.588167 -0.758796 -0.799387 -0.465623 -0.379705 -0.835272 -0.246333 -0.491570 -0.847548 0.000002 -0.530718 0.381834 -0.661206 -0.645763 -0.213123 -0.809488 -0.547090 0.462417 -0.774677 -0.431330 -0.128799 -0.951206 -0.280390 -0.676916 -0.736049 0.003965 -0.744671 -0.634316 -0.207627 0.551917 -0.810625 -0.195639 -0.034953 -0.999279 0.014824 0.640728 -0.766846 0.037618 0.059206 -0.949152 0.309201 -0.533225 -0.713878 0.453927 -0.604142 -0.762197 0.232524 0.720692 -0.648491 0.245078 0.144316 -0.806205 0.573765 0.783474 -0.468850 0.407858 0.212021 -0.584937 0.782877 -0.423559 -0.429795 0.797418 -0.471548 -0.598373 0.647759 0.823802 -0.245584 0.510920 0.255478 -0.307224 0.916703 0.837459 0.000001 0.546501 0.270513 -0.000000 0.962716 -0.383264 -0.000001 0.923639 -0.393750 -0.224156 0.891468 
						0.823803 0.245582 0.510920 0.255485 0.307219 0.916703 -0.393746 0.224155 0.891470 -0.937682 -0.080435 0.338057 -0.946007 -0.066575 0.317237 -0.506048 0.733280 0.454111 -0.428419 0.623363 0.654122 -0.368208 0.452067 0.812439 -0.952613 -0.048193 0.300342 -0.894043 -0.029359 0.447018 -0.899365 -0.055293 0.433689 -0.891818 -0.000001 0.452395 -0.872264 0.000004 -0.489036 -0.858083 0.239184 -0.454406 -0.818479 0.454630 -0.351289 -0.956535 -0.024952 0.290549 -0.958149 0.000003 0.286271 -0.328659 0.237622 0.914067 -0.315951 -0.000002 0.948776 -0.907874 -0.073769 0.412703 -0.917598 -0.084858 0.388346 -0.755850 0.625879 -0.192269 -0.678153 0.734862 0.009283 -0.956536 0.024952 0.290545 -0.952614 0.048198 0.300341 -0.958149 0.000003 0.286271 -0.315951 -0.000002 0.948776 -0.328654 -0.237630 0.914067 -0.368210 -0.452070 0.812437 -0.907873 0.073769 0.412703 -0.899364 0.055297 0.433690 -0.755855 -0.625873 -0.192266 -0.818475 -0.454633 -0.351293 -0.927975 -0.086034 0.362575 -0.591367 0.772428 0.231604 -0.946004 0.066582 0.317243 -0.428422 -0.623358 0.654126 -0.894046 0.029358 0.447012 -0.858076 -0.239184 -0.454418 0.964641 0.000003 -0.263567 0.963698 0.021664 -0.266113 0.486177 0.000001 -0.873860 0.495029 -0.205471 -0.844232 0.522986 -0.392736 -0.756468 0.961398 0.044102 -0.271605 0.939733 -0.095883 -0.328190 0.949388 -0.084497 -0.302526 0.928377 -0.098861 -0.358250 0.748119 0.662781 -0.032239 0.683866 0.689515 -0.238527 0.621662 0.647786 -0.440351 0.928375 0.098869 -0.358251 0.917279 0.088357 -0.388319 0.748118 -0.662781 -0.032244 0.806368 -0.569809 0.158394 0.853864 -0.416924 0.311595 0.907330 0.067306 -0.414997 0.956601 0.065151 -0.284025 0.949389 0.084489 -0.302526 0.565754 -0.545574 -0.618281 0.621663 -0.647785 -0.440353 0.901171 0.035969 -0.431968 0.898525 0.000000 -0.438922 0.884133 -0.220397 0.411987 
						0.895017 -0.000004 0.446032 0.621663 -0.647785 -0.440353 0.565754 -0.545574 -0.618281 -0.000935 -0.791174 -0.611591 0.077342 -0.933366 -0.350493 0.522986 -0.392736 -0.756468 -0.062395 -0.572980 -0.817191 0.956602 -0.065155 -0.284020 0.961399 -0.044102 -0.271601 0.565750 0.545581 -0.618279 0.522983 0.392740 -0.756468 0.853864 -0.416924 0.311595 0.806368 -0.569809 0.158394 0.330565 -0.800106 0.500558 0.393345 -0.581869 0.711834 0.748118 -0.662781 -0.032244 0.251750 -0.938903 0.234698 0.551918 0.810624 -0.195639 0.939732 0.095884 -0.328191 0.683868 -0.689514 -0.238528 0.895017 -0.000004 0.446032 0.884133 -0.220397 0.411987 0.433426 -0.306045 0.847631 0.447376 -0.000005 0.894346 0.901179 -0.035964 -0.431952 0.907336 -0.067292 -0.414986 0.898525 0.000000 -0.438922 0.895017 -0.000004 0.446032 0.884134 0.220391 0.411989 0.853863 0.416923 0.311598 0.853863 0.416923 0.311598 0.884134 0.220391 0.411989 0.433425 0.306039 0.847634 0.393349 0.581867 0.711834 0.895017 -0.000004 0.446032 0.447376 -0.000005 0.894346 0.963699 -0.021662 -0.266109 0.495029 0.205473 -0.844232 0.917282 -0.088346 -0.388314 0.806367 0.569809 0.158400 0.621662 0.647786 -0.440351 0.683866 0.689515 -0.238527 0.164236 0.984670 -0.058756 0.077339 0.933367 -0.350493 0.748119 0.662781 -0.032239 0.251760 0.938900 0.234699 0.522983 0.392740 -0.756468 0.565750 0.545581 -0.618279 -0.000938 0.791175 -0.611589 -0.062394 0.572980 -0.817191 0.495029 -0.205471 -0.844232 -0.101935 -0.300570 -0.948297 0.486177 0.000001 -0.873860 -0.115282 0.000002 -0.993333 0.806367 0.569809 0.158400 0.330582 0.800102 0.500553 0.495029 0.205473 -0.844232 -0.101945 0.300570 -0.948296 0.683868 -0.689514 -0.238528 0.164237 -0.984669 -0.058757 -0.034946 0.999279 0.014823 
					</float_array>
					<technique_common>
						<accessor count="189" offset="0" source="#meshId1-normals-array" stride="3">
							<param name="X" type="float" />
							<param name="Y" type="float" />
							<param name="Z" type="float" />
						</accessor>
					</technique_common>
				</source>
				<source id="meshId1-tangents" name="meshId1-tangents">
					<float_array id="meshId1-tangents-array" count="567"> 
						-0.591341 0.360803 0.721205 -0.646925 0.502035 0.573976 -0.962927 -0.019132 0.269082 -0.963815 -0.007295 0.266472 -0.711764 0.574921 0.403556 -0.956818 -0.034341 0.288651 -0.798383 -0.602082 0.009016 -0.848665 -0.507519 -0.148969 -0.889986 -0.361555 -0.277854 -0.741203 -0.644628 0.187278 -0.088429 -0.996032 0.010026 -0.202477 -0.940489 -0.272915 -0.677791 -0.625426 0.386576 0.025465 -0.954320 0.297700 0.811266 -0.583438 -0.038034 0.742984 -0.633550 -0.215844 0.669938 -0.623342 -0.403272 -0.835002 0.544098 0.082027 -0.882531 0.468349 -0.042283 -0.950128 -0.041227 0.309122 -0.950009 -0.037260 0.309991 -0.929224 0.329726 -0.166803 -0.946377 -0.036007 0.321052 -0.573094 -0.401123 0.714607 -0.618898 -0.539796 0.570601 -0.957249 0.157814 -0.242422 -0.943344 -0.026715 0.330739 -0.964941 0.012572 -0.262165 -0.941329 -0.016731 0.337076 -0.530049 -0.050182 0.846481 -0.542228 -0.220709 0.810726 -0.964384 -0.036213 -0.262014 -0.954980 -0.180269 -0.235617 -0.940659 -0.000976 0.339351 -0.941388 -0.012362 0.337098 -0.928169 -0.334185 -0.163778 -0.941259 0.012420 0.337457 -0.571664 0.394983 0.719158 -0.538889 0.189241 0.820845 -0.530643 0.016799 0.847429 -0.885936 -0.460890 -0.051934 -0.943058 0.024072 0.331757 -0.831415 -0.547873 0.092653 -0.945762 0.032791 0.323201 -0.672870 0.620979 0.402034 -0.623006 0.549016 0.557176 -0.768381 -0.585515 0.258385 -0.949033 0.037838 0.312898 -0.702818 -0.566097 0.430791 -0.952448 0.039032 0.302191 -0.786186 0.616298 0.045706 -0.725782 0.646774 0.234357 -0.640844 -0.488344 0.592317 -0.955692 0.036782 0.292062 -0.590303 -0.356409 0.724234 -0.958526 0.031653 0.283241 -0.884060 0.388115 -0.260393 -0.840434 0.527388 -0.124631 -0.557017 -0.183300 0.810021 -0.960871 0.024290 0.275928 -0.546489 -0.006464 0.837441 -0.962607 0.015082 0.270483 -0.923518 0.016146 -0.383214 -0.912510 0.212268 -0.349670 
						-0.555615 0.171036 0.813658 -0.963660 0.004402 0.267097 -0.915619 -0.181395 -0.358801 0.026346 0.953586 0.299965 0.130456 0.817726 0.560630 0.805653 0.589859 -0.054684 0.871910 0.475179 0.118225 0.910948 0.350230 0.217975 0.213636 0.596867 0.773376 -0.434029 0.303861 -0.848108 -0.383134 0.577509 -0.720897 -0.452394 0.001861 -0.891816 0.488915 -0.022244 -0.872048 0.500162 0.188831 -0.845092 0.534354 0.377724 -0.756168 0.268538 0.313107 0.910962 0.285930 0.048814 0.957007 0.936870 0.204388 0.283725 0.947571 0.050366 0.315550 -0.302242 0.797368 -0.522355 -0.201117 0.941789 -0.269417 0.589410 0.522554 -0.616063 0.655925 0.610908 -0.443343 0.268136 -0.316418 0.909936 0.213345 -0.597928 0.772636 0.285880 -0.052181 0.956843 0.948756 -0.006488 0.315944 0.941192 -0.162734 0.296101 0.914252 -0.334901 0.228003 -0.303421 -0.794926 -0.525384 -0.383948 -0.574356 -0.722979 0.601446 -0.547675 -0.581649 0.543205 -0.413163 -0.730907 -0.086962 0.996116 0.013794 0.728449 0.634889 -0.257444 0.130453 -0.817729 0.560625 0.870331 -0.479252 0.113317 -0.434457 -0.300103 -0.849226 0.504847 -0.230944 -0.831742 0.263567 -0.000001 0.964641 0.247315 0.303118 0.920301 0.873860 -0.000000 0.486177 0.858564 0.264927 0.438955 0.831970 0.428098 0.352929 0.195483 0.585203 0.786971 -0.087268 -0.995344 0.040916 0.020254 -0.944666 0.327409 -0.196096 -0.949163 -0.246243 0.579479 -0.676219 -0.454897 0.644743 -0.724143 -0.244793 0.710778 -0.702761 -0.030375 -0.197657 0.947678 -0.250674 -0.292819 0.810515 -0.507270 0.592245 0.688837 -0.418029 0.522941 0.561870 -0.640964 0.486639 0.427076 -0.762095 -0.372135 0.587874 -0.718276 0.116483 0.807934 0.577645 0.017238 0.947677 0.318764 0.794128 0.562378 0.230417 0.735628 0.675944 0.044161 -0.421556 0.304693 -0.854080 -0.438638 0.035959 -0.897944 0.460646 0.263616 -0.847533 
						0.444487 0.083186 -0.891915 0.719920 0.694042 -0.004638 0.780155 0.596943 0.187130 0.975626 0.133484 -0.174171 0.962026 0.162166 -0.219563 0.828040 0.444525 0.341683 0.986092 0.090985 -0.139086 0.119083 -0.802171 0.585099 0.196415 -0.581275 0.789646 0.772927 -0.612085 0.167144 0.823493 -0.461776 0.329577 0.482375 0.408976 -0.774631 0.529363 0.575974 -0.622920 0.917509 0.148165 -0.369085 0.906009 0.113702 -0.407700 0.588056 0.684716 -0.430527 0.931462 0.169244 -0.322081 -0.779678 0.584845 0.223738 -0.090478 0.995393 0.031740 0.670814 0.722784 -0.166108 0.446032 0.000003 -0.895017 0.454222 0.198787 -0.868427 0.898099 0.068864 -0.434368 0.893963 0.029274 -0.447184 -0.420498 -0.314306 -0.851113 -0.371157 -0.591812 -0.715543 -0.438456 -0.046058 -0.897572 0.446032 -0.000001 -0.895017 0.452598 -0.185012 -0.872311 0.478506 -0.393201 -0.785128 0.493970 -0.460411 -0.737574 0.460327 -0.259829 -0.848874 0.894859 -0.034865 -0.444985 0.899831 -0.084801 -0.427916 0.445105 -0.064436 -0.893157 0.894328 0.006480 -0.447366 0.247312 -0.303118 0.920302 0.858564 -0.264930 0.438953 -0.292814 -0.810503 -0.507291 0.522926 -0.561826 -0.641015 0.738552 -0.672026 0.054049 0.673928 -0.722229 -0.155586 0.936168 -0.174362 -0.305267 0.951834 -0.173739 -0.252639 0.606695 -0.702874 -0.371335 0.921379 -0.158334 -0.354952 0.839609 -0.390223 0.377868 0.796048 -0.556903 0.236994 0.966910 -0.155308 -0.202396 0.979727 -0.121015 -0.159655 0.860517 0.250389 0.443638 0.992176 0.038351 -0.118807 0.873374 0.033351 0.485907 0.993162 -0.018570 -0.115262 0.545270 -0.612569 -0.572223 0.908975 -0.127220 -0.396964 0.866613 -0.186852 0.462675 0.988819 -0.073667 -0.129651 0.654353 0.724235 -0.217497 0.946822 0.174072 -0.270605 -0.949038 -0.037831 0.312883 
					</float_array>
					<technique_common>
						<accessor count="189" offset="0" source="#meshId1-tangents-array" stride="3">
							<param name="X" type="float" />
							<param name="Y" type="float" />
							<param name="Z" type="float" />
						</accessor>
					</technique_common>
				</source>
				<source id="meshId1-bitangents" name="meshId1-bitangents">
					<float_array id="meshId1-bitangents-array" count="567"> 
						0.190977 -0.806230 0.559929 0.249178 -0.572209 0.781337 0.227912 -0.591328 0.773555 0.161580 -0.811048 0.562222 0.287836 -0.285347 0.914181 0.284592 -0.312939 0.906133 0.279738 -0.357601 0.890993 0.239612 -0.619977 0.747138 0.168889 -0.827378 0.535652 0.292635 -0.059206 0.954390 0.361999 -0.022758 0.931901 0.342076 -0.329057 0.880173 0.287024 0.258986 0.922249 0.346565 0.287756 0.892799 0.292837 0.349160 0.890131 0.313456 0.044434 0.948563 0.302136 -0.267261 0.915033 0.298230 0.322230 0.898458 0.274485 0.586052 0.762365 0.227675 0.585688 0.777903 0.284418 0.306297 0.908454 0.189002 0.811997 0.552212 0.161510 0.807938 0.566701 0.180433 0.788852 0.587500 0.249869 0.553406 0.794549 0.084837 0.954378 0.286296 0.078360 0.950624 0.300288 0.012131 0.999921 0.003300 -0.015751 0.999860 0.005643 -0.026631 0.998740 0.042533 0.091217 0.943718 0.317923 -0.034947 0.999344 -0.009491 -0.107378 0.950394 -0.291926 -0.105797 0.951000 -0.290526 -0.011638 0.999924 0.004170 -0.194102 0.810175 -0.553120 -0.189057 0.808644 -0.557093 -0.184880 0.791949 -0.581924 -0.109176 0.950530 -0.290814 0.008918 0.999859 -0.014237 -0.263286 0.591935 -0.761770 -0.255384 0.586642 -0.768524 -0.308090 0.315770 -0.897424 -0.298236 0.306810 -0.903838 -0.298378 0.269476 -0.915616 -0.239436 0.544265 -0.804019 -0.324003 0.007718 -0.946024 -0.313233 -0.003132 -0.949671 -0.309056 -0.302458 -0.901667 -0.298894 -0.312389 -0.901707 -0.312383 -0.332499 -0.889866 -0.329016 -0.027177 -0.943933 -0.264430 -0.583935 -0.767526 -0.256566 -0.590492 -0.765175 -0.194192 -0.808178 -0.556001 -0.190459 -0.810461 -0.553966 -0.197574 -0.815257 -0.544354 -0.267044 -0.603168 -0.751582 -0.105276 -0.951887 -0.287797 -0.107039 -0.951327 -0.288997 0.003533 -0.999979 -0.005413 -0.014520 -0.999886 0.004079 -0.014913 -0.999870 -0.006189 -0.110849 -0.951155 -0.288124 
						0.112434 -0.954168 0.277348 0.078022 -0.951629 0.297179 0.081281 -0.957523 0.276664 -0.346494 0.290178 -0.892042 -0.296737 0.571745 -0.764889 -0.307960 0.338183 -0.889265 -0.237128 0.620986 -0.747092 -0.186001 0.820350 -0.540767 -0.216536 0.800892 -0.558287 -0.110932 -0.952264 -0.284408 -0.210598 -0.814510 -0.540576 -0.000841 -0.999998 -0.001660 -0.010881 -0.999753 0.019401 -0.116326 -0.952436 -0.281664 -0.211086 -0.806620 -0.552093 -0.113704 0.949390 -0.292797 -0.013971 0.998808 -0.046771 -0.119405 0.949611 -0.289795 -0.047787 0.998731 -0.015911 -0.290543 -0.598968 -0.746205 -0.342878 -0.325320 -0.881250 -0.285110 -0.578976 -0.763871 -0.331467 -0.294566 -0.896304 0.114639 0.948292 0.295975 0.216821 0.800099 0.559312 0.014941 0.998638 0.049996 0.006155 0.999979 0.002052 0.078388 0.957627 0.277139 0.169012 0.826725 0.536620 0.289312 -0.602205 0.744075 0.209114 -0.816736 0.537786 0.258739 -0.555280 0.790391 0.187154 -0.789053 0.585123 -0.362353 -0.018730 -0.931853 -0.345900 0.016468 -0.938127 0.296746 0.571739 0.764890 0.242854 0.617853 0.747850 0.109218 -0.953455 0.281060 0.093994 -0.943110 0.318919 0.000002 -1.000000 -0.000002 0.100601 -0.952707 0.286757 0.000000 -1.000000 -0.000001 0.133467 -0.942123 0.307557 0.185234 -0.813935 0.550634 0.193651 -0.809687 0.553992 -0.330585 -0.009810 -0.943725 -0.313451 -0.316966 -0.895143 -0.315694 0.298858 -0.900567 -0.323298 0.321636 -0.889960 -0.341516 0.013617 -0.939777 -0.329138 -0.294109 -0.897312 0.314723 0.303531 0.899343 0.269917 0.579015 0.769341 0.299273 0.293639 0.907861 0.276230 0.599683 0.751050 0.184660 0.802359 0.567556 0.195621 0.806148 0.558442 0.267108 -0.585660 0.765281 0.313629 -0.307846 0.898258 0.221999 -0.621354 0.751423 0.269047 -0.351389 0.896738 0.100897 0.951771 0.289743 0.015783 0.999353 0.032310 0.078187 0.939112 0.334597 
						-0.037100 0.996534 0.074455 0.308628 -0.314135 0.897813 0.266985 -0.588225 0.763355 0.219437 -0.596847 0.771765 0.261771 -0.320202 0.910465 0.202078 -0.805081 0.557682 0.154046 -0.814503 0.559334 -0.265955 -0.593529 -0.759599 -0.192700 -0.812512 -0.550174 -0.287249 -0.572446 -0.767981 -0.219881 -0.795310 -0.564920 0.195527 0.811735 0.550324 0.263715 0.586151 0.766082 0.221142 0.581273 0.783083 0.156290 0.805295 0.571903 0.307424 0.303124 0.902001 0.262682 0.299696 0.917159 0.295786 0.029050 0.954812 0.329722 -0.000133 0.944078 0.286938 -0.046412 0.956824 0.000002 1.000000 0.000005 0.109501 0.954939 0.275864 0.074565 0.949523 0.304707 -0.026178 0.999571 0.013101 -0.105156 0.948640 -0.298369 -0.197444 0.803263 -0.561948 -0.020216 0.998939 -0.041384 0.000004 1.000000 0.000001 -0.116027 0.957705 -0.263324 -0.204817 0.819493 -0.535240 -0.164049 0.783707 -0.599075 -0.080038 0.940168 -0.331176 -0.106630 0.951380 -0.288973 -0.188626 0.808851 -0.556938 0.028744 0.997922 -0.057670 -0.005793 0.999979 0.002904 -0.100598 -0.952707 -0.286757 -0.133469 -0.942122 -0.307559 -0.269913 0.579033 -0.769329 -0.276263 0.599724 -0.751006 -0.260915 -0.358822 -0.896197 -0.279550 -0.054350 -0.958592 -0.310832 -0.004869 -0.950453 -0.296699 -0.314072 -0.901847 -0.268773 0.258243 -0.927939 -0.296104 0.305609 -0.904945 -0.146787 -0.832755 -0.533828 -0.215022 -0.626259 -0.749376 -0.255115 -0.591541 -0.764850 -0.190371 -0.810586 -0.553814 0.120232 -0.946090 0.300761 0.072078 -0.952988 0.294309 0.029144 -0.999444 0.016214 -0.018446 -0.999828 0.002138 -0.229027 0.547792 -0.804655 -0.253931 0.586219 -0.769329 -0.062679 -0.960660 -0.270563 -0.108827 -0.950910 -0.289700 0.322718 -0.007342 0.946467 0.276685 -0.011189 0.960896 0.313219 -0.003134 0.949676 
					</float_array>
					<technique_common>
						<accessor count="189" offset="0" source="#meshId1-bitangents-array" stride="3">
							<param name="X" type="float" />
							<param name="Y" type="float" />
							<param name="Z" type="float" />
						</accessor>
					</technique_common>
				</source>
				<source id="meshId1-tex0" name="meshId1-tex0">
					<float_array id="meshId1-tex0-array" count="378"> 
						0.017730 0.833073 0.017730 0.821374 0.026459 0.821374 0.026459 0.833073 0.017730 0.809764 0.026459 0.809764 0.034987 0.809764 0.034987 0.821374 0.034987 0.833073 0.034987 0.798089 0.042741 0.798089 0.042741 0.809764 0.034987 0.786516 0.042741 0.786516 0.049503 0.786516 0.049503 0.798089 0.049503 0.809764 0.017730 0.786516 0.017730 0.774984 0.026459 0.774984 0.026459 0.786516 0.017729 0.763353 0.026459 0.763353 0.034987 0.763353 0.034987 0.774984 0.017730 0.751485 0.026459 0.751485 0.017730 0.739391 0.026459 0.739391 0.034987 0.739391 0.034987 0.751485 0.017730 0.973354 0.017730 0.961361 0.026459 0.961361 0.026459 0.973354 0.017730 0.949427 0.026459 0.949427 0.034987 0.949427 0.034987 0.961361 0.034987 0.973354 0.017730 0.937795 0.026459 0.937795 0.017730 0.926297 0.026459 0.926297 0.034987 0.926297 0.034987 0.937795 0.017730 0.914614 0.026459 0.914614 0.017730 0.902915 0.026459 0.902915 0.034987 0.902915 0.034987 0.914614 0.017730 0.891256 0.026459 0.891256 0.017730 0.879630 0.026459 0.879630 0.034987 0.879630 0.034987 0.891256 0.017730 0.868006 0.026459 0.868006 0.017730 0.856360 0.026459 0.856359 0.034987 0.856360 0.034987 0.868006 
						0.017730 0.844703 0.026459 0.844703 0.034987 0.844703 0.042741 0.926297 0.042741 0.937795 0.049503 0.926297 0.049503 0.937795 0.049503 0.949427 0.042741 0.949427 0.042741 0.868006 0.042741 0.879630 0.042741 0.856359 0.049503 0.856359 0.049503 0.868006 0.049503 0.879630 0.042740 0.961361 0.042741 0.973354 0.049503 0.961361 0.049503 0.973354 0.042741 0.891256 0.042741 0.902915 0.049503 0.891256 0.049503 0.902915 0.042741 0.751485 0.042741 0.763353 0.042740 0.739392 0.049503 0.739392 0.049503 0.751485 0.049503 0.763353 0.042741 0.821374 0.042741 0.833073 0.049503 0.821374 0.049503 0.833073 0.042741 0.914614 0.049503 0.914614 0.042741 0.774984 0.049503 0.774984 0.042741 0.844703 0.049503 0.844703 0.012006 0.856360 0.012006 0.844703 0.005313 0.856360 0.005313 0.844703 0.005313 0.833073 0.012006 0.833073 0.012006 0.914614 0.012006 0.902915 0.012006 0.926297 0.005313 0.926297 0.005313 0.914614 0.005313 0.902915 0.012006 0.786516 0.012006 0.774984 0.005313 0.786516 0.005313 0.774984 0.005313 0.763353 0.012006 0.763353 0.012006 0.821374 0.012006 0.809764 0.005313 0.821374 0.005313 0.809764 0.012006 0.751485 0.012006 0.739392 0.005313 0.751485 
						0.005313 0.739392 0.066582 0.809764 0.066582 0.821374 0.057694 0.821374 0.057694 0.809764 0.066582 0.833073 0.057694 0.833073 0.012006 0.891256 0.012006 0.879630 0.005313 0.891256 0.005313 0.879630 0.066582 0.763353 0.066582 0.774984 0.057694 0.774984 0.057694 0.763353 0.066582 0.786516 0.057694 0.786516 0.017730 0.798089 0.012006 0.798089 0.005313 0.798089 0.066582 0.739392 0.066582 0.751485 0.057694 0.751485 0.057694 0.739392 0.012006 0.961361 0.012006 0.949427 0.012006 0.973354 0.005313 0.973354 0.005313 0.961361 0.005313 0.949426 0.066582 0.949427 0.066582 0.961361 0.057694 0.961361 0.057694 0.949427 0.066582 0.973354 0.057694 0.973354 0.012006 0.868006 0.005313 0.868006 0.012006 0.937795 0.005313 0.937795 0.066582 0.902915 0.066582 0.914614 0.057694 0.914614 0.057694 0.902915 0.066582 0.926297 0.057694 0.926297 0.066582 0.879630 0.066582 0.891256 0.057694 0.891256 0.057694 0.879630 0.066582 0.844703 0.057694 0.844703 0.066582 0.856359 0.057694 0.856359 0.066582 0.937795 0.057694 0.937795 0.066582 0.868006 0.057694 0.868006 0.066582 0.798089 0.057694 0.798089 0.026459 0.798089 
					</float_array>
					<technique_common>
						<accessor count="189" offset="0" source="#meshId1-tex0-array" stride="2">
							<param name="S" type="float" />
							<param name="T" type="float" />
						</accessor>
					</technique_common>
				</source>
				<vertices id="meshId1-vertices">
					<input semantic="POSITION" source="#meshId1-positions" />
				</vertices>
				<polylist count="320" material="defaultMaterial">
					<input offset="0" semantic="VERTEX" source="#meshId1-vertices" />
					<input offset="0" semantic="NORMAL" source="#meshId1-normals" />
					<input offset="0" semantic="TANGENT" source="#meshId1-tangents" />
					<input offset="0" semantic="BINORMAL" source="#meshId1-bitangents" />
					<input offset="0" semantic="TEXCOORD" source="#meshId1-tex0" set="0" />
					<vcount>
						3 3 3 3 3 3 3 3 3 3 3 3 3 3 3 3 3 3 3 3 3 3 3 3 3 3 3 3 3 3 3 3 3 3 3 3 3 3 3 3 3 3 3 3 3 3 3 3 3 3 3 3 3 3 3 3 3 3 3 3 3 3 3 3 
						3 3 3 3 3 3 3 3 3 3 3 3 3 3 3 3 3 3 3 3 3 3 3 3 3 3 3 3 3 3 3 3 3 3 3 3 3 3 3 3 3 3 3 3 3 3 3 3 3 3 3 3 3 3 3 3 3 3 3 3 3 3 3 3 
						3 3 3 3 3 3 3 3 3 3 3 3 3 3 3 3 3 3 3 3 3 3 3 3 3 3 3 3 3 3 3 3 3 3 3 3 3 3 3 3 3 3 3 3 3 3 3 3 3 3 3 3 3 3 3 3 3 3 3 3 3 3 3 3 
						3 3 3 3 3 3 3 3 3 3 3 3 3 3 3 3 3 3 3 3 3 3 3 3 3 3 3 3 3 3 3 3 3 3 3 3 3 3 3 3 3 3 3 3 3 3 3 3 3 3 3 3 3 3 3 3 3 3 3 3 3 3 3 3 
						3 3 3 3 3 3 3 3 3 3 3 3 3 3 3 3 3 3 3 3 3 3 3 3 3 3 3 3 3 3 3 3 3 3 3 3 3 3 3 3 3 3 3 3 3 3 3 3 3 3 3 3 3 3 3 3 3 3 3 3 3 3 3 3 
					</vcount>
					<p>
						3 0 1 1 2 3 2 1 4 4 5 2 7 2 5 5 6 7 8 3 2 2 7 8 11 6 9 9 10 11 10 9 12 12 13 10 15 10 13 13 14 15 16 11 10 10 15 16 20 17 18 18 19 20 19 18 21 21 22 19 24 19 22 22 23 24 12 20 19 19 24 12 22 21 25 25 26 22 26 25 27 27 28 26 30 26 28 28 29 30 23 22 26 26 30 23 34 31 32 32 33 34 33 32 35 35 36 33 38 33 36 36 37 38 39 34 33 33 38 39 36 35 40 40 41 36 41 40 42 42 43 41 45 41 43 43 44 45 37 36 41 41 45 37 43 42 46 46 47 43 47 46 48 48 49 47 51 47 49 49 50 51 44 43 47 47 51 44 49 48 52 52 53 49 53 52 54 54 55 53 57 53 55 55 56 57 50 49 53 53 57 50 
						55 54 58 58 59 55 59 58 60 60 61 59 63 59 61 61 62 63 56 55 59 59 63 56 61 60 64 64 65 61 65 64 0 0 3 65 66 65 3 3 8 66 62 61 65 65 66 62 45 44 67 67 68 45 68 67 69 69 70 68 72 68 70 70 71 72 37 45 68 68 72 37 74 56 63 63 73 74 73 63 62 62 75 73 77 73 75 75 76 77 78 74 73 73 77 78 80 39 38 38 79 80 79 38 37 37 72 79 81 79 72 72 71 81 82 80 79 79 81 82 84 50 57 57 83 84 83 57 56 56 74 83 85 83 74 74 78 85 86 84 83 83 85 86 88 23 30 30 87 88 87 30 29 29 89 87 91 87 89 89 90 91 92 88 87 87 91 92 94 8 7 7 93 94 93 7 6 6 11 93 95 93 11 11 16 95 96 94 93 93 95 96 
						67 44 51 51 97 67 97 51 50 50 84 97 98 97 84 84 86 98 69 67 97 97 98 69 13 12 24 24 99 13 99 24 23 23 88 99 100 99 88 88 92 100 14 13 99 99 100 14 75 62 66 66 101 75 101 66 8 8 94 101 102 101 94 94 96 102 76 75 101 101 102 76 64 60 103 103 104 64 104 103 105 105 106 104 108 104 106 106 107 108 0 64 104 104 108 0 110 48 46 46 109 110 109 46 42 42 111 109 113 109 111 111 112 113 114 110 109 109 113 114 18 17 115 115 116 18 116 115 117 117 118 116 120 116 118 118 119 120 21 18 116 116 120 21 122 4 1 1 121 122 121 1 0 0 108 121 123 121 108 108 107 123 124 122 121 121 123 124 126 27 25 25 125 126 125 25 21 21 120 125 127 125 120 120 119 127 128 126 125 125 127 128 
						132 129 130 130 131 132 131 130 133 133 134 131 95 131 134 134 96 95 16 132 131 131 95 16 136 54 52 52 135 136 135 52 48 48 110 135 137 135 110 110 114 137 138 136 135 135 137 138 142 139 140 140 141 142 141 140 143 143 144 141 100 141 144 144 14 100 92 142 141 141 100 92 115 17 145 145 146 115 146 145 4 4 122 146 147 146 122 122 124 147 117 115 146 146 147 117 151 148 149 149 150 151 150 149 139 139 142 150 91 150 142 142 92 91 90 151 150 150 91 90 153 35 32 32 152 153 152 32 31 31 154 152 156 152 154 154 155 156 157 153 152 152 156 157 161 158 159 159 160 161 160 159 162 162 163 160 81 160 163 163 82 81 71 161 160 160 81 71 103 60 58 58 164 103 164 58 54 54 136 164 165 164 136 136 138 165 105 103 164 164 165 105 
						111 42 40 40 166 111 166 40 35 35 153 166 167 166 153 153 157 167 112 111 166 166 167 112 171 168 169 169 170 171 170 169 172 172 173 170 98 170 173 173 69 98 86 171 170 170 98 86 177 174 175 175 176 177 176 175 168 168 171 176 85 176 171 171 86 85 78 177 176 176 85 78 134 133 178 178 179 134 179 178 180 180 181 179 102 179 181 181 76 102 96 134 179 179 102 96 173 172 182 182 183 173 183 182 158 158 161 183 70 183 161 161 71 70 69 173 183 183 70 69 181 180 184 184 185 181 185 184 174 174 177 185 77 185 177 177 78 77 76 181 185 185 77 76 144 143 186 186 187 144 187 186 129 129 132 187 15 187 132 132 16 15 14 144 187 187 15 14 9 6 5 5 188 9 188 5 4 4 145 188 20 188 145 145 17 20 12 9 188 188 20 12 
					</p>
				</polylist>
			</mesh>
		</geometry>
		<geometry id="meshId2" name="meshId2_name" >
			<mesh>
				<source id="meshId2-positions" name="meshId2-positions">
					<float_array id="meshId2-positions-array" count="315"> 
						-4.467679 0.398041 15.382090 -4.460429 0.757353 15.196734 -4.654933 0.780102 15.198754 -4.661725 0.410105 15.389762 -4.449315 1.044184 14.908701 -4.644513 1.075189 14.902132 -4.827775 0.989598 14.810328 -4.836124 0.718207 15.083706 -4.841552 0.377644 15.259836 -4.890996 -0.873804 13.781213 -4.884388 -0.744910 13.519730 -4.784360 -0.995789 13.347260 -4.794485 -1.167859 13.696156 -4.898402 -0.917660 14.069809 -4.805872 -1.226298 14.081072 -4.303954 1.138417 14.148428 -4.420304 1.295961 14.138531 -4.435484 1.229225 14.543981 -4.317503 1.079769 14.505610 -4.329823 0.917136 14.826850 -4.405225 1.235156 13.731032 -4.603167 1.270385 13.691396 -4.617293 1.333389 14.110017 -4.391810 1.053905 13.361126 -4.590606 1.083647 13.311632 -4.784360 0.995787 13.347262 -4.794485 1.167856 13.696159 -4.805873 1.226293 14.081076 -4.381480 0.767061 13.066436 -4.580930 0.788544 13.009243 -4.374978 0.404155 12.875566 -4.574836 0.415418 12.813457 -4.771658 0.381514 12.890072 -4.776565 0.724370 13.069682 -4.372778 -0.000000 12.810480 -4.572774 -0.000000 12.746700 -4.372778 -0.000000 12.810480 -4.374978 -0.404156 12.875565 -4.574836 -0.415419 12.813457 -4.572774 -0.000000 12.746700 -4.771658 -0.381515 12.890069 -4.770000 -0.000000 12.828838 -4.770000 -0.000000 12.828838 -4.381480 -0.767062 13.066433 -4.580930 -0.788545 13.009241 -4.391810 -1.053907 13.361120 -4.590606 -1.083649 13.311630 -4.776565 -0.724371 13.069680 -4.405225 -1.235159 13.731028 -4.603167 -1.270388 13.691391 -4.420304 -1.295965 14.138528 -4.617293 -1.333393 14.110012 -4.435484 -1.229231 14.543978 -4.631534 -1.265229 14.526860 -4.449315 -1.044189 14.908698 -4.644513 -1.075194 14.902131 -4.827775 -0.989603 14.810326 -4.817341 -1.164081 14.464697 -4.460429 -0.757359 15.196733 -4.654933 -0.780108 15.198753 -4.467679 -0.398047 15.382090 -4.661725 -0.410111 15.389761 -4.841552 -0.377650 15.259836 -4.836124 -0.718212 15.083706 
						-4.470157 -0.000003 15.445180 -4.664045 -0.000003 15.454788 -4.843406 -0.000003 15.319808 -4.317502 -1.079774 14.505606 -4.329823 -0.917141 14.826849 -4.303953 -1.138421 14.148426 -4.263435 -0.354783 13.036345 -4.261478 -0.000000 12.979082 -4.261478 -0.000000 12.979082 -4.263435 0.354782 13.036345 -4.879306 -0.541759 13.311825 -4.876111 -0.285279 13.177367 -4.339715 0.665119 15.080434 -4.346165 0.349518 15.243562 -4.905812 0.871137 14.357511 -4.912504 0.740549 14.616718 -4.817341 1.164076 14.464702 -4.898403 0.917656 14.069812 -4.269227 0.673493 13.204287 -4.278450 0.925536 13.463686 -4.875031 -0.000001 13.131536 -4.876111 0.285278 13.177368 -4.875031 -0.000001 13.131536 -4.290460 -1.084901 13.789455 -4.278450 -0.925538 13.463685 -4.917815 0.537424 14.821703 -4.921247 0.282562 14.953741 -4.879306 0.541757 13.311827 -4.884388 0.744907 13.519730 -4.348370 -0.000003 15.299079 -4.346165 -0.349525 15.243561 -4.922415 -0.000003 14.998697 -4.921247 -0.282567 14.953741 -4.290461 1.084898 13.789457 -4.890996 0.873801 13.781216 -4.269227 -0.673494 13.204286 -4.917815 -0.537429 14.821701 -4.912504 -0.740554 14.616718 -4.339715 -0.665125 15.080433 -4.905812 -0.871141 14.357509 -4.631534 1.265223 14.526863 
					</float_array>
					<technique_common>
						<accessor count="105" offset="0" source="#meshId2-positions-array" stride="3">
							<param name="X" type="float" />
							<param name="Y" type="float" />
							<param name="Z" type="float" />
						</accessor>
					</technique_common>
				</source>
				<source id="meshId2-normals" name="meshId2-normals">
					<float_array id="meshId2-normals-array" count="315"> 
						0.434245 0.273926 0.858135 0.447143 0.517559 0.729517 -0.260160 0.575534 0.775292 -0.278733 0.302588 0.911454 0.466208 0.705708 0.533504 -0.231584 0.792773 0.563808 -0.795889 0.504605 0.334567 -0.808558 0.362222 0.463712 -0.816434 0.189189 0.545567 -0.953237 -0.279505 -0.114966 -0.949777 -0.242435 -0.197863 -0.730273 -0.545098 -0.411787 -0.746010 -0.627228 -0.223729 -0.957279 -0.287954 -0.026439 -0.763018 -0.645918 -0.024362 0.802653 0.595314 0.036730 0.514104 0.857199 0.030130 0.489580 0.821595 0.292050 0.792344 0.569671 0.218325 0.783003 0.488440 0.385139 0.538059 0.811306 -0.228639 -0.121406 0.945989 -0.300609 -0.158590 0.987345 0.000150 0.558768 0.689153 -0.461353 -0.088353 0.811889 -0.577087 -0.730273 0.545100 -0.411786 -0.746009 0.627229 -0.223728 -0.763017 0.645919 -0.024361 0.575103 0.500973 -0.646748 -0.062488 0.595158 -0.801176 0.585192 0.263754 -0.766801 -0.046009 0.314867 -0.948020 -0.710150 0.214758 -0.670497 -0.718264 0.403349 -0.566928 0.588884 0.000001 -0.808218 -0.040299 0.000001 -0.999188 0.588884 0.000001 -0.808218 0.585191 -0.263752 -0.766803 -0.046009 -0.314865 -0.948021 -0.040299 0.000001 -0.999188 -0.710148 -0.214756 -0.670499 -0.707693 0.000001 -0.706520 -0.707693 0.000001 -0.706520 0.575103 -0.500971 -0.646749 -0.062489 -0.595155 -0.801178 0.558768 -0.689151 -0.461356 -0.088352 -0.811887 -0.577090 -0.718265 -0.403347 -0.566927 0.538059 -0.811305 -0.228641 -0.121406 -0.945988 -0.300612 0.514103 -0.857199 0.030129 -0.158590 -0.987345 0.000147 0.489581 -0.821595 0.292048 -0.196597 -0.934331 0.297281 0.466211 -0.705708 0.533502 -0.231584 -0.792774 0.563807 -0.795889 -0.504605 0.334565 -0.780470 -0.602369 0.167386 0.447144 -0.517560 0.729516 -0.260161 -0.575535 0.775290 0.434245 -0.273927 0.858135 -0.278733 -0.302588 0.911454 -0.816434 -0.189189 0.545566 -0.808559 -0.362223 0.463711 
						0.429917 0.000000 0.902868 -0.285334 0.000000 0.958428 -0.819411 0.000000 0.573207 0.792343 -0.569673 0.218325 0.783005 -0.488439 0.385137 0.802651 -0.595317 0.036729 0.833253 -0.184470 -0.521209 0.834693 0.000002 -0.550716 0.834693 0.000002 -0.550716 0.833253 0.184473 -0.521210 -0.947068 -0.179368 -0.266249 -0.945455 -0.095377 -0.311478 0.775122 0.357973 0.520615 0.770153 0.189303 0.609122 -0.961365 0.268901 0.058903 -0.965196 0.225063 0.133201 -0.780469 0.602370 0.167388 -0.957279 0.287953 -0.026439 0.828568 0.350216 -0.436834 0.821600 0.480784 -0.306300 -0.944841 0.000001 -0.327530 -0.945455 0.095377 -0.311479 -0.944841 0.000001 -0.327530 0.812535 -0.564986 -0.143452 0.821599 -0.480784 -0.306302 -0.968251 0.161630 0.190700 -0.970289 0.084305 0.226788 -0.947068 0.179368 -0.266250 -0.949776 0.242438 -0.197863 0.768225 0.000000 0.640180 0.770153 -0.189303 0.609121 -0.970958 0.000000 0.239248 -0.970289 -0.084305 0.226787 0.812536 0.564984 -0.143451 -0.953237 0.279505 -0.114966 0.828568 -0.350215 -0.436835 -0.968251 -0.161631 0.190699 -0.965196 -0.225064 0.133201 0.775124 -0.357973 0.520614 -0.961365 -0.268902 0.058902 -0.196597 0.934330 0.297282 
					</float_array>
					<technique_common>
						<accessor count="105" offset="0" source="#meshId2-normals-array" stride="3">
							<param name="X" type="float" />
							<param name="Y" type="float" />
							<param name="Z" type="float" />
						</accessor>
					</technique_common>
				</source>
				<source id="meshId2-tangents" name="meshId2-tangents">
					<float_array id="meshId2-tangents-array" count="315"> 
						-0.899537 0.182190 0.397039 -0.891096 0.328445 0.313163 -0.959902 -0.067323 -0.272132 -0.958303 -0.025413 -0.284623 -0.880379 0.429446 0.201267 -0.965326 -0.115497 -0.234108 -0.598693 -0.573649 -0.559011 -0.584877 -0.408434 -0.700786 -0.575997 -0.200089 -0.792586 -0.297930 0.932953 0.202083 -0.309699 0.818840 0.483309 -0.681846 0.618873 0.389977 -0.663604 0.728273 0.171019 -0.284106 0.953620 -0.099461 -0.643318 0.762529 -0.068494 -0.593466 0.803275 -0.050474 -0.851155 0.514189 -0.105568 -0.867457 0.492909 0.067516 -0.605333 0.778650 0.165154 -0.620319 0.658897 0.425510 -0.835438 0.477266 -0.272508 -0.981029 -0.160468 -0.108773 -0.976841 -0.156881 -0.145498 -0.823683 0.396394 -0.405485 -0.987590 -0.146921 -0.055499 -0.678813 -0.646846 0.347566 -0.659918 -0.741360 0.122037 -0.638152 -0.758765 -0.130527 -0.814791 0.279927 -0.507698 -0.993193 -0.116146 -0.008815 -0.810392 0.156933 -0.564479 -0.997164 -0.071062 0.024792 -0.702944 -0.269663 0.658143 -0.693230 -0.484447 0.533614 -0.807326 0.046947 -0.588235 -0.998859 -0.025647 0.040286 -0.808218 0.000001 -0.588884 -0.810115 -0.148684 -0.567103 -0.998608 0.039018 0.035505 -0.999153 -0.008276 0.040298 -0.704043 0.221397 0.674764 -0.706293 0.025347 0.707465 -0.704428 -0.076897 0.705597 -0.816622 -0.304353 -0.490406 -0.995935 0.089357 0.011300 -0.826196 -0.414304 -0.381774 -0.991370 0.127999 -0.028300 -0.695358 0.444150 0.564985 -0.838397 -0.487091 -0.244607 -0.985496 0.151052 -0.077337 -0.852684 -0.514568 -0.090279 -0.979036 0.157236 -0.129480 -0.867456 -0.492912 0.067512 -0.972735 0.147816 -0.178712 -0.881546 -0.421250 0.213133 -0.967221 0.125576 -0.220713 -0.603165 0.612960 -0.510364 -0.622145 0.721906 -0.302965 -0.893011 -0.304751 0.331148 -0.962845 0.094401 -0.253019 -0.900557 -0.153928 0.406576 -0.959871 0.057237 -0.274538 -0.577308 0.247339 -0.778164 -0.587356 0.449581 -0.672971 
						-0.902768 0.014942 0.429869 -0.958294 0.016744 -0.285294 -0.573032 0.024743 -0.819160 -0.605334 -0.778650 0.165153 -0.618339 -0.678443 0.396702 -0.591131 -0.802189 -0.084002 -0.552549 -0.244674 -0.796758 -0.549364 -0.070024 -0.832644 -0.550716 0.000001 -0.834693 -0.552556 0.244966 -0.796664 -0.318855 0.621987 0.715167 -0.324409 0.362453 0.873720 -0.631710 0.453809 0.628490 -0.637841 0.221267 0.737699 -0.274730 -0.923744 -0.266872 -0.261129 -0.801270 -0.538311 -0.615772 -0.694335 -0.372455 -0.288714 -0.956887 0.031800 -0.559620 0.493897 -0.665500 -0.569260 0.663418 -0.485613 -0.327530 -0.000002 0.944841 -0.325472 -0.236825 0.915413 -0.324625 0.132899 0.936459 -0.577752 -0.747896 -0.326885 -0.565838 -0.622472 -0.540700 -0.249874 -0.603384 -0.757292 -0.241930 -0.350276 -0.904863 -0.320993 -0.516030 0.794151 -0.312909 -0.743214 0.591372 -0.639789 -0.034966 0.767755 -0.636628 -0.287420 0.715608 -0.238735 -0.065485 -0.968874 -0.240266 0.225351 -0.944187 -0.581689 0.769967 -0.262277 -0.302017 -0.895071 0.328074 -0.557082 -0.437652 -0.705776 -0.246772 0.496156 -0.832426 -0.257001 0.721909 -0.642493 -0.629406 -0.509301 0.586907 -0.270097 0.880111 -0.390452 -0.972735 -0.147818 -0.178707 
					</float_array>
					<technique_common>
						<accessor count="105" offset="0" source="#meshId2-tangents-array" stride="3">
							<param name="X" type="float" />
							<param name="Y" type="float" />
							<param name="Z" type="float" />
						</accessor>
					</technique_common>
				</source>
				<source id="meshId2-bitangents" name="meshId2-bitangents">
					<float_array id="meshId2-bitangents-array" count="315"> 
						-0.047584 -0.944336 0.325522 -0.077526 -0.790099 0.608057 -0.104426 -0.815002 0.569971 -0.062960 -0.952783 0.297054 -0.087075 -0.563518 0.821502 -0.120476 -0.598474 0.792032 -0.090156 -0.645213 0.758664 -0.064444 -0.837841 0.542098 -0.040787 -0.961339 0.272332 0.050775 0.226884 -0.972597 0.044847 0.520313 -0.852797 0.042268 0.565565 -0.823620 0.055668 0.276049 -0.959530 0.053853 -0.087700 -0.994690 0.062818 -0.036590 -0.997354 -0.059552 0.018715 0.998050 -0.105985 0.028627 0.993956 -0.088483 -0.286395 0.954017 -0.075915 -0.263018 0.961800 -0.045931 -0.572085 0.818907 -0.111966 0.337639 0.934593 -0.151136 0.281701 0.947524 -0.143633 -0.023221 0.989358 -0.096564 0.606580 0.789136 -0.129845 0.565022 0.814795 -0.076904 0.533344 0.842395 -0.089317 0.238683 0.966981 -0.102794 -0.084049 0.991145 -0.073301 0.818942 0.569175 -0.098300 0.795171 0.598364 -0.028547 0.951738 0.305580 -0.059562 0.946472 0.317244 -0.039467 0.938702 0.342464 -0.059414 0.776286 0.627574 0.037943 0.998897 0.027648 -0.025626 0.999671 0.001035 -0.000000 1.000000 0.000002 0.035563 0.953062 -0.300678 0.025811 0.948334 -0.316222 -0.008269 0.999966 0.000335 0.003537 0.951243 -0.308423 0.017909 0.999679 -0.017937 -0.054328 0.997039 0.054420 0.048839 0.810183 -0.584138 0.064865 0.798627 -0.598320 0.071959 0.594494 -0.800874 0.096843 0.569610 -0.816190 0.023916 0.800026 -0.599488 0.087082 0.323305 -0.942279 0.118568 0.286863 -0.950606 0.092890 0.020723 -0.995461 0.127818 -0.020678 -0.991582 0.088486 -0.286392 -0.954018 0.123033 -0.324309 -0.937916 0.074328 -0.569671 -0.818505 0.104175 -0.596440 -0.795869 0.052458 -0.607991 -0.792209 0.061660 -0.340593 -0.938187 0.050931 -0.799536 -0.598454 0.072434 -0.812310 -0.578710 0.020719 -0.949352 -0.313529 0.030904 -0.951401 -0.306400 0.012281 -0.950279 -0.311156 0.035289 -0.816500 -0.576266 
						-0.013491 -0.999888 0.006424 -0.016048 -0.999860 -0.004777 -0.014183 -0.999694 -0.020274 0.075916 -0.263017 -0.961800 0.067529 -0.548765 -0.833245 0.079471 0.045712 -0.995788 0.019452 0.951896 -0.305805 -0.038565 0.997545 -0.058448 -0.000001 1.000000 0.000002 -0.019284 0.951820 0.306050 0.037326 0.762207 -0.646257 0.029563 0.927109 -0.373624 -0.011278 -0.816034 0.577893 0.004870 -0.956664 0.291154 -0.017351 -0.272743 0.961930 -0.014424 -0.554358 0.832153 -0.108133 -0.393762 0.912830 -0.016143 0.038075 0.999144 -0.017318 0.795873 0.605216 -0.030270 0.573344 0.818755 0.000001 1.000000 0.000002 0.013543 0.966859 0.254950 0.043530 0.991130 -0.125568 0.077398 0.348485 -0.934113 0.069295 0.617556 -0.783468 -0.007336 -0.780899 0.624614 0.003154 -0.932845 0.360265 0.005053 0.837580 0.546292 -0.003684 0.623584 0.781748 0.022385 -0.999388 -0.026862 0.039607 -0.938911 -0.341873 0.015667 -0.997854 0.063583 0.028493 -0.970623 -0.238911 -0.037730 0.296553 0.954271 -0.011204 0.347454 0.937630 0.055992 0.828137 -0.557723 0.039929 -0.853056 -0.520289 0.048443 -0.654365 -0.754626 0.055052 -0.782603 -0.620082 0.053153 -0.391276 -0.918737 -0.123028 -0.324310 0.937917 
					</float_array>
					<technique_common>
						<accessor count="105" offset="0" source="#meshId2-bitangents-array" stride="3">
							<param name="X" type="float" />
							<param name="Y" type="float" />
							<param name="Z" type="float" />
						</accessor>
					</technique_common>
				</source>
				<source id="meshId2-tex0" name="meshId2-tex0">
					<float_array id="meshId2-tex0-array" count="210"> 
						0.813314 0.769547 0.813314 0.749679 0.823363 0.749679 0.823363 0.769547 0.813314 0.729297 0.823363 0.729297 0.834130 0.729297 0.834130 0.749679 0.834130 0.769547 0.850971 0.895231 0.850971 0.913022 0.834130 0.913022 0.834130 0.895231 0.850971 0.877491 0.834130 0.877491 0.803094 0.687562 0.813314 0.687562 0.813314 0.708529 0.803094 0.708529 0.803094 0.729297 0.813314 0.666233 0.823363 0.666233 0.823363 0.687562 0.813314 0.645723 0.823363 0.645723 0.834130 0.645723 0.834130 0.666233 0.834130 0.687562 0.813314 0.625093 0.823363 0.625093 0.813314 0.604558 0.823363 0.604558 0.834130 0.604558 0.834130 0.625093 0.813314 0.579332 0.823363 0.579332 0.813314 0.965827 0.813314 0.947205 0.823363 0.947205 0.823363 0.965827 0.834130 0.947205 0.834130 0.965827 0.834130 0.579332 0.813314 0.930513 0.823363 0.930513 0.813314 0.913022 0.823363 0.913022 0.834130 0.930513 0.813314 0.895231 0.823363 0.895231 0.813314 0.877491 0.823363 0.877491 0.813314 0.859403 0.823363 0.859403 0.813314 0.841667 0.823363 0.841667 0.834130 0.841667 0.834130 0.859403 0.813314 0.824313 0.823363 0.824313 0.813314 0.807681 0.823363 0.807681 0.834130 0.807681 0.834130 0.824313 
						0.813314 0.788819 0.823363 0.788819 0.834130 0.788819 0.803094 0.859403 0.803094 0.841667 0.803094 0.877491 0.803094 0.947205 0.803094 0.965827 0.803094 0.579332 0.803094 0.604558 0.850971 0.930513 0.850971 0.947205 0.803094 0.749679 0.803094 0.769547 0.850971 0.708529 0.850971 0.729297 0.834130 0.708529 0.850971 0.687562 0.803094 0.625093 0.803094 0.645723 0.850971 0.579332 0.850971 0.604558 0.850971 0.965827 0.803094 0.895231 0.803094 0.913022 0.850971 0.749679 0.850971 0.769547 0.850971 0.625093 0.850971 0.645723 0.803094 0.788819 0.803094 0.807681 0.850971 0.788819 0.850971 0.807681 0.803094 0.666233 0.850971 0.666233 0.803094 0.930513 0.850971 0.824313 0.850971 0.841667 0.803094 0.824313 0.850971 0.859403 0.823363 0.708529 
					</float_array>
					<technique_common>
						<accessor count="105" offset="0" source="#meshId2-tex0-array" stride="2">
							<param name="S" type="float" />
							<param name="T" type="float" />
						</accessor>
					</technique_common>
				</source>
				<vertices id="meshId2-vertices">
					<input semantic="POSITION" source="#meshId2-positions" />
				</vertices>
				<polylist count="160" material="defaultMaterial">
					<input offset="0" semantic="VERTEX" source="#meshId2-vertices" />
					<input offset="0" semantic="NORMAL" source="#meshId2-normals" />
					<input offset="0" semantic="TANGENT" source="#meshId2-tangents" />
					<input offset="0" semantic="BINORMAL" source="#meshId2-bitangents" />
					<input offset="0" semantic="TEXCOORD" source="#meshId2-tex0" set="0" />
					<vcount>
						3 3 3 3 3 3 3 3 3 3 3 3 3 3 3 3 3 3 3 3 3 3 3 3 3 3 3 3 3 3 3 3 3 3 3 3 3 3 3 3 3 3 3 3 3 3 3 3 3 3 3 3 3 3 3 3 3 3 3 3 3 3 3 3 
						3 3 3 3 3 3 3 3 3 3 3 3 3 3 3 3 3 3 3 3 3 3 3 3 3 3 3 3 3 3 3 3 3 3 3 3 3 3 3 3 3 3 3 3 3 3 3 3 3 3 3 3 3 3 3 3 3 3 3 3 3 3 3 3 
						3 3 3 3 3 3 3 3 3 3 3 3 3 3 3 3 3 3 3 3 3 3 3 3 3 3 3 3 3 3 3 3 
					</vcount>
					<p>
						3 0 1 1 2 3 2 1 4 4 5 2 7 2 5 5 6 7 8 3 2 2 7 8 12 9 10 10 11 12 14 13 9 9 12 14 18 15 16 16 17 18 19 18 17 17 4 19 22 16 20 20 21 22 21 20 23 23 24 21 26 21 24 24 25 26 27 22 21 21 26 27 24 23 28 28 29 24 29 28 30 30 31 29 33 29 31 31 32 33 25 24 29 29 33 25 31 30 34 34 35 31 39 36 37 37 38 39 41 39 38 38 40 41 32 31 35 35 42 32 38 37 43 43 44 38 44 43 45 45 46 44 47 44 46 46 11 47 40 38 44 44 47 40 46 45 48 48 49 46 49 48 50 50 51 49 12 49 51 51 14 12 11 46 49 49 12 11 51 50 52 52 53 51 53 52 54 54 55 53 57 53 55 55 56 57 14 51 53 53 57 14 
						55 54 58 58 59 55 59 58 60 60 61 59 63 59 61 61 62 63 56 55 59 59 63 56 61 60 64 64 65 61 65 64 0 0 3 65 66 65 3 3 8 66 62 61 65 65 66 62 52 67 68 68 54 52 50 69 67 67 52 50 71 70 37 37 36 71 73 72 34 34 30 73 47 74 75 75 40 47 11 10 74 74 47 11 1 76 19 19 4 1 0 77 76 76 1 0 80 78 79 79 6 80 27 81 78 78 80 27 28 82 73 73 30 28 23 83 82 82 28 23 42 84 85 85 32 42 40 75 86 86 41 40 48 87 69 69 50 48 45 88 87 87 48 45 7 89 90 90 8 7 6 79 89 89 7 6 33 91 92 92 25 33 32 85 91 91 33 32 64 93 77 77 0 64 60 94 93 93 64 60 66 95 96 96 62 66 8 90 95 95 66 8 
						20 97 83 83 23 20 16 15 97 97 20 16 26 98 81 81 27 26 25 92 98 98 26 25 43 99 88 88 45 43 37 70 99 99 43 37 63 100 101 101 56 63 62 96 100 100 63 62 58 102 94 94 60 58 54 68 102 102 58 54 57 103 13 13 14 57 56 101 103 103 57 56 80 6 5 5 104 80 104 5 4 4 17 104 22 104 17 17 16 22 27 80 104 104 22 27 
					</p>
				</polylist>
			</mesh>
		</geometry>
		<geometry id="meshId3" name="meshId3_name" >
			<mesh>
				<source id="meshId3-positions" name="meshId3-positions">
					<float_array id="meshId3-positions-array" count="378"> 
						0.161985 0.939179 16.743832 0.309530 0.983390 16.867697 0.430105 1.355067 16.517881 0.274875 1.294068 16.408754 0.494548 0.957435 16.901804 0.613707 1.319382 16.561951 0.763805 1.555019 16.132915 0.581930 1.596959 16.076330 0.416957 1.524945 15.985848 0.065157 -0.000003 17.032017 0.206172 -0.000003 17.168541 0.232795 0.516290 17.090860 0.090105 0.493096 16.957603 0.392480 -0.000003 17.194052 0.418758 0.502646 17.118595 0.161986 -0.939185 16.743830 0.309531 -0.983396 16.867697 0.232795 -0.516297 17.090858 0.090106 -0.493102 16.957603 0.494549 -0.957441 16.901804 0.418759 -0.502653 17.118595 0.416957 -1.524950 15.985847 0.581931 -1.596964 16.076328 0.430106 -1.355073 16.517881 0.274875 -1.294074 16.408752 0.763806 -1.555024 16.132912 0.613708 -1.319388 16.561949 0.731689 -1.532565 15.039775 0.918581 -1.605294 15.088367 0.750329 -1.682607 15.583801 0.574460 -1.606562 15.514179 1.096836 -1.563402 15.172761 0.930346 -1.638559 15.654272 0.985031 -0.951729 14.264717 1.190220 -0.997114 14.278906 1.070022 -1.368553 14.638742 0.873019 -1.306398 14.609259 1.365974 -0.971216 14.386019 1.246820 -1.332934 14.735750 1.080988 0.000000 13.965469 1.293414 0.000000 13.966396 1.266805 -0.524724 14.047481 1.056275 -0.500809 14.043118 1.468419 0.000000 14.082328 1.441983 -0.511112 14.161118 0.985030 0.951728 14.264721 1.190219 0.997113 14.278910 1.266805 0.524724 14.047483 1.056275 0.500809 14.043119 1.365973 0.971215 14.386023 1.441983 0.511112 14.161119 1.468419 0.000000 14.082328 1.293414 0.000000 13.966396 1.080988 0.000000 13.965469 0.731688 1.532561 15.039780 0.918580 1.605290 15.088372 1.070020 1.368551 14.638746 0.873018 1.306396 14.609262 1.096834 1.563399 15.172766 1.246818 1.332932 14.735755 0.755187 1.173565 16.500879 0.888897 1.383008 16.119106 0.649026 0.851688 16.803322 0.544983 -1.088346 15.123739 
						0.641321 -0.928053 14.816011 0.736040 -1.144906 14.682232 0.614591 -1.343024 15.060604 0.717530 -0.676289 14.569519 0.832194 -0.834123 14.379343 0.649027 -0.851694 16.803322 0.755188 -1.173571 16.500879 0.888898 -1.383013 16.119104 1.492321 0.454186 14.365634 1.515808 0.000000 14.295650 1.424765 0.863152 14.565469 0.765873 -0.355929 14.410860 0.893269 -0.438936 14.184484 0.782599 -0.000000 14.355232 0.914426 -0.000000 14.116192 1.037197 -1.457097 15.693247 1.185385 -1.390018 15.264933 0.544981 1.088343 15.123741 0.437644 1.140441 15.462490 0.479359 1.407748 15.477427 0.614590 1.343021 15.060609 0.330029 1.082066 15.798965 0.343820 1.336114 15.891735 0.574459 1.606557 15.514182 0.232924 0.917891 16.100384 0.221518 1.133723 16.263123 0.155778 0.665945 16.339033 0.124333 0.822740 16.557327 0.581527 0.447150 16.996258 0.558133 -0.000003 17.063414 0.782599 -0.000000 14.355232 0.765872 0.355927 14.410862 0.893268 0.438936 14.184486 0.914426 -0.000000 14.116192 0.717529 0.676287 14.569521 0.832193 0.834121 14.379346 1.318812 1.184863 14.876345 1.185384 1.390015 15.264938 0.106688 0.349571 16.491215 0.062455 0.431941 16.744995 0.089661 -0.000003 16.544167 0.040980 -0.000003 16.810318 0.641320 0.928050 14.816013 0.736039 1.144904 14.682237 1.318813 -1.184865 14.876341 1.424766 -0.863153 14.565466 0.106688 -0.349577 16.491213 0.062455 -0.431947 16.744995 0.155779 -0.665951 16.339033 0.124333 -0.822746 16.557325 0.581527 -0.447156 16.996258 1.037196 1.457092 15.693249 0.930345 1.638555 15.654276 0.232924 -0.917896 16.100384 0.221518 -1.133729 16.263121 0.330029 -1.082071 15.798965 0.343820 -1.336119 15.891733 1.492321 -0.454186 14.365632 1.515808 0.000000 14.295650 0.437644 -1.140445 15.462486 0.479360 -1.407753 15.477426 0.750327 1.682603 15.583805 
					</float_array>
					<technique_common>
						<accessor count="126" offset="0" source="#meshId3-positions-array" stride="3">
							<param name="X" type="float" />
							<param name="Y" type="float" />
							<param name="Z" type="float" />
						</accessor>
					</technique_common>
				</source>
				<source id="meshId3-normals" name="meshId3-normals">
					<float_array id="meshId3-normals-array" count="378"> 
						-0.838876 0.426589 0.338096 -0.366055 0.581735 0.726352 -0.286934 0.802021 0.523861 -0.781717 0.592940 0.193238 0.296728 0.487613 0.821088 0.360295 0.670286 0.648772 0.439832 0.787343 0.432016 -0.186944 0.945081 0.268094 -0.708101 0.706072 0.007377 -0.887387 -0.000001 0.461025 -0.434020 -0.000001 0.900903 -0.416685 0.305488 0.856184 -0.875175 0.222648 0.429530 0.242133 -0.000000 0.970243 0.256302 0.256620 0.931910 -0.838878 -0.426588 0.338093 -0.366061 -0.581733 0.726351 -0.416690 -0.305488 0.856181 -0.875176 -0.222648 0.429529 0.296727 -0.487613 0.821089 0.256299 -0.256620 0.931910 -0.708100 -0.706073 0.007375 -0.186944 -0.945081 0.268092 -0.286938 -0.802021 0.523860 -0.781718 -0.592939 0.193236 0.439833 -0.787345 0.432013 0.360295 -0.670287 0.648770 -0.539475 -0.728596 -0.422037 0.036096 -0.952161 -0.303456 -0.075798 -0.996984 -0.016684 -0.625081 -0.753410 -0.204075 0.615804 -0.786454 -0.047702 0.528100 -0.827175 0.192072 -0.395197 -0.464928 -0.792251 0.219623 -0.594021 -0.773889 0.137900 -0.813842 -0.564487 -0.460336 -0.630188 -0.625263 0.757587 -0.485988 -0.435749 0.695049 -0.668799 -0.263846 -0.337547 0.000001 -0.941308 0.290925 0.000002 -0.956746 0.272602 -0.313512 -0.909614 -0.352682 -0.247273 -0.902481 0.811527 0.000001 -0.584314 0.797891 -0.255489 -0.545981 -0.395196 0.464930 -0.792250 0.219623 0.594024 -0.773887 0.272602 0.313515 -0.909613 -0.352678 0.247275 -0.902482 0.757586 0.485990 -0.435749 0.797889 0.255492 -0.545982 0.811527 0.000001 -0.584314 0.290925 0.000002 -0.956746 -0.337547 0.000001 -0.941308 -0.539476 0.728596 -0.422035 0.036094 0.952162 -0.303455 0.137899 0.813843 -0.564485 -0.460336 0.630189 -0.625262 0.615803 0.786454 -0.047701 0.695048 0.668801 -0.263844 0.693169 0.430416 0.578151 0.743405 0.505429 0.438053 0.653575 0.313048 0.689087 -0.922192 -0.165238 -0.349655 
						-0.905175 -0.149402 -0.397916 -0.829821 -0.285048 -0.479734 -0.863597 -0.322949 -0.387173 -0.890284 -0.114583 -0.440755 -0.801137 -0.214246 -0.558819 0.653577 -0.313047 0.689086 0.693171 -0.430416 0.578149 0.743406 -0.505430 0.438051 0.967624 0.162829 -0.192850 0.976196 0.000000 -0.216889 0.942784 0.310252 -0.122074 -0.879860 -0.062864 -0.471057 -0.781895 -0.115552 -0.612608 -0.876152 0.000000 -0.482034 -0.774943 0.000000 -0.632031 0.798773 -0.531055 0.282742 0.854133 -0.504120 0.127750 -0.922192 0.165238 -0.349654 -0.939144 0.163544 -0.302096 -0.898849 0.327094 -0.291685 -0.863597 0.322950 -0.387173 -0.954475 0.146932 -0.259593 -0.931950 0.300783 -0.202481 -0.625082 0.753410 -0.204073 -0.967110 0.118980 -0.224815 -0.960359 0.248341 -0.126642 -0.976412 0.082813 -0.199405 -0.981934 0.176175 -0.069052 0.627921 0.164966 0.760593 0.619260 0.000000 0.785186 -0.876152 0.000000 -0.482034 -0.879861 0.062863 -0.471055 -0.781894 0.115552 -0.612608 -0.774943 0.000000 -0.632031 -0.890284 0.114583 -0.440755 -0.801138 0.214246 -0.558817 0.903638 0.428133 -0.011860 0.854133 0.504119 0.127751 -0.982000 0.042163 -0.184116 -0.995289 0.090960 -0.033569 -0.983814 -0.000000 -0.179195 -0.999769 -0.000001 -0.021495 -0.905175 0.149403 -0.397916 -0.829822 0.285049 -0.479733 0.903638 -0.428132 -0.011861 0.942784 -0.310251 -0.122074 -0.982000 -0.042164 -0.184116 -0.995288 -0.090962 -0.033568 -0.976412 -0.082813 -0.199405 -0.981934 -0.176176 -0.069052 0.627922 -0.164965 0.760592 0.798773 0.531053 0.282743 0.528099 0.827176 0.192074 -0.967110 -0.118979 -0.224815 -0.960359 -0.248341 -0.126642 -0.954475 -0.146933 -0.259594 -0.931950 -0.300783 -0.202482 0.967624 -0.162827 -0.192851 0.976196 0.000000 -0.216889 -0.939143 -0.163546 -0.302098 -0.898848 -0.327094 -0.291686 -0.075800 0.996983 -0.016683 
					</float_array>
					<technique_common>
						<accessor count="126" offset="0" source="#meshId3-normals-array" stride="3">
							<param name="X" type="float" />
							<param name="Y" type="float" />
							<param name="Z" type="float" />
						</accessor>
					</technique_common>
				</source>
				<source id="meshId3-tangents" name="meshId3-tangents">
					<float_array id="meshId3-tangents-array" count="378"> 
						-0.501469 -0.364102 -0.784830 -0.908130 -0.052845 -0.415341 -0.914897 -0.067331 -0.398033 -0.552669 -0.515113 -0.655146 -0.927158 0.353069 0.125386 -0.881295 0.472565 0.001191 -0.826753 0.542850 -0.147626 -0.919227 -0.072025 -0.387084 -0.621134 -0.617882 -0.482094 -0.460859 0.026805 -0.887069 -0.900846 -0.011232 -0.433993 -0.903320 -0.033554 -0.427653 -0.469609 -0.177445 -0.864859 -0.970012 0.021846 0.242075 -0.957730 0.197709 0.208960 -0.512080 0.407902 -0.755904 -0.903341 0.034633 -0.427522 -0.900802 0.012180 -0.434060 -0.475169 0.228567 -0.849689 -0.932776 -0.332250 0.139779 -0.962522 -0.156194 0.221707 -0.636013 0.633233 -0.441026 -0.915284 0.068447 -0.396951 -0.908310 0.054033 -0.414793 -0.567332 0.547492 -0.615131 -0.834242 -0.536314 -0.128092 -0.883794 -0.467815 0.007485 -0.784416 0.617068 -0.062602 -0.932490 0.077111 -0.352870 -0.923604 0.076505 -0.375635 -0.710617 0.657448 -0.250571 -0.720509 -0.537601 -0.438010 -0.780067 -0.561926 -0.275199 -0.900777 0.365191 0.235023 -0.948472 0.055706 -0.311927 -0.941077 0.070030 -0.330862 -0.849771 0.516598 0.104959 -0.623745 -0.342267 -0.702706 -0.666556 -0.461883 -0.585122 -0.941309 -0.000001 0.337547 -0.956647 0.014341 -0.290895 -0.953887 0.035401 -0.298072 -0.932094 0.177925 0.315504 -0.583754 -0.043778 -0.810749 -0.595238 -0.190900 -0.780544 -0.889827 -0.407914 0.204487 -0.953339 -0.037756 -0.299531 -0.956461 -0.014143 -0.291516 -0.926311 -0.228859 0.299284 -0.614766 0.306880 -0.726558 -0.590513 0.149317 -0.793094 -0.584314 0.000001 -0.811527 -0.956715 0.008070 -0.290916 -0.939939 -0.053917 0.337056 -0.769343 -0.630219 -0.104574 -0.936424 -0.073822 -0.343016 -0.947732 -0.057142 -0.313909 -0.834801 -0.546887 0.063409 -0.707407 0.525220 -0.472990 -0.654192 0.436080 -0.617954 -0.675283 0.668259 0.312126 -0.596853 0.796891 0.093441 -0.736279 0.473861 0.483062 -0.240705 0.952896 0.184529 
						-0.334773 0.827430 0.450872 -0.500613 0.760090 0.414306 -0.410197 0.896555 0.167117 -0.410489 0.621024 0.667703 -0.571974 0.548897 0.609555 -0.730301 -0.499915 0.465560 -0.675281 -0.668261 0.312127 -0.586983 -0.806982 0.065046 -0.233902 0.291394 -0.927566 -0.216439 0.064393 -0.974170 -0.276376 0.522462 -0.806628 -0.460966 0.353942 0.813778 -0.617041 0.283559 0.734067 -0.479358 0.105236 0.871287 -0.631555 0.038798 0.774360 -0.488011 -0.846765 -0.211744 -0.400769 -0.794599 -0.456066 -0.271076 -0.921026 0.279694 -0.169910 -0.985446 -0.005276 -0.303089 -0.944680 -0.125370 -0.404487 -0.902216 0.149657 -0.066559 -0.953234 -0.294814 -0.202051 -0.894502 -0.398800 -0.697370 -0.656483 -0.287584 0.028462 -0.827682 -0.560475 -0.110856 -0.757043 -0.643892 0.105863 -0.621293 -0.776394 -0.039092 -0.545918 -0.836926 -0.774186 0.232472 0.588721 -0.784786 -0.031884 0.618946 -0.482034 -0.000001 0.876152 -0.470529 -0.254325 0.844939 -0.615220 -0.301794 0.728303 -0.630968 -0.057963 0.773640 -0.428873 -0.536478 0.726815 -0.568500 -0.564249 0.598691 -0.341043 0.702519 -0.624626 -0.421073 0.814544 -0.399020 0.157606 -0.354319 -0.921747 0.006610 -0.281761 -0.959462 0.178945 -0.052795 -0.982441 0.021494 0.009626 -0.999723 -0.360345 -0.766230 0.532019 -0.495761 -0.771220 0.399301 -0.323799 -0.664776 -0.673222 -0.263874 -0.470558 -0.841989 0.167701 0.253871 -0.952589 0.004734 0.300213 -0.953860 0.125086 0.535809 -0.835022 -0.042651 0.561593 -0.826313 -0.767529 -0.293110 0.570076 -0.509428 0.847031 -0.151730 -0.767740 0.561734 -0.308270 0.054877 0.765439 -0.641164 -0.115792 0.768613 -0.629148 -0.035671 0.920246 -0.389712 -0.207811 0.900705 -0.381503 -0.227333 -0.230294 -0.946194 -0.216889 0.000001 -0.976196 -0.137674 0.984876 -0.105187 -0.309162 0.944973 -0.106984 -0.923604 -0.076507 -0.375635 
					</float_array>
					<technique_common>
						<accessor count="126" offset="0" source="#meshId3-tangents-array" stride="3">
							<param name="X" type="float" />
							<param name="Y" type="float" />
							<param name="Z" type="float" />
						</accessor>
					</technique_common>
				</source>
				<source id="meshId3-bitangents" name="meshId3-bitangents">
					<float_array id="meshId3-bitangents-array" count="378"> 
						-0.211698 -0.827920 0.519358 -0.203234 -0.811660 0.547635 -0.283959 -0.593488 0.753086 -0.288922 -0.618935 0.730372 -0.228761 -0.798484 0.556859 -0.305788 -0.572189 0.760982 -0.350753 -0.292240 0.889701 -0.346516 -0.318802 0.882208 -0.335835 -0.345954 0.876088 -0.012357 -0.999641 -0.023787 0.010119 -0.999937 0.004874 -0.101914 -0.951605 0.289935 -0.116341 -0.958614 0.259853 -0.021196 -0.999761 0.005289 -0.130623 -0.946075 0.296446 0.184550 -0.807241 -0.560627 0.223548 -0.812642 -0.538182 0.122172 -0.952118 -0.280259 0.091006 -0.947726 -0.305832 0.204649 -0.807368 -0.553421 0.088664 -0.953808 -0.287035 0.306726 -0.316981 -0.897464 0.356800 -0.319588 -0.877814 0.304367 -0.594847 -0.743988 0.258940 -0.590488 -0.764378 0.332548 -0.304064 -0.892725 0.298488 -0.576077 -0.760947 0.306037 0.297280 -0.904415 0.359389 0.295707 -0.885097 0.375778 -0.013063 -0.926617 0.322951 -0.011608 -0.946344 0.318830 0.304098 -0.897704 0.335568 -0.004497 -0.942005 0.180054 0.806522 -0.563119 0.228402 0.802518 -0.551178 0.308800 0.576852 -0.756231 0.256866 0.579647 -0.773324 0.192364 0.804158 -0.562429 0.269463 0.582556 -0.766823 -0.000001 1.000000 0.000001 0.013720 0.999897 0.004174 0.125650 0.948924 -0.289405 0.082559 0.952470 -0.293232 -0.025581 0.999041 -0.035526 0.095193 0.947778 -0.304394 -0.228098 0.785777 0.574913 -0.207147 0.803561 0.558015 -0.104259 0.949478 0.296010 -0.132535 0.941530 0.309767 -0.219378 0.818314 0.531258 -0.121105 0.955211 0.270010 -0.000000 1.000000 0.000002 0.007721 0.999967 0.002350 -0.050752 0.998545 0.018201 -0.342167 0.268275 0.900528 -0.349009 0.296543 0.888963 -0.287728 0.578268 0.763425 -0.301988 0.551159 0.777835 -0.346932 0.325013 0.879775 -0.298230 0.602113 0.740621 -0.252011 -0.606772 0.753869 -0.301853 -0.330918 0.894079 -0.175310 -0.823078 0.540194 0.302693 0.254335 -0.918526 
						0.261886 0.541330 -0.798985 0.246544 0.583961 -0.773438 0.293152 0.303139 -0.906735 0.197212 0.775371 -0.599923 0.176139 0.807967 -0.562285 0.198742 -0.807519 -0.555351 0.252010 -0.606770 -0.753871 0.320623 -0.305484 -0.896594 -0.094839 0.942643 0.320046 0.013966 0.997925 0.062860 -0.186480 0.794215 0.578315 0.115569 0.933152 -0.340397 0.088887 0.951967 -0.293014 0.050727 0.994447 -0.092203 0.024522 0.999247 -0.030066 0.351864 0.031154 -0.935533 0.331422 0.338343 -0.880729 -0.275825 0.352715 0.894155 -0.298562 0.046375 0.953263 -0.316557 -0.024282 0.948263 -0.300982 0.285850 0.909780 -0.290770 -0.264115 0.919617 -0.301072 -0.330751 0.894405 -0.350639 -0.037449 0.935762 -0.252760 -0.548440 0.797073 -0.255778 -0.604328 0.754563 -0.188184 -0.779190 0.597871 -0.185142 -0.819107 0.542943 -0.079697 -0.958511 0.273688 0.025035 -0.999492 -0.019744 -0.000000 1.000000 0.000001 -0.066685 0.965074 0.253349 -0.100724 0.946345 0.307061 -0.036634 0.998319 0.044918 -0.153174 0.836100 0.526759 -0.187045 0.797321 0.573840 -0.259091 0.568480 0.780834 -0.305212 0.287023 0.907999 -0.104099 -0.934174 0.341296 -0.096731 -0.955163 0.279833 -0.009460 -0.998605 0.051941 0.000208 -0.999954 -0.009624 -0.225410 0.624957 0.747408 -0.256159 0.569181 0.781291 0.280343 0.612190 -0.739345 0.203785 0.826026 -0.525502 0.086906 -0.966319 -0.242231 0.096842 -0.949525 -0.298368 0.175994 -0.840268 -0.512812 0.184356 -0.808440 -0.558962 0.128894 -0.941739 -0.310666 -0.320069 -0.022839 0.947119 -0.362888 0.015334 0.931707 0.248367 -0.632414 -0.733735 0.253582 -0.589543 -0.766899 0.296151 -0.362710 -0.883593 0.297127 -0.313464 -0.901918 0.109653 0.959402 -0.259854 -0.000000 1.000000 0.000001 0.314732 -0.057195 -0.947456 0.310629 -0.005984 -0.950512 -0.375779 -0.013065 0.926617 
					</float_array>
					<technique_common>
						<accessor count="126" offset="0" source="#meshId3-bitangents-array" stride="3">
							<param name="X" type="float" />
							<param name="Y" type="float" />
							<param name="Z" type="float" />
						</accessor>
					</technique_common>
				</source>
				<source id="meshId3-tex0" name="meshId3-tex0">
					<float_array id="meshId3-tex0-array" count="252"> 
						0.925947 0.203622 0.915425 0.203622 0.915425 0.179870 0.925947 0.179870 0.905073 0.203622 0.905073 0.179870 0.905073 0.155372 0.915425 0.155372 0.925947 0.155372 0.925947 0.254660 0.915425 0.254660 0.915425 0.226393 0.925947 0.226393 0.905073 0.254660 0.905073 0.226393 0.925947 0.304321 0.915424 0.304321 0.915424 0.282472 0.925947 0.282472 0.905073 0.304321 0.905073 0.282472 0.925947 0.350561 0.915424 0.350561 0.915424 0.327095 0.925947 0.327095 0.905073 0.350561 0.905073 0.327095 0.925947 0.398256 0.915424 0.398256 0.915424 0.374522 0.925947 0.374522 0.905073 0.398256 0.905073 0.374522 0.925947 0.445315 0.915424 0.445315 0.915424 0.422008 0.925947 0.422008 0.905073 0.445315 0.905073 0.422008 0.925947 0.493492 0.915424 0.493492 0.915424 0.467666 0.925947 0.467666 0.905073 0.493492 0.905073 0.467666 0.925947 0.056252 0.915425 0.056252 0.915425 0.032823 0.925947 0.032823 0.905073 0.056252 0.905073 0.032823 0.905073 0.003906 0.915425 0.003906 0.925947 0.003906 0.925947 0.105519 0.915425 0.105519 0.915425 0.080662 0.925947 0.080662 0.905073 0.105519 0.905073 0.080662 0.893997 0.179870 0.893997 0.155372 0.893997 0.203622 0.949797 0.398256 
						0.949797 0.422008 0.936927 0.422008 0.936927 0.398256 0.949797 0.445315 0.936927 0.445315 0.893997 0.304321 0.893997 0.327095 0.893997 0.350561 0.893997 0.032823 0.893997 0.003906 0.893997 0.056252 0.949797 0.467666 0.936927 0.467666 0.949797 0.493492 0.936927 0.493492 0.893997 0.374522 0.893997 0.398256 0.949797 0.105519 0.949797 0.130441 0.936927 0.130441 0.936927 0.105519 0.949797 0.155372 0.936927 0.155372 0.925947 0.130441 0.949797 0.179870 0.936927 0.179870 0.949797 0.203622 0.936927 0.203622 0.893997 0.226393 0.893997 0.254660 0.949797 0.003906 0.949797 0.032823 0.936927 0.032823 0.936927 0.003906 0.949797 0.056252 0.936927 0.056252 0.893997 0.080662 0.893997 0.105519 0.949797 0.226393 0.936927 0.226393 0.949797 0.254660 0.936927 0.254660 0.949797 0.080662 0.936927 0.080662 0.893997 0.422008 0.893997 0.445315 0.949797 0.282472 0.936927 0.282472 0.949797 0.304321 0.936927 0.304321 0.893997 0.282472 0.893997 0.130441 0.905073 0.130441 0.949797 0.327095 0.936927 0.327095 0.949797 0.350561 0.936927 0.350561 0.893997 0.467666 0.893997 0.493492 0.949797 0.374522 0.936927 0.374522 0.915425 0.130441 
					</float_array>
					<technique_common>
						<accessor count="126" offset="0" source="#meshId3-tex0-array" stride="2">
							<param name="S" type="float" />
							<param name="T" type="float" />
						</accessor>
					</technique_common>
				</source>
				<vertices id="meshId3-vertices">
					<input semantic="POSITION" source="#meshId3-positions" />
				</vertices>
				<polylist count="200" material="defaultMaterial">
					<input offset="0" semantic="VERTEX" source="#meshId3-vertices" />
					<input offset="0" semantic="NORMAL" source="#meshId3-normals" />
					<input offset="0" semantic="TANGENT" source="#meshId3-tangents" />
					<input offset="0" semantic="BINORMAL" source="#meshId3-bitangents" />
					<input offset="0" semantic="TEXCOORD" source="#meshId3-tex0" set="0" />
					<vcount>
						3 3 3 3 3 3 3 3 3 3 3 3 3 3 3 3 3 3 3 3 3 3 3 3 3 3 3 3 3 3 3 3 3 3 3 3 3 3 3 3 3 3 3 3 3 3 3 3 3 3 3 3 3 3 3 3 3 3 3 3 3 3 3 3 
						3 3 3 3 3 3 3 3 3 3 3 3 3 3 3 3 3 3 3 3 3 3 3 3 3 3 3 3 3 3 3 3 3 3 3 3 3 3 3 3 3 3 3 3 3 3 3 3 3 3 3 3 3 3 3 3 3 3 3 3 3 3 3 3 
						3 3 3 3 3 3 3 3 3 3 3 3 3 3 3 3 3 3 3 3 3 3 3 3 3 3 3 3 3 3 3 3 3 3 3 3 3 3 3 3 3 3 3 3 3 3 3 3 3 3 3 3 3 3 3 3 3 3 3 3 3 3 3 3 
						3 3 3 3 3 3 3 3 
					</vcount>
					<p>
						3 0 1 1 2 3 2 1 4 4 5 2 7 2 5 5 6 7 8 3 2 2 7 8 12 9 10 10 11 12 11 10 13 13 14 11 1 11 14 14 4 1 0 12 11 11 1 0 18 15 16 16 17 18 17 16 19 19 20 17 10 17 20 20 13 10 9 18 17 17 10 9 24 21 22 22 23 24 23 22 25 25 26 23 16 23 26 26 19 16 15 24 23 23 16 15 30 27 28 28 29 30 29 28 31 31 32 29 22 29 32 32 25 22 21 30 29 29 22 21 36 33 34 34 35 36 35 34 37 37 38 35 28 35 38 38 31 28 27 36 35 35 28 27 42 39 40 40 41 42 41 40 43 43 44 41 34 41 44 44 37 34 33 42 41 41 34 33 48 45 46 46 47 48 47 46 49 49 50 47 52 47 50 50 51 52 53 48 47 47 52 53 
						57 54 55 55 56 57 56 55 58 58 59 56 46 56 59 59 49 46 45 57 56 56 46 45 5 60 61 61 6 5 4 62 60 60 5 4 66 63 64 64 65 66 65 64 67 67 68 65 36 65 68 68 33 36 27 66 65 65 36 27 70 69 19 19 26 70 71 70 26 26 25 71 50 72 73 73 51 50 49 74 72 72 50 49 68 67 75 75 76 68 76 75 77 77 78 76 42 76 78 78 39 42 33 68 76 76 42 33 32 79 71 71 25 32 31 80 79 79 32 31 84 81 82 82 83 84 83 82 85 85 86 83 87 83 86 86 8 87 54 84 83 83 87 54 86 85 88 88 89 86 89 88 90 90 91 89 3 89 91 91 0 3 8 86 89 89 3 8 14 92 62 62 4 14 13 93 92 92 14 13 97 94 95 95 96 97 96 95 98 98 99 96 
						48 96 99 99 45 48 53 97 96 96 48 53 59 100 74 74 49 59 58 101 100 100 59 58 91 90 102 102 103 91 103 102 104 104 105 103 12 103 105 105 9 12 0 91 103 103 12 0 99 98 106 106 107 99 107 106 81 81 84 107 57 107 84 84 54 57 45 99 107 107 57 45 38 108 80 80 31 38 37 109 108 108 38 37 105 104 110 110 111 105 111 110 112 112 113 111 18 111 113 113 15 18 9 105 111 111 18 9 20 114 93 93 13 20 19 69 114 114 20 19 116 115 101 101 58 116 6 61 115 115 116 6 113 112 117 117 118 113 118 117 119 119 120 118 24 118 120 120 21 24 15 113 118 118 24 15 44 121 109 109 37 44 43 122 121 121 44 43 120 119 123 123 124 120 124 123 63 63 66 124 30 124 66 66 27 30 21 120 124 124 30 21 
						7 6 116 116 125 7 125 116 58 58 55 125 87 125 55 55 54 87 8 7 125 125 87 8 
					</p>
				</polylist>
			</mesh>
		</geometry>
		<geometry id="meshId4" name="meshId4_name" >
			<mesh>
				<source id="meshId4-positions" name="meshId4-positions">
					<float_array id="meshId4-positions-array" count="567"> 
						5.346724 1.170264 19.647121 5.453252 1.223122 19.800941 5.703113 1.682828 19.413765 5.583624 1.610190 19.275379 6.017308 1.979304 18.926861 5.881559 1.893988 18.807835 5.880790 1.646343 19.495632 6.190746 1.936328 19.020889 5.634288 1.196637 19.873161 5.142493 -0.000004 19.967583 5.237823 -0.000004 20.134739 5.293508 0.642722 20.048458 5.195282 0.614927 19.884754 5.476687 0.628816 20.114527 5.421747 -0.000004 20.198666 5.346724 -1.170272 19.647121 5.453252 -1.223130 19.800941 5.293509 -0.642730 20.048458 5.195283 -0.614935 19.884750 5.476689 -0.628823 20.114527 5.634289 -1.196645 19.873161 5.881559 -1.893993 18.807831 6.017310 -1.979309 18.926857 5.703115 -1.682835 19.413761 5.583625 -1.610196 19.275379 5.880792 -1.646350 19.495630 6.190747 -1.936333 19.020885 6.542948 -1.894538 17.769819 6.714630 -1.979602 17.846077 6.365957 -2.080393 18.386513 6.212216 -1.990860 18.288902 6.534673 -2.035152 18.494080 6.878607 -1.936490 17.967224 7.078250 -1.171153 16.929594 7.278855 -1.223602 16.971436 7.028900 -1.683303 17.358921 6.841093 -1.611070 17.301853 7.188597 -1.646600 17.492340 7.435136 -1.196896 17.114637 7.282769 0.000001 16.608555 7.494390 0.000001 16.637295 7.438673 -0.643017 16.723675 7.229898 -0.615473 16.691549 7.592767 -0.628975 16.873137 7.647721 0.000001 16.788942 7.078249 1.171153 16.929596 7.278853 1.223602 16.971439 7.438672 0.643018 16.723677 7.229897 0.615474 16.691551 7.494390 0.000001 16.637295 7.282769 0.000001 16.608555 7.592767 0.628976 16.873138 7.647721 0.000001 16.788942 7.435134 1.196897 17.114641 6.542948 1.894536 17.769823 6.714627 1.979600 17.846081 7.028897 1.683302 17.358925 6.841092 1.611069 17.301857 7.188595 1.646599 17.492344 6.878605 1.936487 17.967228 6.306124 1.596861 18.965084 6.155499 1.508901 18.835205 6.420866 1.586220 18.423027 6.589950 1.678561 18.530769 
						6.686380 1.509623 18.010681 6.873881 1.597388 18.096333 6.236806 1.628652 18.305326 6.506581 1.550034 17.880138 5.967185 1.549233 18.730320 5.531278 0.957078 19.417534 5.724330 1.316966 19.113171 5.916467 1.282709 19.206530 5.726451 0.932202 19.501749 6.050418 1.357576 19.356407 5.847116 0.986667 19.667561 5.364888 -0.000004 19.679886 5.407889 0.502883 19.612080 5.605001 0.489818 19.690456 5.562674 -0.000003 19.756233 5.717159 0.518454 19.866467 5.671861 -0.000004 19.935802 5.531278 -0.957085 19.417534 5.407891 -0.502890 19.612080 5.605000 -0.489825 19.690456 5.726452 -0.932208 19.501747 5.717159 -0.518461 19.866467 5.847117 -0.986674 19.667559 5.967185 -1.549239 18.730320 5.724329 -1.316972 19.113169 5.916468 -1.282715 19.206528 6.155499 -1.508907 18.835201 6.050418 -1.357581 19.356407 6.306124 -1.596866 18.965080 6.506582 -1.550038 17.880136 6.236808 -1.628657 18.305325 6.420867 -1.586224 18.423025 6.686380 -1.509627 18.010674 6.589950 -1.678565 18.530766 6.873883 -1.597391 18.096329 6.943432 -0.958377 17.191719 6.749863 -1.318252 17.496744 6.925817 -1.283869 17.638878 7.116329 -0.933372 17.343082 7.129885 -1.358421 17.704659 7.333549 -0.987520 17.393087 7.110404 0.000000 16.928623 7.067235 -0.503679 16.996643 7.238174 -0.490536 17.153913 7.280663 0.000000 17.087952 7.463797 -0.518978 17.193844 7.509211 0.000000 17.124374 6.943432 0.958376 17.191723 7.067233 0.503679 16.996645 7.238173 0.490536 17.153915 7.116327 0.933371 17.343084 7.463797 0.518978 17.193846 7.333550 0.987520 17.393093 7.280663 0.000000 17.087952 7.509211 0.000000 17.124374 7.110404 0.000000 16.928623 6.749861 1.318250 17.496750 6.925817 1.283867 17.638882 7.129887 1.358420 17.704662 5.246211 -0.556151 19.703028 5.382433 -1.058432 19.487696 5.382433 -1.058432 19.487696 5.246211 -0.556151 19.703028 5.198732 -0.000004 19.778078 
						5.198732 -0.000004 19.778078 5.652301 -0.576404 20.035889 5.601764 -0.000004 20.112892 5.797272 -1.096906 19.814989 6.940807 1.059619 17.024433 6.727271 1.457563 17.361952 6.458861 1.713913 17.786207 6.727271 1.457563 17.361952 6.458861 1.713913 17.786207 6.940807 1.059619 17.024433 6.309196 1.775029 19.034969 6.625647 1.865687 18.552795 6.534670 2.035149 18.494083 6.942147 1.775310 18.070553 7.650068 0.000001 16.991920 7.599479 -0.576677 17.069002 7.454374 -1.097354 17.290091 5.382432 1.058425 19.487698 5.246210 0.556143 19.703026 5.246210 0.556143 19.703026 5.382432 1.058425 19.487698 6.309198 -1.775034 19.034966 6.024035 -1.509162 19.469469 7.124985 0.000000 16.733326 7.077369 0.556876 16.808586 7.077369 0.556876 16.808586 7.124985 0.000000 16.733326 5.863610 1.713176 18.727097 5.595547 1.456381 19.150822 5.595547 1.456381 19.150822 5.863610 1.713176 18.727097 5.797272 1.096899 19.814993 6.024034 1.509156 19.469471 6.940809 -1.059619 17.024431 7.077369 -0.556876 16.808584 7.124985 0.000000 16.733326 7.077369 -0.556876 16.808584 7.124985 0.000000 16.733326 6.940809 -1.059619 17.024431 7.454374 1.097354 17.290092 7.599479 0.576677 17.069002 7.650068 0.000001 16.991920 6.161174 1.800923 18.256748 6.212214 1.990856 18.288906 6.161174 1.800923 18.256748 6.942148 -1.775313 18.070551 6.625648 -1.865690 18.552794 6.458864 -1.713916 17.786203 6.727273 -1.457564 17.361948 6.727273 -1.457564 17.361948 6.458864 -1.713916 17.786203 5.652299 0.576397 20.035891 5.863612 -1.713182 18.727093 6.161175 -1.800927 18.256744 6.161175 -1.800927 18.256744 5.863612 -1.713182 18.727093 7.227446 1.509606 17.635855 7.227448 -1.509607 17.635851 5.595548 -1.456388 19.150822 5.595548 -1.456388 19.150822 6.365954 2.080389 18.386517 
					</float_array>
					<technique_common>
						<accessor count="189" offset="0" source="#meshId4-positions-array" stride="3">
							<param name="X" type="float" />
							<param name="Y" type="float" />
							<param name="Z" type="float" />
						</accessor>
					</technique_common>
				</source>
				<source id="meshId4-normals" name="meshId4-normals">
					<float_array id="meshId4-normals-array" count="567"> 
						-0.921144 0.386732 0.043964 -0.532827 0.583354 0.613021 -0.413362 0.803174 0.429003 -0.841101 0.535699 -0.074668 -0.262742 0.944557 0.196925 -0.738502 0.635229 -0.226053 0.210761 0.666341 0.715241 0.331750 0.786344 0.521158 0.115052 0.482780 0.868151 -0.989473 -0.000001 0.144715 -0.635956 -0.000001 0.771726 -0.609551 0.306616 0.731050 -0.972100 0.202324 0.118689 0.054246 0.253284 0.965870 0.033059 -0.000000 0.999453 -0.921143 -0.386733 0.043964 -0.532823 -0.583356 0.613021 -0.609548 -0.306618 0.731052 -0.972100 -0.202325 0.118688 0.054256 -0.253284 0.965869 0.115058 -0.482779 0.868151 -0.738502 -0.635228 -0.226055 -0.262742 -0.944557 0.196923 -0.413360 -0.803176 0.429001 -0.841101 -0.535699 -0.074668 0.210761 -0.666340 0.715241 0.331749 -0.786345 0.521157 -0.505768 -0.646254 -0.571450 0.071218 -0.945264 -0.318439 -0.095796 -0.993552 -0.060637 -0.623254 -0.673560 -0.397330 0.467260 -0.830029 0.304500 0.603580 -0.792663 0.085884 -0.312330 -0.404594 -0.859508 0.341430 -0.584499 -0.736061 0.221848 -0.804325 -0.551221 -0.398734 -0.553571 -0.731143 0.727712 -0.676587 -0.112545 0.826655 -0.492997 -0.271285 -0.237310 0.000001 -0.971434 0.444635 0.000002 -0.895712 0.418168 -0.307328 -0.854801 -0.256907 -0.213384 -0.942585 0.890615 -0.259614 -0.373371 0.912590 0.000001 -0.408876 -0.312331 0.404595 -0.859507 0.341427 0.584503 -0.736060 0.418165 0.307331 -0.854802 -0.256911 0.213385 -0.942584 0.444635 0.000002 -0.895712 -0.237310 0.000001 -0.971434 0.890614 0.259616 -0.373372 0.912590 0.000001 -0.408876 0.826653 0.493000 -0.271285 -0.505767 0.646255 -0.571449 0.071214 0.945265 -0.318438 0.221844 0.804327 -0.551220 -0.398733 0.553573 -0.731142 0.727708 0.676590 -0.112546 0.603578 0.792664 0.085885 0.772718 -0.567054 0.285231 0.270649 -0.943756 -0.189931 0.103502 -0.992359 0.067167 0.669135 -0.600600 0.437651 
						-0.063348 -0.943771 0.324474 0.565194 -0.573965 0.592554 -0.522748 -0.785154 -0.332065 -0.651815 -0.747809 -0.126172 -0.395027 -0.744892 -0.537670 -0.188624 -0.458950 -0.868208 -0.279240 -0.632876 -0.722144 0.421340 -0.802786 -0.421910 0.541158 -0.583221 -0.605806 0.864561 -0.480032 0.148673 0.937015 -0.346677 0.042637 -0.110091 -0.000001 -0.993922 -0.129557 -0.241202 -0.961788 0.617952 -0.306611 -0.723965 0.644548 0.000000 -0.764564 0.982981 -0.181863 -0.025979 0.998826 0.000001 -0.048447 -0.188630 0.458950 -0.868207 -0.129564 0.241203 -0.961787 0.617948 0.306613 -0.723968 0.541156 0.583223 -0.605806 0.982980 0.181864 -0.025978 0.937015 0.346678 0.042637 -0.395029 0.744891 -0.537670 -0.279246 0.632874 -0.722144 0.421341 0.802785 -0.421910 0.270648 0.943756 -0.189931 0.864561 0.480033 0.148672 0.772717 0.567056 0.285229 -0.651816 0.747808 -0.126171 -0.522748 0.785156 -0.332062 0.103501 0.992359 0.067168 -0.063351 0.943771 0.324474 0.669132 0.600604 0.437649 0.565189 0.573969 0.592554 -0.860967 0.463657 0.209182 -0.767959 0.637588 0.060998 -0.213951 0.802810 0.556526 -0.333219 0.583246 0.740803 0.469554 0.491232 0.733628 0.394167 0.357883 0.846494 -0.941198 -0.000001 0.337857 -0.920388 0.244109 0.305447 -0.409924 0.306627 0.859035 -0.436217 -0.000001 0.899842 0.344396 0.188795 0.919645 0.328192 -0.000000 0.944611 -0.860966 -0.463659 0.209182 -0.920388 -0.244110 0.305445 -0.409928 -0.306629 0.859033 -0.333221 -0.583249 0.740800 0.344399 -0.188797 0.919644 0.394172 -0.357883 0.846492 -0.436217 -0.000001 0.899842 0.328192 -0.000000 0.944611 -0.941198 -0.000001 0.337857 -0.767955 -0.637592 0.060999 -0.213948 -0.802812 0.556524 0.469558 -0.491228 0.733628 -0.812150 0.018553 -0.583154 -0.817908 0.033845 -0.574352 -0.817908 0.033845 -0.574352 -0.812150 0.018553 -0.583154 -0.810604 -0.000001 -0.585595 
						-0.810604 -0.000001 -0.585595 0.711379 -0.063677 0.699918 0.705565 0.000001 0.708645 0.726773 -0.121727 0.676005 -0.860592 -0.022963 -0.508778 -0.856820 -0.034090 -0.514487 -0.850818 -0.042280 -0.523757 -0.856820 -0.034090 -0.514487 -0.850818 -0.042280 -0.523757 -0.860592 -0.022963 -0.508778 0.782852 0.198711 0.589624 0.818091 0.209625 0.535523 0.467259 0.830029 0.304502 0.853553 0.201225 0.480579 0.934866 -0.000001 0.355000 0.928809 -0.066164 0.364604 0.912123 -0.125779 0.390143 -0.817907 -0.033846 -0.574354 -0.812149 -0.018554 -0.583155 -0.812149 -0.018554 -0.583155 -0.817907 -0.033846 -0.574354 0.782854 -0.198706 0.589623 0.751762 -0.167712 0.637751 -0.863589 0.000000 -0.504196 -0.863210 -0.011841 -0.504707 -0.863210 -0.011841 -0.504707 -0.863589 0.000000 -0.504196 -0.834628 -0.048998 -0.548630 -0.825477 -0.044941 -0.562643 -0.825477 -0.044941 -0.562643 -0.834628 -0.048998 -0.548630 0.726772 0.121729 0.676006 0.751762 0.167716 0.637750 -0.860591 0.022963 -0.508778 -0.863209 0.011840 -0.504707 -0.863589 0.000000 -0.504196 -0.863209 0.011840 -0.504707 -0.863589 0.000000 -0.504196 -0.860591 0.022963 -0.508778 0.912125 0.125783 0.390137 0.928811 0.066164 0.364599 0.934866 -0.000001 0.355000 -0.843289 -0.048634 -0.535255 -0.623256 0.673559 -0.397328 -0.843289 -0.048634 -0.535255 0.853553 -0.201221 0.480581 0.818092 -0.209621 0.535523 -0.850819 0.042282 -0.523755 -0.856821 0.034090 -0.514486 -0.856821 0.034090 -0.514486 -0.850819 0.042282 -0.523755 0.711375 0.063678 0.699922 -0.834627 0.049001 -0.548631 -0.843289 0.048639 -0.535255 -0.843289 0.048639 -0.535255 -0.834627 0.049001 -0.548631 0.885957 0.171752 0.430791 0.885957 -0.171747 0.430793 -0.825479 0.044939 -0.562641 -0.825479 0.044939 -0.562641 -0.095799 0.993552 -0.060636 
					</float_array>
					<technique_common>
						<accessor count="189" offset="0" source="#meshId4-normals-array" stride="3">
							<param name="X" type="float" />
							<param name="Y" type="float" />
							<param name="Z" type="float" />
						</accessor>
					</technique_common>
				</source>
				<source id="meshId4-tangents" name="meshId4-tangents">
					<float_array id="meshId4-tangents-array" count="567"> 
						0.230211 0.450257 0.862712 0.788428 0.079095 0.610021 0.804779 0.101841 0.584772 0.325806 0.611994 0.720634 0.818744 0.110271 0.563470 0.448170 0.712949 0.539303 0.878697 -0.449743 0.160068 0.797688 -0.528753 0.290024 0.944428 -0.324075 0.055058 0.144711 -0.006920 0.989450 0.771684 0.010330 0.635922 0.776874 0.047426 0.627868 0.167079 0.242080 0.955763 0.986117 -0.165622 -0.011952 0.999448 -0.003427 -0.033059 0.229729 -0.449021 0.863484 0.781917 -0.062390 0.620252 0.773450 -0.027777 0.633249 0.169333 -0.255147 0.951959 0.987170 0.159078 -0.013736 0.942416 0.329333 0.058242 0.436100 -0.705708 0.558385 0.813437 -0.107077 0.571712 0.795822 -0.089713 0.598848 0.318486 -0.602105 0.732145 0.870018 0.461465 0.173545 0.785748 0.536046 0.308633 0.691397 -0.699821 0.179501 0.851600 -0.108597 0.512820 0.832674 -0.113365 0.542035 0.564360 -0.739116 0.367702 0.693665 0.557718 0.455828 0.603271 0.524465 0.600833 0.893537 -0.432324 -0.121189 0.882078 -0.071192 0.465693 0.868514 -0.093975 0.486674 0.804334 -0.594073 0.011142 0.522818 0.440972 0.729524 0.460371 0.315303 0.829845 0.970980 -0.030564 -0.237199 0.895629 -0.013604 0.444594 0.891347 -0.042497 0.451325 0.950714 -0.231012 -0.206826 0.420991 0.160211 0.892804 0.408866 0.006889 0.912568 0.898853 0.418665 -0.129550 0.888547 0.054610 0.455525 0.894748 0.023011 0.445979 0.953510 0.214940 -0.211231 0.895691 -0.006883 0.444624 0.971344 0.013607 -0.237288 0.424311 -0.179019 0.887644 0.408730 -0.026711 0.912264 0.466684 -0.331283 0.820035 0.703439 0.692406 0.160460 0.856886 0.105435 0.504609 0.877429 0.081916 0.472660 0.811659 0.584131 -0.000377 0.531509 -0.452561 0.716021 0.615224 -0.531547 0.582201 -0.375672 -0.770762 -0.514584 -0.815181 -0.119728 -0.566697 -0.842940 -0.123362 -0.523673 -0.511485 -0.799443 -0.315077 
						-0.856862 -0.115247 -0.502499 -0.652452 -0.750564 -0.104693 -0.667036 0.619280 -0.414191 -0.567482 0.591313 -0.572986 -0.770226 0.587538 -0.248093 -0.935322 0.353418 0.016382 -0.863618 0.494283 -0.099237 -0.789968 -0.096373 -0.605528 -0.775076 -0.066481 -0.628361 -0.251372 -0.669284 -0.699193 -0.145422 -0.498183 -0.854790 -0.993914 -0.003899 0.110090 -0.980427 0.176177 0.087885 -0.766279 -0.028826 -0.641862 -0.764506 0.012285 -0.644499 -0.076260 -0.275295 -0.958330 -0.048446 -0.008508 -0.998790 -0.928297 -0.371804 0.005143 -0.979237 -0.183635 0.085861 -0.770371 0.052182 -0.635456 -0.782849 0.086329 -0.616194 -0.073412 0.259232 -0.963021 -0.134993 0.472010 -0.871196 -0.752967 -0.597830 -0.275028 -0.847272 -0.516283 -0.124828 -0.800646 0.110765 -0.588809 -0.821403 0.123501 -0.556816 -0.230070 0.641120 -0.732143 -0.355025 0.758596 -0.546341 -0.550273 -0.580845 -0.599849 -0.650993 -0.619154 -0.439155 -0.842943 0.123362 -0.523669 -0.863019 0.111470 -0.492720 -0.494349 0.799456 -0.341305 -0.631873 0.762983 -0.136361 -0.392777 -0.344700 -0.852589 -0.462045 -0.485521 -0.742148 -0.879824 0.089164 -0.466862 -0.892083 0.059310 -0.447962 -0.756371 0.652435 0.047245 -0.854762 0.481162 0.194590 -0.337857 0.000001 -0.941198 -0.350862 -0.170827 -0.920714 -0.898816 0.024476 -0.437643 -0.899815 -0.007741 -0.436204 -0.919688 0.264619 0.290088 -0.943520 0.048034 0.327814 -0.404598 0.375001 -0.834071 -0.357070 0.206404 -0.910988 -0.894781 -0.047561 -0.443964 -0.884403 -0.078975 -0.459994 -0.927666 -0.219007 0.302443 -0.869973 -0.442225 0.218140 -0.899719 -0.016529 -0.436157 -0.944611 -0.000001 0.328193 -0.337619 0.037482 -0.940536 -0.478323 0.507559 -0.716652 -0.869237 -0.103481 -0.483444 -0.777361 -0.623980 0.079741 -0.563754 -0.282452 0.776146 -0.481271 -0.587286 0.650749 -0.480944 -0.588122 0.650235 -0.553399 -0.341123 0.759858 -0.585595 0.000000 0.810604 
						-0.585595 -0.000001 0.810604 0.682543 0.300023 -0.666424 0.708645 0.000001 -0.705565 0.606604 0.575443 -0.548541 0.391629 0.608808 -0.689913 0.267485 0.823656 -0.500042 0.114373 0.957958 -0.263126 0.294497 0.786690 -0.542577 0.146326 0.938266 -0.313442 0.411080 0.558422 -0.720540 0.341311 -0.929478 -0.139917 0.176406 -0.977780 0.113256 0.708059 -0.557566 0.433327 0.012585 -0.930099 0.367093 -0.354876 0.026463 0.934539 -0.330156 0.299008 0.895316 -0.254811 0.571561 0.779993 -0.489761 0.564826 0.664158 -0.563756 0.282446 0.776146 -0.553400 0.341125 0.759857 -0.470024 0.615037 0.633093 0.338469 0.931158 -0.135587 0.486851 0.793464 -0.365226 0.503432 0.055025 -0.862281 0.472249 0.334470 -0.815543 0.482340 0.275823 -0.831426 0.504196 0.000001 -0.863589 -0.222314 0.941270 0.254141 -0.372856 0.791787 0.483788 -0.345601 0.828362 0.440881 -0.190222 0.960395 0.203612 0.607479 -0.573243 -0.549875 0.489290 -0.790238 -0.368944 0.408897 -0.564400 -0.717116 0.481331 -0.282255 -0.829851 0.504196 0.000002 -0.863589 0.471236 -0.339774 -0.813935 0.503045 -0.067532 -0.861618 0.389922 -0.612943 -0.687213 -0.253069 -0.575922 0.777348 -0.329235 -0.304164 0.893918 -0.354820 -0.031877 0.934391 -0.055230 0.998467 -0.003708 0.580650 0.738922 0.341819 -0.021516 0.998154 -0.056797 0.009760 0.928422 0.371398 0.173402 0.977776 0.117837 0.142356 -0.940934 -0.307211 0.291288 -0.791327 -0.537543 0.265380 -0.826346 -0.496715 0.112022 -0.959247 -0.259414 0.682548 -0.300021 -0.666421 -0.194277 -0.958211 0.209969 -0.025749 -0.998409 -0.050159 -0.057593 -0.998340 0.000017 -0.224606 -0.939741 0.257758 -0.136068 -0.791750 0.595498 -0.138484 0.788548 0.599178 -0.348964 -0.824116 0.446159 -0.374850 -0.788903 0.486950 0.832675 0.113367 0.542034 
					</float_array>
					<technique_common>
						<accessor count="189" offset="0" source="#meshId4-tangents-array" stride="3">
							<param name="X" type="float" />
							<param name="Y" type="float" />
							<param name="Z" type="float" />
						</accessor>
					</technique_common>
				</source>
				<source id="meshId4-bitangents" name="meshId4-bitangents">
					<float_array id="meshId4-bitangents-array" count="567"> 
						0.313843 0.804802 -0.503781 0.307371 0.808358 -0.502076 0.425983 0.586976 -0.688475 0.431739 0.581799 -0.689283 0.510514 0.309278 -0.802323 0.503745 0.296966 -0.811204 0.428334 0.594744 -0.680301 0.503622 0.319506 -0.802671 0.307927 0.813572 -0.493236 0.001000 0.999976 0.006848 -0.007973 0.999947 -0.006569 0.157844 0.950651 -0.267111 0.164641 0.948927 -0.269130 0.156943 0.953109 -0.258752 0.003425 0.999994 -0.000113 -0.314197 0.805492 0.502457 -0.323581 0.809817 0.489379 -0.173859 0.951427 0.254085 -0.162322 0.945497 0.282288 -0.150169 0.954223 0.258666 -0.314029 0.811458 0.492871 -0.514230 0.313785 0.798189 -0.518929 0.310397 0.796471 -0.442493 0.588948 0.676269 -0.437168 0.592027 0.677043 -0.445699 0.585696 0.676987 -0.522056 0.307109 0.795702 -0.515916 -0.304313 0.800765 -0.519332 -0.307704 0.797253 -0.545414 0.001434 0.838166 -0.541343 0.004935 0.840788 -0.548176 -0.001769 0.836361 -0.521301 -0.310840 0.794747 -0.322553 -0.805853 0.496548 -0.324599 -0.808265 0.491267 -0.443245 -0.586711 0.677720 -0.440520 -0.583641 0.682133 -0.443957 -0.589724 0.674632 -0.323574 -0.810887 0.487608 -0.029691 -0.999533 0.007252 -0.012185 -0.999907 -0.006051 -0.175031 -0.950654 0.256165 -0.173615 -0.949263 0.262216 -0.171966 -0.952330 0.251981 0.002817 -0.999976 0.006287 0.307430 -0.813033 -0.494433 0.306452 -0.809552 -0.500713 0.156733 -0.951324 -0.265362 0.157526 -0.953031 -0.258685 -0.006164 -0.999976 -0.003062 0.013218 -0.999907 -0.003230 0.163606 -0.948974 -0.269595 -0.010921 -0.999643 -0.024376 0.314405 -0.804489 -0.503932 0.499373 -0.320824 -0.804797 0.510564 -0.308800 -0.802475 0.425328 -0.588513 -0.687567 0.426874 -0.593589 -0.682225 0.433519 -0.580874 -0.688946 0.507142 -0.298565 -0.808496 0.511642 0.290475 -0.808608 0.512084 0.308204 -0.801736 0.527957 -0.002417 -0.849268 0.539112 -0.013023 -0.842133 
						0.511638 -0.309862 -0.801381 0.504839 -0.327441 -0.798699 0.530845 0.004982 -0.847454 0.503091 -0.301880 -0.809795 0.500705 0.316124 -0.805829 0.299322 0.815145 -0.495929 0.419749 0.595946 -0.684587 0.445448 0.588428 -0.674780 0.326199 0.809588 -0.488018 0.435139 0.567123 -0.699303 0.317577 0.794751 -0.517220 -0.003875 0.999992 0.000429 0.148247 0.954350 -0.259306 0.175932 0.951398 -0.252762 0.009392 0.999925 0.007918 0.167133 0.944001 -0.284479 -0.000413 0.999964 -0.008498 -0.320442 0.806924 0.496175 -0.155908 0.952943 0.259987 -0.157061 0.950403 0.268451 -0.307080 0.807711 0.503293 -0.168404 0.948538 0.268171 -0.322150 0.810568 0.489080 -0.526301 0.296204 0.797038 -0.451831 0.576995 0.680386 -0.425954 0.585890 0.689417 -0.502042 0.306711 0.808630 -0.446769 0.598777 0.664728 -0.526180 0.320904 0.787499 -0.521857 -0.321563 0.790102 -0.550402 -0.013397 0.834792 -0.527954 -0.002419 0.849270 -0.501184 -0.311242 0.807430 -0.554871 0.012027 0.831850 -0.530376 -0.297349 0.793905 -0.323204 -0.816213 0.478889 -0.443569 -0.598123 0.667455 -0.424424 -0.589530 0.687255 -0.305209 -0.810128 0.500540 -0.455437 -0.577079 0.677907 -0.337660 -0.800252 0.495563 0.000000 -1.000000 -0.000001 -0.172576 -0.954583 0.242876 -0.155219 -0.951515 0.265568 0.006966 -0.999970 0.003376 -0.188588 -0.945692 0.264766 -0.045373 -0.998846 0.015764 0.308281 -0.802742 -0.510459 0.159336 -0.947527 -0.277136 0.176989 -0.950640 -0.254870 0.326796 -0.808445 -0.489511 0.144308 -0.957284 -0.250566 0.296271 -0.822409 -0.485661 0.014874 -0.999863 0.007209 0.000001 -1.000000 -0.000001 -0.012663 -0.999297 -0.035278 0.425971 -0.579534 -0.694758 0.445704 -0.587183 -0.675695 0.418599 -0.607737 -0.674856 -0.150313 0.959102 0.239852 -0.315284 0.808672 0.496634 -0.315782 0.808064 0.497307 -0.184830 0.939835 0.287310 -0.000001 1.000000 -0.000001 
						-0.000002 1.000000 0.000000 -0.167555 0.951804 0.256892 -0.000001 1.000000 0.000000 -0.322230 0.808732 0.492057 0.325591 -0.792985 -0.514942 0.440807 -0.566064 -0.696607 0.512862 -0.283776 -0.810212 0.423239 -0.616406 -0.664013 0.504675 -0.343322 -0.792107 0.300659 -0.829239 -0.471134 0.520240 0.310779 -0.795466 0.547364 0.001816 -0.836892 0.529454 0.013130 -0.848237 0.520855 -0.307285 -0.796421 -0.009395 -0.999650 0.024739 -0.168257 -0.951954 0.255877 -0.321097 -0.810862 0.489284 0.301931 0.824516 -0.478551 0.150309 0.959104 -0.239848 0.184830 0.939835 -0.287312 0.331821 0.787772 -0.518952 -0.522090 0.305714 0.796217 -0.444780 0.585053 0.678147 0.027743 -0.998485 -0.047519 0.178466 -0.942332 -0.283126 0.149055 -0.961135 -0.232382 0.000000 -1.000000 -0.000001 0.503957 0.334081 -0.796503 0.423751 0.609141 -0.670359 0.446258 0.558387 -0.699326 0.516925 0.274302 -0.810893 0.320580 0.810293 -0.490565 0.442097 0.589402 -0.676133 -0.303622 -0.825182 0.476329 -0.152282 -0.959266 0.237946 0.000001 -1.000000 -0.000002 -0.181124 -0.940433 0.287717 -0.034050 -0.997717 0.058320 -0.327632 -0.789793 0.518540 0.322465 -0.807770 -0.493481 0.170043 -0.950319 -0.260727 0.011316 -0.999492 -0.029801 0.534615 0.026435 -0.844683 0.523830 -0.017668 -0.851640 0.537029 -0.036380 -0.842779 -0.520915 -0.312318 0.794421 -0.548322 -0.003541 0.836260 -0.505808 -0.335941 0.794545 -0.425452 -0.610441 0.668096 -0.442076 -0.562130 0.698984 -0.513379 -0.279387 0.811409 0.167555 0.951805 -0.256890 -0.515416 0.281833 0.809269 -0.536843 -0.028516 0.843200 -0.534365 0.030841 0.844691 -0.502941 0.338358 0.795339 0.443357 -0.586202 -0.678087 -0.442608 -0.590504 0.674835 -0.443632 0.564636 0.695972 -0.421986 0.612873 0.668068 0.545413 0.001436 -0.838166 
					</float_array>
					<technique_common>
						<accessor count="189" offset="0" source="#meshId4-bitangents-array" stride="3">
							<param name="X" type="float" />
							<param name="Y" type="float" />
							<param name="Z" type="float" />
						</accessor>
					</technique_common>
				</source>
				<source id="meshId4-tex0" name="meshId4-tex0">
					<float_array id="meshId4-tex0-array" count="378"> 
						0.813178 0.346497 0.824347 0.346497 0.824347 0.374995 0.813178 0.374995 0.824347 0.403516 0.813178 0.403516 0.835564 0.374995 0.835564 0.403516 0.835564 0.346497 0.813178 0.289634 0.824347 0.289634 0.824347 0.318061 0.813178 0.318061 0.835564 0.318061 0.835564 0.289634 0.813178 0.232906 0.824347 0.232906 0.824347 0.261286 0.813178 0.261286 0.835564 0.261286 0.835564 0.232906 0.813178 0.175966 0.824347 0.175966 0.824347 0.204451 0.813178 0.204451 0.835564 0.204451 0.835564 0.175966 0.813178 0.118907 0.824347 0.118907 0.824347 0.147446 0.813178 0.147446 0.835564 0.147446 0.835564 0.118907 0.813178 0.061641 0.824347 0.061641 0.824347 0.090314 0.813178 0.090314 0.835564 0.090314 0.835564 0.061641 0.813178 0.003906 0.824347 0.003906 0.824347 0.032889 0.813178 0.032889 0.835564 0.032889 0.835564 0.003906 0.813178 0.517886 0.824347 0.517886 0.824347 0.546592 0.813178 0.546592 0.824347 0.575515 0.813178 0.575515 0.835564 0.546592 0.835564 0.575515 0.835564 0.517886 0.813178 0.460615 0.824347 0.460615 0.824347 0.489222 0.813178 0.489222 0.835564 0.489222 0.835564 0.460615 0.855564 0.403516 0.867157 0.403516 0.867157 0.432051 0.855564 0.432051 
						0.867157 0.460615 0.855564 0.460615 0.878516 0.432051 0.878516 0.460615 0.878516 0.403516 0.878516 0.346497 0.878516 0.374995 0.867157 0.374995 0.867157 0.346497 0.855564 0.374995 0.855564 0.346497 0.878516 0.289634 0.878516 0.318061 0.867157 0.318061 0.867157 0.289634 0.855564 0.318061 0.855564 0.289634 0.878516 0.232906 0.878516 0.261286 0.867157 0.261286 0.867157 0.232906 0.855564 0.261286 0.855564 0.232906 0.878516 0.175966 0.878516 0.204451 0.867157 0.204451 0.867157 0.175966 0.855564 0.204451 0.855564 0.175966 0.878516 0.118907 0.878516 0.147446 0.867157 0.147446 0.867157 0.118907 0.855564 0.147446 0.855564 0.118907 0.878516 0.061641 0.878516 0.090314 0.867157 0.090314 0.867157 0.061641 0.855564 0.090314 0.855564 0.061641 0.878516 0.003906 0.878516 0.032889 0.867157 0.032889 0.867157 0.003906 0.855564 0.032889 0.855564 0.003906 0.878516 0.517886 0.878516 0.546592 0.867157 0.546592 0.867157 0.517886 0.855564 0.546592 0.855564 0.517886 0.867157 0.575515 0.855564 0.575515 0.878516 0.575515 0.878516 0.489222 0.867157 0.489222 0.855564 0.489222 0.803094 0.261286 0.803094 0.232906 0.888230 0.232906 0.888230 0.261286 0.888230 0.289634 
						0.803094 0.289634 0.845856 0.261286 0.845856 0.289634 0.845856 0.232906 0.803094 0.517886 0.803094 0.489222 0.803094 0.460615 0.888230 0.489222 0.888230 0.460615 0.888230 0.517886 0.845856 0.403516 0.845856 0.432051 0.835564 0.432051 0.845856 0.460615 0.845856 0.003906 0.845856 0.032889 0.845856 0.061641 0.803094 0.346497 0.803094 0.318061 0.888230 0.318061 0.888230 0.346497 0.845856 0.175966 0.845856 0.204451 0.803094 0.575515 0.803094 0.546592 0.888230 0.546592 0.888230 0.575515 0.803094 0.403516 0.803094 0.374995 0.888230 0.374995 0.888230 0.403516 0.845856 0.346497 0.845856 0.374995 0.803094 0.061641 0.803094 0.032889 0.803094 0.003906 0.888230 0.032889 0.888230 0.003906 0.888230 0.061641 0.845856 0.517886 0.845856 0.546592 0.845856 0.575515 0.803094 0.432051 0.813178 0.432051 0.888230 0.432051 0.845856 0.118907 0.845856 0.147446 0.803094 0.118907 0.803094 0.090314 0.888230 0.090314 0.888230 0.118907 0.845856 0.318061 0.803094 0.175966 0.803094 0.147446 0.888230 0.147446 0.888230 0.175966 0.845856 0.489222 0.845856 0.090314 0.803094 0.204451 0.888230 0.204451 0.824347 0.432051 
					</float_array>
					<technique_common>
						<accessor count="189" offset="0" source="#meshId4-tex0-array" stride="2">
							<param name="S" type="float" />
							<param name="T" type="float" />
						</accessor>
					</technique_common>
				</source>
				<vertices id="meshId4-vertices">
					<input semantic="POSITION" source="#meshId4-positions" />
				</vertices>
				<polylist count="320" material="defaultMaterial">
					<input offset="0" semantic="VERTEX" source="#meshId4-vertices" />
					<input offset="0" semantic="NORMAL" source="#meshId4-normals" />
					<input offset="0" semantic="TANGENT" source="#meshId4-tangents" />
					<input offset="0" semantic="BINORMAL" source="#meshId4-bitangents" />
					<input offset="0" semantic="TEXCOORD" source="#meshId4-tex0" set="0" />
					<vcount>
						3 3 3 3 3 3 3 3 3 3 3 3 3 3 3 3 3 3 3 3 3 3 3 3 3 3 3 3 3 3 3 3 3 3 3 3 3 3 3 3 3 3 3 3 3 3 3 3 3 3 3 3 3 3 3 3 3 3 3 3 3 3 3 3 
						3 3 3 3 3 3 3 3 3 3 3 3 3 3 3 3 3 3 3 3 3 3 3 3 3 3 3 3 3 3 3 3 3 3 3 3 3 3 3 3 3 3 3 3 3 3 3 3 3 3 3 3 3 3 3 3 3 3 3 3 3 3 3 3 
						3 3 3 3 3 3 3 3 3 3 3 3 3 3 3 3 3 3 3 3 3 3 3 3 3 3 3 3 3 3 3 3 3 3 3 3 3 3 3 3 3 3 3 3 3 3 3 3 3 3 3 3 3 3 3 3 3 3 3 3 3 3 3 3 
						3 3 3 3 3 3 3 3 3 3 3 3 3 3 3 3 3 3 3 3 3 3 3 3 3 3 3 3 3 3 3 3 3 3 3 3 3 3 3 3 3 3 3 3 3 3 3 3 3 3 3 3 3 3 3 3 3 3 3 3 3 3 3 3 
						3 3 3 3 3 3 3 3 3 3 3 3 3 3 3 3 3 3 3 3 3 3 3 3 3 3 3 3 3 3 3 3 3 3 3 3 3 3 3 3 3 3 3 3 3 3 3 3 3 3 3 3 3 3 3 3 3 3 3 3 3 3 3 3 
					</vcount>
					<p>
						3 0 1 1 2 3 5 3 2 2 4 5 4 2 6 6 7 4 2 1 8 8 6 2 12 9 10 10 11 12 0 12 11 11 1 0 1 11 13 13 8 1 11 10 14 14 13 11 18 15 16 16 17 18 9 18 17 17 10 9 10 17 19 19 14 10 17 16 20 20 19 17 24 21 22 22 23 24 15 24 23 23 16 15 16 23 25 25 20 16 23 22 26 26 25 23 30 27 28 28 29 30 21 30 29 29 22 21 22 29 31 31 26 22 29 28 32 32 31 29 36 33 34 34 35 36 27 36 35 35 28 27 28 35 37 37 32 28 35 34 38 38 37 35 42 39 40 40 41 42 33 42 41 41 34 33 34 41 43 43 38 34 41 40 44 44 43 41 48 45 46 46 47 48 50 48 47 47 49 50 49 47 51 51 52 49 47 46 53 53 51 47 
						57 54 55 55 56 57 45 57 56 56 46 45 46 56 58 58 53 46 56 55 59 59 58 56 63 60 61 61 62 63 65 63 62 62 64 65 64 62 66 66 67 64 62 61 68 68 66 62 72 69 70 70 71 72 74 72 71 71 73 74 73 71 61 61 60 73 71 70 68 68 61 71 78 75 76 76 77 78 80 78 77 77 79 80 79 77 72 72 74 79 77 76 69 69 72 77 84 81 82 82 83 84 86 84 83 83 85 86 85 83 78 78 80 85 83 82 75 75 78 83 90 87 88 88 89 90 92 90 89 89 91 92 91 89 84 84 86 91 89 88 81 81 84 89 96 93 94 94 95 96 98 96 95 95 97 98 97 95 90 90 92 97 95 94 87 87 90 95 102 99 100 100 101 102 104 102 101 101 103 104 103 101 96 96 98 103 101 100 93 93 96 101 
						108 105 106 106 107 108 110 108 107 107 109 110 109 107 102 102 104 109 107 106 99 99 102 107 114 111 112 112 113 114 116 114 113 113 115 116 115 113 117 117 118 115 113 112 119 119 117 113 64 67 120 120 121 64 65 64 121 121 122 65 122 121 114 114 116 122 121 120 111 111 114 121 124 15 18 18 123 124 81 125 126 126 82 81 82 126 127 127 75 82 123 18 9 9 128 123 130 14 19 19 129 130 80 130 129 129 85 80 85 129 131 131 86 85 129 19 20 20 131 129 57 45 132 132 133 57 54 57 133 133 134 54 136 135 120 120 67 136 135 137 111 111 120 135 140 7 138 138 139 140 59 140 139 139 141 59 141 139 63 63 65 141 139 138 60 60 63 139 43 44 142 142 143 43 38 43 143 143 144 38 144 143 109 109 104 144 143 142 110 110 109 143 
						12 0 145 145 146 12 9 12 146 146 128 9 127 147 76 76 75 127 147 148 69 69 76 147 25 26 149 149 150 25 20 25 150 150 131 20 131 150 91 91 86 131 150 149 92 92 91 150 48 50 151 151 152 48 45 48 152 152 132 45 137 153 112 112 111 137 153 154 119 119 112 153 3 5 155 155 156 3 0 3 156 156 145 0 148 157 70 70 69 148 157 158 68 68 70 157 6 8 159 159 160 6 7 6 160 160 138 7 138 160 73 73 60 138 160 159 74 74 73 160 42 33 161 161 162 42 39 42 162 162 163 39 165 164 106 106 105 165 164 166 99 99 106 164 51 53 167 167 168 51 52 51 168 168 169 52 169 168 115 115 118 169 168 167 116 116 115 168 171 54 134 134 170 171 5 171 170 170 155 5 158 172 66 66 68 158 172 136 67 67 66 172 
						31 32 173 173 174 31 26 31 174 174 149 26 149 174 97 97 92 149 174 173 98 98 97 174 36 27 175 175 176 36 33 36 176 176 161 33 166 177 100 100 99 166 177 178 93 93 100 177 13 14 130 130 179 13 8 13 179 179 159 8 159 179 79 79 74 159 179 130 80 80 79 179 30 21 180 180 181 30 27 30 181 181 175 27 178 182 94 94 93 178 182 183 87 87 94 182 58 59 141 141 184 58 53 58 184 184 167 53 167 184 122 122 116 167 184 141 65 65 122 184 37 38 144 144 185 37 32 37 185 185 173 32 173 185 103 103 98 173 185 144 104 104 103 185 24 15 124 124 186 24 21 24 186 186 180 21 183 187 88 88 87 183 187 125 81 81 88 187 55 54 171 171 188 55 59 55 188 188 140 59 140 188 4 4 7 140 188 171 5 5 4 188 
					</p>
				</polylist>
			</mesh>
		</geometry>
		<geometry id="meshId5" name="meshId5_name" >
			<mesh>
				<source id="meshId5-positions" name="meshId5-positions">
					<float_array id="meshId5-positions-array" count="180"> 
						-2.021018 1.744117 12.973896 -2.759198 1.744117 12.973896 -2.617592 1.494321 14.863489 -2.162624 1.494321 14.863489 -2.759198 1.670006 12.470568 -2.021018 1.670006 12.470568 -2.021018 1.244525 12.470568 -2.759198 1.244525 12.470568 -2.617592 1.244526 14.863489 -2.162624 1.244526 14.863489 -2.759198 -1.244529 12.470568 -2.021018 -1.244529 12.470568 -2.021018 -1.670011 12.470568 -2.759198 -1.670011 12.470568 -2.759198 1.744117 12.544678 -2.021018 1.744117 12.544678 -2.021018 1.244525 12.973896 -2.021018 1.744117 12.973896 -2.162624 1.494321 14.863489 -2.162624 1.244526 14.863489 -2.759198 1.244525 12.470568 -2.759198 1.744117 12.973896 -2.759198 1.744117 12.544678 -2.759198 1.670006 12.470568 -2.021018 1.670006 12.470568 -2.021018 1.744117 12.544678 -2.021018 1.244525 12.470568 -2.021018 -1.244529 12.470568 -2.021018 -1.744121 12.973896 -2.021018 -1.744121 12.544679 -2.021018 -1.670011 12.470568 -2.759198 -1.244529 12.973896 -2.021018 -1.244529 12.973896 -2.021018 1.244525 12.973896 -2.759198 1.244525 12.973896 -2.021018 -1.244529 12.973896 -2.759198 1.244525 12.973896 -2.759198 -1.244529 12.470568 -2.759198 -1.244529 12.973896 -2.021018 -1.744121 12.544679 -2.021018 -1.744121 12.973896 -2.759198 -1.744121 12.973896 -2.759198 -1.744121 12.544679 -2.162624 -1.244529 14.863488 -2.617592 -1.244529 14.863488 -2.617592 -1.494325 14.863491 -2.162624 -1.494325 14.863491 -2.162624 1.244526 14.863489 -2.617592 1.244526 14.863489 -2.617592 -1.244529 14.863488 -2.162624 -1.244529 14.863488 -2.162624 -1.244529 14.863488 -2.162624 -1.494325 14.863491 -2.617592 1.244526 14.863489 -2.617592 1.494321 14.863489 -2.759198 -1.744121 12.973896 -2.617592 -1.494325 14.863491 -2.617592 -1.244529 14.863488 -2.759198 -1.670011 12.470568 -2.759198 -1.744121 12.544679 
					</float_array>
					<technique_common>
						<accessor count="60" offset="0" source="#meshId5-positions-array" stride="3">
							<param name="X" type="float" />
							<param name="Y" type="float" />
							<param name="Z" type="float" />
						</accessor>
					</technique_common>
				</source>
				<source id="meshId5-normals" name="meshId5-normals">
					<float_array id="meshId5-normals-array" count="180"> 
						0.699726 0.710905 0.070691 -0.699726 0.710905 0.070691 -0.559481 0.537610 0.630838 0.559481 0.537610 0.630838 -0.630263 0.297106 -0.717284 0.630263 0.297106 -0.717284 0.707107 0.000000 -0.707107 -0.707107 -0.000000 -0.707107 -0.553407 -0.581386 0.596432 0.553407 -0.581386 0.596432 -0.707107 -0.000000 -0.707107 0.707107 0.000000 -0.707107 0.630262 -0.297109 -0.717284 -0.630262 -0.297109 -0.717283 -0.630262 0.717283 -0.297111 0.630262 0.717283 -0.297111 0.901836 -0.286564 0.323378 0.699726 0.710905 0.070691 0.559481 0.537610 0.630838 0.553407 -0.581386 0.596432 -0.707107 -0.000000 -0.707107 -0.699726 0.710905 0.070691 -0.630262 0.717283 -0.297111 -0.630263 0.297106 -0.717284 0.630263 0.297106 -0.717284 0.630262 0.717283 -0.297111 0.707107 0.000000 -0.707107 0.707107 0.000000 -0.707107 0.699726 -0.710905 0.070690 0.630263 -0.717283 -0.297109 0.630262 -0.297109 -0.717284 -0.901836 0.286564 0.323378 0.901836 0.286564 0.323378 0.901836 -0.286564 0.323378 -0.901836 -0.286564 0.323378 0.901836 0.286564 0.323378 -0.901836 -0.286564 0.323378 -0.707107 -0.000000 -0.707107 -0.901836 0.286564 0.323378 0.630263 -0.717283 -0.297109 0.699726 -0.710905 0.070690 -0.699726 -0.710905 0.070690 -0.630262 -0.717284 -0.297108 0.553408 0.581388 0.596429 -0.553408 0.581388 0.596429 -0.559481 -0.537608 0.630840 0.559481 -0.537608 0.630840 0.553407 -0.581386 0.596432 -0.553407 -0.581386 0.596432 -0.553408 0.581388 0.596429 0.553408 0.581388 0.596429 0.553408 0.581388 0.596429 0.559481 -0.537608 0.630840 -0.553407 -0.581386 0.596432 -0.559481 0.537610 0.630838 -0.699726 -0.710905 0.070690 -0.559481 -0.537608 0.630840 -0.553408 0.581388 0.596429 -0.630262 -0.297109 -0.717283 -0.630262 -0.717284 -0.297108 
					</float_array>
					<technique_common>
						<accessor count="60" offset="0" source="#meshId5-normals-array" stride="3">
							<param name="X" type="float" />
							<param name="Y" type="float" />
							<param name="Z" type="float" />
						</accessor>
					</technique_common>
				</source>
				<source id="meshId5-tangents" name="meshId5-tangents">
					<float_array id="meshId5-tangents-array" count="180"> 
						-0.714411 0.696293 0.069238 -0.714411 -0.696293 -0.069238 -0.828843 -0.362895 -0.425824 -0.828843 0.362895 0.425824 -0.776382 -0.241189 0.582288 -0.776382 0.241189 -0.582288 -0.707107 -0.000000 -0.707107 -0.707107 0.000000 0.707107 -0.832911 0.386288 -0.396285 -0.832911 -0.386288 0.396285 -0.707107 0.000000 0.707107 -0.707107 0.000000 -0.707107 -0.776382 -0.241191 -0.582287 -0.776382 0.241191 0.582286 -0.776382 -0.582285 0.241192 -0.776382 0.582285 -0.241192 0.310467 -0.090745 -0.946243 0.067445 0.032773 -0.997185 0.498265 0.390066 -0.774325 0.457419 -0.386289 -0.800967 -0.707107 -0.000000 0.707107 0.067445 -0.032773 0.997185 -0.196114 0.223191 0.954843 -0.648809 0.305849 0.696781 -0.648797 -0.305875 -0.696781 -0.196111 -0.223193 -0.954843 -0.707107 -0.000001 -0.707107 -0.707107 0.000000 -0.707107 0.067444 -0.032773 -0.997185 -0.196112 0.223189 -0.954844 -0.648807 0.305851 -0.696781 -0.432079 -0.598117 -0.674955 -0.432079 0.598117 0.674955 -0.432079 -0.598116 0.674955 -0.432079 0.598116 -0.674955 0.310467 0.090745 -0.946243 0.310467 0.090745 0.946243 -0.707107 0.000000 0.707107 0.310467 -0.090745 0.946243 -0.776382 -0.582287 -0.241191 -0.714411 -0.696293 0.069237 -0.714411 0.696292 -0.069237 -0.776382 0.582287 0.241191 -0.832910 0.386290 0.396284 -0.832910 -0.386290 -0.396283 -0.828843 0.362892 -0.425826 -0.828843 -0.362894 0.425825 -0.832911 -0.386287 0.396285 -0.832911 0.386288 -0.396284 -0.832910 -0.386290 -0.396284 -0.832910 0.386290 0.396284 0.457418 0.386287 -0.800969 0.498266 -0.390068 -0.774324 0.457420 0.386288 0.800967 0.498264 -0.390067 0.774326 0.067445 0.032773 0.997185 0.498266 0.390069 0.774324 0.457418 -0.386286 0.800969 -0.648808 -0.305850 0.696781 -0.196113 -0.223189 0.954844 
					</float_array>
					<technique_common>
						<accessor count="60" offset="0" source="#meshId5-tangents-array" stride="3">
							<param name="X" type="float" />
							<param name="Y" type="float" />
							<param name="Z" type="float" />
						</accessor>
					</technique_common>
				</source>
				<source id="meshId5-bitangents" name="meshId5-bitangents">
					<float_array id="meshId5-bitangents-array" count="180"> 
						0.000000 -0.098949 0.995092 -0.000000 -0.098950 0.995092 0.000000 -0.761106 0.648627 -0.000000 -0.761106 0.648627 0.000000 0.923881 0.382681 0.000000 0.923881 0.382681 -0.000000 1.000000 -0.000000 0.000000 1.000000 -0.000000 0.000000 -0.716081 -0.698017 0.000000 -0.716081 -0.698017 -0.000000 1.000000 -0.000000 -0.000000 1.000000 0.000000 0.000000 0.923880 -0.382683 0.000000 0.923879 -0.382684 0.000000 0.382686 0.923878 -0.000000 0.382686 0.923878 0.300504 0.953754 0.007131 -0.711220 0.702524 -0.025015 -0.662354 0.747545 -0.049638 0.696066 0.716081 0.052162 -0.000000 1.000000 0.000000 0.711220 0.702524 -0.025015 0.751205 0.660069 0.000000 0.426398 0.904535 0.000000 -0.426417 0.904527 -0.000020 -0.751206 0.660068 -0.000003 -0.000001 1.000000 -0.000001 0.000000 1.000000 0.000000 0.711220 0.702524 0.025014 0.751205 0.660069 0.000000 0.426402 0.904534 0.000000 -0.000000 -0.748423 0.663221 -0.000000 -0.748423 0.663221 -0.000000 -0.748424 -0.663221 0.000000 -0.748424 -0.663221 -0.300504 0.953754 -0.007131 -0.300504 0.953754 0.007131 -0.000000 1.000000 -0.000000 0.300504 0.953754 -0.007131 -0.000000 0.382683 -0.923880 0.000000 -0.098949 -0.995092 0.000000 -0.098949 -0.995093 0.000000 0.382683 -0.923880 0.000000 -0.716079 0.698020 0.000001 -0.716078 0.698020 0.000001 -0.761109 -0.648624 0.000001 -0.761108 -0.648625 -0.000001 -0.716082 -0.698017 -0.000001 -0.716081 -0.698017 -0.000000 -0.716079 0.698020 0.000000 -0.716079 0.698020 -0.696066 0.716080 -0.052163 0.662353 0.747545 0.049637 -0.696065 0.716081 0.052163 0.662354 0.747544 -0.049637 -0.711220 0.702524 0.025015 -0.662354 0.747545 0.049636 0.696066 0.716080 -0.052164 -0.426401 0.904534 -0.000001 -0.751205 0.660069 -0.000001 
					</float_array>
					<technique_common>
						<accessor count="60" offset="0" source="#meshId5-bitangents-array" stride="3">
							<param name="X" type="float" />
							<param name="Y" type="float" />
							<param name="Z" type="float" />
						</accessor>
					</technique_common>
				</source>
				<source id="meshId5-tex0" name="meshId5-tex0">
					<float_array id="meshId5-tex0-array" count="120"> 
						0.954599 0.339198 0.992306 0.339198 0.985073 0.436560 0.961833 0.436560 0.992306 0.311919 0.954599 0.311919 0.954599 0.290185 0.992306 0.290185 0.985073 0.449320 0.961833 0.449320 0.992306 0.163041 0.954599 0.163041 0.954599 0.141307 0.992306 0.141307 0.992306 0.317273 0.954599 0.317273 0.662081 0.424762 0.662081 0.450282 0.565288 0.437522 0.565288 0.424762 0.433576 0.487499 0.459286 0.513019 0.437362 0.513019 0.433576 0.509233 0.687792 0.446497 0.684006 0.450282 0.687792 0.424762 0.687792 0.297619 0.662081 0.272099 0.684007 0.272099 0.687792 0.275885 0.996094 0.676804 0.958387 0.676804 0.958387 0.549660 0.996094 0.549660 0.662081 0.297619 0.459286 0.487499 0.433576 0.360355 0.459286 0.360355 0.954599 0.135953 0.954599 0.114029 0.992306 0.114029 0.992306 0.135953 0.961832 0.003906 0.985073 0.003906 0.985073 0.016666 0.961832 0.016666 0.965620 0.453138 0.988860 0.453138 0.988860 0.773327 0.965620 0.773327 0.565288 0.297619 0.565288 0.284859 0.556080 0.487499 0.556080 0.500259 0.459286 0.334836 0.556080 0.347595 0.556080 0.360355 0.433576 0.338621 0.437362 0.334836 
					</float_array>
					<technique_common>
						<accessor count="60" offset="0" source="#meshId5-tex0-array" stride="2">
							<param name="S" type="float" />
							<param name="T" type="float" />
						</accessor>
					</technique_common>
				</source>
				<vertices id="meshId5-vertices">
					<input semantic="POSITION" source="#meshId5-positions" />
				</vertices>
				<polylist count="52" material="defaultMaterial">
					<input offset="0" semantic="VERTEX" source="#meshId5-vertices" />
					<input offset="0" semantic="NORMAL" source="#meshId5-normals" />
					<input offset="0" semantic="TANGENT" source="#meshId5-tangents" />
					<input offset="0" semantic="BINORMAL" source="#meshId5-bitangents" />
					<input offset="0" semantic="TEXCOORD" source="#meshId5-tex0" set="0" />
					<vcount>
						3 3 3 3 3 3 3 3 3 3 3 3 3 3 3 3 3 3 3 3 3 3 3 3 3 3 3 3 3 3 3 3 3 3 3 3 3 3 3 3 3 3 3 3 3 3 3 3 3 3 3 3 
					</vcount>
					<p>
						3 0 1 1 2 3 7 4 5 5 6 7 9 3 2 2 8 9 13 10 11 11 12 13 15 14 1 1 0 15 19 16 17 17 18 19 23 20 21 21 22 23 26 24 25 25 17 26 30 27 28 28 29 30 34 31 32 32 33 34 6 11 10 10 7 6 16 35 27 27 26 16 38 36 20 20 37 38 42 39 40 40 41 42 46 43 44 44 45 46 48 34 33 33 47 48 50 32 31 31 49 50 52 28 35 35 51 52 54 21 36 36 53 54 57 38 55 55 56 57 45 41 40 40 46 45 15 5 4 4 14 15 42 13 12 12 39 42 37 58 59 59 55 37 37 55 38 28 27 35 26 17 16 21 20 36 
					</p>
				</polylist>
			</mesh>
		</geometry>
		<geometry id="meshId6" name="meshId6_name" >
			<mesh>
				<source id="meshId6-positions" name="meshId6-positions">
					<float_array id="meshId6-positions-array" count="579"> 
						-3.603073 -1.616355 12.137801 -3.497749 -1.475936 12.185761 -3.755647 -1.215575 12.185820 -3.885486 -1.331197 12.137801 -3.967517 -0.910720 12.185847 -4.125594 -0.574808 12.185820 -4.290646 -0.629440 12.137801 -4.117510 -0.997318 12.137801 -4.222125 -0.221281 12.185762 -4.396393 -0.242284 12.137801 -4.249360 0.136416 12.185704 -4.426251 0.149427 12.137801 -2.921079 -1.981616 12.137802 -2.874946 -1.809444 12.185678 -3.201592 -1.678371 12.185704 -3.278770 -1.838068 12.137801 -4.228174 0.888662 12.137802 -4.068476 0.811484 12.185704 -3.866041 1.107640 12.185762 -4.006460 1.212964 12.137802 -4.199550 0.484837 12.185678 -4.371721 0.530970 12.137801 -4.242398 0.135913 11.764293 -4.428743 0.149609 11.812577 -4.374146 0.531620 11.812577 -4.192780 0.483024 11.764322 -3.605680 1.365538 12.185820 -3.300825 1.577409 12.185845 -3.387424 1.727401 12.137802 -3.721302 1.495377 12.137802 -2.964913 1.735486 12.185820 -3.019545 1.900537 12.137802 -2.611386 1.832016 12.185762 -2.632390 2.006284 12.137802 -2.253689 1.859251 12.185704 -2.240679 2.036143 12.137802 -1.501444 1.838065 12.137802 -1.578622 1.678367 12.185704 -1.282465 1.475933 12.185762 -1.177141 1.616352 12.137802 -1.905268 1.809440 12.185678 -1.859135 1.981613 12.137802 -1.024567 1.215571 12.185820 -0.812696 0.910717 12.185848 -0.662704 0.997315 12.137802 -0.894728 1.331194 12.137802 -0.654620 0.574804 12.185820 -0.489568 0.629437 12.137802 -0.558089 0.221278 12.185762 -0.383821 0.242281 12.137801 -0.530854 -0.136419 12.185704 -0.353963 -0.149430 12.137802 -0.552040 -0.888665 12.137802 -0.711738 -0.811487 12.185704 -0.914172 -1.107644 12.185762 -0.773753 -1.212967 12.137802 -0.580665 -0.484841 12.185678 -0.408492 -0.530973 12.137802 -1.174534 -1.365542 12.185820 -1.479388 -1.577412 12.185847 -1.392790 -1.727404 12.137802 -1.058911 -1.495380 12.137802 -1.815301 -1.735489 12.185820 -1.760668 -1.900540 12.137802 
						-2.168828 -1.832019 12.185762 -2.147824 -2.006288 12.137802 -2.526525 -1.859254 12.185704 -2.539536 -2.036146 12.137802 -3.198547 -1.672090 11.764296 -3.279858 -1.840317 11.812577 -3.604557 -1.618332 11.812577 -3.493586 -1.470409 11.764231 -1.357321 -1.788840 12.039819 -1.011567 -1.548564 12.039819 -1.738283 -1.968133 12.039819 -2.139208 -2.077641 12.039819 -2.544850 -2.108561 12.039819 -0.486669 -0.920270 12.039819 -0.338017 -0.549857 12.039819 -1.134002 1.673837 12.039820 -1.469838 1.903436 12.039820 -2.939963 -2.052092 12.039819 -0.716269 -1.256106 12.039819 -0.841545 1.378538 12.039820 -3.310496 -1.903688 11.908884 -3.646375 -1.674059 11.908884 -0.601269 1.032785 12.039820 -0.421976 0.651823 12.039820 -0.312468 0.250898 12.039819 -0.281547 -0.154744 12.039819 -1.840251 2.052089 12.039820 -3.646211 -1.673840 12.039819 -3.310376 -1.903439 12.039819 -3.938669 -1.378541 12.039819 -4.064164 1.256268 11.908885 -4.008438 1.214449 11.812577 -4.230423 0.889750 11.812577 -4.293794 0.920388 11.908884 -4.178945 -1.032788 12.039819 -4.358238 -0.651826 12.039819 -4.467746 -0.250901 12.039819 -4.498667 0.154741 12.039819 -4.063946 1.256103 12.039820 -4.293545 0.920267 12.039820 -4.442197 0.549855 12.039819 -3.768647 1.548561 12.039820 -3.422893 1.788837 12.039820 -3.041931 1.968130 12.039820 -2.641006 2.077638 12.039820 -2.235364 2.108558 12.039820 -1.133838 1.674056 11.908885 -1.175657 1.618330 11.812577 -1.500356 1.840315 11.812577 -1.469718 1.903685 11.908885 -0.841343 1.378718 11.908885 -0.892898 1.332823 11.812577 -0.716049 -1.256270 11.908884 -0.771776 -1.214452 11.812577 -0.549791 -0.889752 11.812577 -0.486421 -0.920391 11.908884 -1.029701 1.211012 11.764167 -0.660590 0.998536 11.812577 -0.818625 0.907294 11.764139 -0.601035 1.032920 11.908885 -0.351471 -0.149613 11.812577 -0.281271 -0.154764 11.908884 -0.337748 -0.549929 11.908884 -0.406068 -0.531623 11.812577 
						-0.487242 0.630207 11.812577 -0.661135 0.572637 11.764167 -0.421718 0.651908 11.908884 -0.381366 0.242578 11.812577 -0.564957 0.220436 11.764231 -0.312196 0.250930 11.908884 -0.537816 -0.135917 11.764296 -1.581667 1.672088 11.764294 -1.907082 1.802671 11.764323 -1.858485 1.984038 11.812577 -1.840179 2.052358 11.908885 -0.718018 -0.808441 11.764296 -0.919700 -1.103481 11.764231 -1.286628 1.470406 11.764231 -3.768827 1.548763 11.908885 -3.722932 1.497208 11.812577 -2.526022 -1.852292 11.764296 -2.539718 -2.038638 11.812577 -2.921729 -1.984041 11.812577 -2.873132 -1.802674 11.764322 -3.601121 1.360404 11.764167 -3.388644 1.729516 11.812577 -3.297402 1.571481 11.764137 -3.423028 1.789071 11.908884 -2.240496 2.038635 11.812577 -2.235344 2.108834 11.908885 -3.020316 1.902863 11.812577 -2.962746 1.728970 11.764167 -3.042017 1.968387 11.908885 -2.632686 2.008739 11.812577 -2.610544 1.825148 11.764231 -2.641039 2.077909 11.908885 -2.254192 1.852290 11.764294 -4.062196 0.808438 11.764294 -4.442466 0.549927 11.908884 -3.860514 1.103478 11.764231 -1.011387 -1.548766 11.908884 -1.057282 -1.497210 11.812577 -0.587434 -0.483026 11.764322 -1.179093 -1.360407 11.764167 -1.391570 -1.729519 11.812577 -1.482811 -1.571483 11.764138 -1.357186 -1.789073 11.908884 -2.544870 -2.108837 11.908884 -2.940035 -2.052361 11.908884 -1.759898 -1.902866 11.812577 -1.817468 -1.728973 11.764167 -1.738197 -1.968390 11.908884 -2.147528 -2.008743 11.812577 -2.169670 -1.825151 11.764231 -2.139175 -2.077912 11.908884 -3.887316 -1.332826 11.812577 -3.750513 -1.211016 11.764167 -4.119624 -0.998539 11.812577 -3.961589 -0.907297 11.764138 -4.292972 -0.630210 11.812577 -4.119079 -0.572641 11.764167 -4.398848 -0.242580 11.812577 -4.215257 -0.220439 11.764231 -2.390107 -0.000002 12.185760 -3.938871 -1.378721 11.908884 -4.179179 -1.032923 11.908884 -4.358496 -0.651911 11.908884 -4.468018 -0.250934 11.908884 
						-4.498943 0.154761 11.908884 
					</float_array>
					<technique_common>
						<accessor count="193" offset="0" source="#meshId6-positions-array" stride="3">
							<param name="X" type="float" />
							<param name="Y" type="float" />
							<param name="Z" type="float" />
						</accessor>
					</technique_common>
				</source>
				<source id="meshId6-normals" name="meshId6-normals">
					<float_array id="meshId6-normals-array" count="579"> 
						-0.371895 -0.445357 0.814464 -0.090603 -0.108127 0.990000 -0.108998 -0.090437 0.989919 -0.447350 -0.371853 0.813390 -0.122860 -0.070934 0.989886 -0.132823 -0.049178 0.989919 -0.545709 -0.201492 0.813390 -0.504300 -0.291159 0.812963 -0.138942 -0.024401 0.990000 -0.571636 -0.099393 0.814465 -0.140552 0.004291 0.990064 -0.578459 0.018614 0.815499 -0.149723 -0.558772 0.815694 -0.036407 -0.135877 0.990057 -0.066560 -0.123867 0.990064 -0.273110 -0.510268 0.815498 -0.510269 0.273108 0.815498 -0.123867 0.066560 0.990064 -0.108127 0.090602 0.990000 -0.445357 0.371894 0.814464 -0.135878 0.036409 0.990056 -0.558771 0.149722 0.815695 -0.250345 0.007548 -0.968127 -0.577099 0.018561 -0.816463 -0.557517 0.149387 -0.816614 -0.240504 0.064442 -0.968507 -0.090436 0.109000 0.989919 -0.070934 0.122860 0.989886 -0.291157 0.504300 0.812963 -0.371851 0.447352 0.813390 -0.049180 0.132819 0.989919 -0.201492 0.545709 0.813390 -0.024400 0.138941 0.990000 -0.099393 0.571637 0.814464 0.004290 0.140552 0.990064 0.018614 0.578459 0.815499 0.273108 0.510269 0.815499 0.066559 0.123867 0.990064 0.090602 0.108127 0.990000 0.371895 0.445357 0.814464 0.036406 0.135879 0.990056 0.149721 0.558771 0.815695 0.108997 0.090437 0.989920 0.122860 0.070934 0.989886 0.504303 0.291158 0.812961 0.447352 0.371853 0.813389 0.132821 0.049178 0.989919 0.545711 0.201491 0.813389 0.138938 0.024401 0.990000 0.571635 0.099394 0.814466 0.140550 -0.004290 0.990064 0.578460 -0.018614 0.815499 0.510270 -0.273109 0.815497 0.123868 -0.066558 0.990064 0.108128 -0.090602 0.990000 0.445359 -0.371896 0.814462 0.135877 -0.036408 0.990057 0.558771 -0.149722 0.815695 0.090435 -0.108999 0.989919 0.070931 -0.122859 0.989886 0.291159 -0.504302 0.812962 0.371854 -0.447353 0.813388 0.049178 -0.132819 0.989919 0.201492 -0.545711 0.813389 
						0.024400 -0.138940 0.990000 0.099393 -0.571639 0.814463 -0.004292 -0.140550 0.990064 -0.018614 -0.578462 0.815497 -0.118636 -0.220578 -0.968127 -0.272474 -0.509062 -0.816464 -0.370966 -0.444229 -0.815503 -0.162781 -0.194064 -0.967389 0.476257 -0.824901 0.304497 0.609421 -0.731818 0.305040 0.329064 -0.893682 0.305040 0.161603 -0.938063 0.306466 -0.031978 -0.950832 0.308053 0.839433 -0.447722 0.308053 0.918757 -0.246180 0.308676 0.608983 0.731585 0.306468 0.447722 0.839432 0.308055 -0.246181 -0.918757 0.308675 0.731586 -0.608984 0.306466 0.731818 0.609420 0.305040 -0.448480 -0.840857 -0.303027 -0.610004 -0.732817 -0.301453 0.824902 0.476255 0.304496 0.893682 0.329063 0.305041 0.938063 0.161602 0.306468 0.950831 -0.031978 0.308054 0.246181 0.918756 0.308678 -0.608983 -0.731585 0.306469 -0.447724 -0.839432 0.308055 -0.731818 -0.609420 0.305042 -0.732817 0.610005 -0.301452 -0.444229 0.370969 -0.815501 -0.509063 0.272475 -0.816463 -0.840858 0.448479 -0.303027 -0.824901 -0.476255 0.304499 -0.893681 -0.329063 0.305044 -0.938062 -0.161603 0.306470 -0.950831 0.031978 0.308056 -0.731585 0.608983 0.306469 -0.839433 0.447721 0.308055 -0.918756 0.246180 0.308678 -0.609418 0.731819 0.305043 -0.476255 0.824901 0.304500 -0.329062 0.893682 0.305043 -0.161602 0.938062 0.306470 0.031978 0.950830 0.308056 0.610005 0.732817 -0.301453 0.370967 0.444230 -0.815502 0.272475 0.509063 -0.816463 0.448480 0.840857 -0.303026 0.733035 0.610439 -0.300039 0.446177 0.370871 -0.814482 0.732817 -0.610005 -0.301452 0.444228 -0.370967 -0.815503 0.509062 -0.272474 -0.816464 0.840858 -0.448479 -0.303026 0.196778 0.163141 -0.966780 0.502952 0.290382 -0.814075 0.222111 0.128238 -0.966551 0.826271 0.477049 -0.299500 0.577096 -0.018561 -0.816465 0.952444 -0.032035 -0.303026 0.920320 -0.246598 -0.303645 0.557514 -0.149386 -0.816616 
						0.544271 0.200968 -0.814482 0.239668 0.088848 -0.966781 0.895173 0.329610 -0.300037 0.570196 0.099153 -0.815503 0.249448 0.043942 -0.967391 0.939641 0.161871 -0.301451 0.250339 -0.007548 -0.968129 0.118637 0.220582 -0.968126 0.064443 0.240502 -0.968507 0.149387 0.557517 -0.816614 0.246600 0.920320 -0.303645 0.220576 -0.118635 -0.968128 0.194061 -0.162780 -0.967390 0.162781 0.194065 -0.967389 -0.610439 0.733036 -0.300038 -0.370872 0.446179 -0.814480 -0.007550 -0.250342 -0.968128 -0.018562 -0.577097 -0.816464 -0.149386 -0.557515 -0.816616 -0.064442 -0.240497 -0.968508 -0.163142 0.196783 -0.966779 -0.290384 0.502954 -0.814073 -0.128240 0.222118 -0.966550 -0.477049 0.826271 -0.299500 0.018562 0.577099 -0.816463 0.032035 0.952444 -0.303026 -0.200968 0.544273 -0.814481 -0.088848 0.239678 -0.966778 -0.329609 0.895173 -0.300038 -0.099152 0.570198 -0.815502 -0.043942 0.249457 -0.967389 -0.161870 0.939641 -0.301451 0.007550 0.250348 -0.968126 -0.220584 0.118637 -0.968126 -0.920320 0.246599 -0.303645 -0.194064 0.162784 -0.967389 0.610438 -0.733037 -0.300038 0.370870 -0.446179 -0.814481 0.240494 -0.064441 -0.968509 0.163141 -0.196780 -0.966779 0.290381 -0.502954 -0.814074 0.128236 -0.222115 -0.966551 0.477049 -0.826272 -0.299499 -0.032035 -0.952444 -0.303026 -0.246600 -0.920320 -0.303645 0.200967 -0.544272 -0.814481 0.088844 -0.239674 -0.966780 0.329610 -0.895173 -0.300037 0.099152 -0.570197 -0.815502 0.043940 -0.249452 -0.967390 0.161871 -0.939641 -0.301451 -0.446176 -0.370871 -0.814482 -0.196778 -0.163141 -0.966780 -0.502953 -0.290381 -0.814074 -0.222110 -0.128238 -0.966552 -0.544273 -0.200968 -0.814481 -0.239672 -0.088848 -0.966780 -0.570196 -0.099154 -0.815503 -0.249452 -0.043943 -0.967390 -0.000000 0.000000 1.000000 -0.733036 -0.610438 -0.300040 -0.826272 -0.477047 -0.299499 -0.895174 -0.329608 -0.300037 -0.939641 -0.161871 -0.301451 
						-0.952444 0.032035 -0.303025 
					</float_array>
					<technique_common>
						<accessor count="193" offset="0" source="#meshId6-normals-array" stride="3">
							<param name="X" type="float" />
							<param name="Y" type="float" />
							<param name="Z" type="float" />
						</accessor>
					</technique_common>
				</source>
				<source id="meshId6-tangents" name="meshId6-tangents">
					<float_array id="meshId6-tangents-array" count="579"> 
						0.742657 0.383644 0.548888 0.834543 0.534217 0.134722 0.830649 0.538732 0.140678 0.705106 0.412840 0.576532 0.825156 0.546870 0.141602 0.819576 0.556203 0.137599 0.650210 0.510496 0.562690 0.671461 0.459750 0.581180 0.816376 0.563055 0.128453 0.646362 0.556899 0.521613 0.818602 0.562981 0.113771 0.665694 0.588546 0.458764 0.810582 0.403036 0.424875 0.833023 0.543150 0.105175 0.836308 0.534270 0.123066 0.778709 0.380470 0.498854 0.755205 0.595952 0.272959 0.833229 0.548811 0.067350 0.835815 0.547463 0.041185 0.792283 0.587418 0.165005 0.826135 0.555753 0.092943 0.707602 0.599039 0.374770 -0.852344 0.472540 0.224089 -0.659135 0.579680 0.479073 -0.340002 0.856303 0.388772 -0.506551 0.842811 0.181867 0.836415 0.547860 0.016088 0.834626 0.550751 -0.008549 0.841581 0.539121 -0.033023 0.822722 0.564650 0.065569 0.831726 0.554202 -0.033038 0.849428 0.510848 -0.132313 0.829378 0.555716 -0.057550 0.847504 0.477532 -0.231734 0.828961 0.553244 -0.082131 0.834159 0.440682 -0.331630 0.777693 0.381856 -0.499379 0.835706 0.535194 -0.123141 0.834743 0.533908 -0.134706 0.741699 0.385034 -0.549210 0.832936 0.543280 -0.105190 0.811066 0.402418 -0.424537 0.830631 0.538759 -0.140678 0.824841 0.547346 -0.141597 0.671128 0.460261 -0.581160 0.704090 0.414372 -0.576675 0.819313 0.556595 -0.137582 0.649970 0.510874 -0.562624 0.816148 0.563391 -0.128426 0.646177 0.557201 -0.521519 0.818402 0.563278 -0.113739 0.665548 0.588797 -0.458655 0.754468 0.597300 -0.272047 0.833087 0.549030 -0.067319 0.835716 0.547618 -0.041161 0.793420 0.585452 -0.166527 0.825965 0.556013 -0.092910 0.707482 0.599257 -0.374648 0.836387 0.547904 -0.016080 0.834706 0.550630 0.008529 0.841639 0.539035 0.032948 0.822698 0.564687 -0.065540 0.831972 0.553837 0.032978 0.849626 0.510577 0.132083 
						0.829798 0.555099 0.057453 0.847999 0.476897 0.231229 0.829510 0.552436 0.082020 0.834984 0.439652 0.330920 -0.030958 -0.973717 0.225646 0.044543 -0.854336 0.517809 -0.294978 -0.776316 0.557066 -0.377512 -0.893610 0.242787 0.855201 0.515069 0.057751 0.786095 0.607825 -0.112266 0.885765 0.404085 0.228333 0.873944 0.280280 0.397070 0.811480 0.155235 0.563384 0.543437 0.697116 -0.467660 0.391182 0.673508 -0.627187 0.424853 0.025420 -0.904905 0.560640 0.004852 -0.828045 0.709192 0.046324 0.703492 0.680867 0.675521 -0.283005 0.307026 0.104781 -0.945916 0.285656 -0.456098 0.842838 0.047019 -0.413236 0.909409 0.225616 0.216513 -0.949852 0.185946 0.347106 -0.919207 0.195646 0.482951 -0.853511 0.263439 0.606511 -0.750163 0.704854 0.048891 -0.707666 0.425623 0.024637 0.904565 0.562292 0.003560 0.826931 0.307454 0.104229 0.945837 0.534432 0.790224 0.299882 0.396003 0.897804 0.192692 -0.004482 0.947719 0.319074 0.262473 0.827490 0.496355 0.225879 0.216087 0.949887 0.186106 0.346769 0.919302 0.195740 0.482672 0.853647 0.263488 0.606278 0.750334 0.680824 0.676039 0.281869 0.543449 0.695461 0.470103 0.391198 0.673318 0.627381 0.786103 0.607805 0.112318 0.855176 0.515096 -0.057871 0.885643 0.404157 -0.228678 0.873794 0.280347 -0.397353 0.819297 0.151599 -0.552964 0.046288 -0.412735 -0.909674 -0.295542 -0.776028 -0.557167 0.033545 -0.853081 -0.520700 0.286250 -0.456302 -0.842526 -0.153038 -0.281786 -0.947194 -0.559174 -0.595049 -0.577271 0.534504 0.790234 -0.299727 0.396140 0.897763 -0.192598 -0.001349 0.948318 -0.317319 0.269070 0.832134 -0.484927 -0.650679 -0.715881 -0.253242 -0.735586 -0.350735 -0.579568 -0.839731 -0.478619 -0.256469 -0.289599 -0.096270 -0.952294 -0.659019 0.579879 -0.478992 -0.222320 0.607028 -0.762949 -0.001339 0.774266 -0.632859 -0.351960 0.848363 -0.395481 
						-0.823161 -0.059301 -0.564703 -0.947881 -0.193936 -0.252806 -0.356362 0.124949 -0.925956 -0.805647 0.261619 -0.531496 -0.961371 0.131277 -0.241933 -0.340805 0.364380 -0.866648 -0.852250 0.472723 -0.224060 -0.101966 -0.967151 -0.232855 0.360452 -0.910611 -0.202141 0.460679 -0.770012 -0.441426 0.568153 -0.391121 -0.724035 -0.142068 0.978082 -0.152223 0.312145 0.945129 -0.096418 -0.377952 -0.893415 -0.242822 0.738909 0.663464 0.117601 0.697123 0.713198 0.073262 0.716902 -0.676307 0.169292 0.747965 -0.549908 0.371684 0.429617 -0.780450 0.454233 0.373871 -0.905657 0.200014 0.679282 0.733062 0.034584 0.892011 0.450238 -0.040016 0.901249 0.432835 -0.020108 0.873987 0.481896 -0.062631 0.746176 -0.551531 -0.372873 0.785468 -0.211475 -0.581652 0.979427 0.127190 -0.156673 0.995087 0.063927 -0.075601 0.933987 0.262739 -0.242148 0.937122 -0.222086 -0.269222 0.936178 -0.327765 -0.127044 0.908844 0.022944 -0.416504 0.715162 -0.678031 -0.169755 -0.142301 0.978040 0.152275 0.000180 0.776522 0.630090 0.311970 0.945182 0.096465 0.738925 0.663455 -0.117547 0.697154 0.713171 -0.073235 -0.506352 0.842941 -0.181820 0.679313 0.733033 -0.034571 0.891964 0.450340 0.039933 0.901179 0.432982 0.020063 0.873976 0.481933 0.062509 0.784022 -0.211987 0.583413 0.566909 -0.391111 0.725014 0.979420 0.127507 0.156459 0.995067 0.064358 0.075489 0.934034 0.262863 0.241835 0.937316 -0.221627 0.268924 0.936467 -0.327010 0.126859 0.908876 0.022973 0.416434 -0.558921 -0.595307 0.577249 -0.650504 -0.716043 0.253233 -0.735475 -0.350950 0.579577 -0.839657 -0.478747 0.256469 -0.823122 -0.059532 0.564736 -0.947846 -0.194096 0.252815 -0.805685 0.261391 0.531550 -0.961392 0.131097 0.241950 0.833438 0.552613 0.000000 -0.152663 -0.282206 0.947129 -0.289409 -0.096611 0.952318 -0.356275 0.124648 0.926030 -0.340797 0.364118 0.866762 
						-0.222377 0.606809 0.763107 
					</float_array>
					<technique_common>
						<accessor count="193" offset="0" source="#meshId6-tangents-array" stride="3">
							<param name="X" type="float" />
							<param name="Y" type="float" />
							<param name="Z" type="float" />
						</accessor>
					</technique_common>
				</source>
				<source id="meshId6-bitangents" name="meshId6-bitangents">
					<float_array id="meshId6-bitangents-array" count="579"> 
						-0.556915 0.808996 0.188072 -0.543442 0.838404 0.041835 -0.546024 0.837609 0.016401 -0.550185 0.831437 0.077512 -0.551383 0.834207 -0.008657 -0.557362 0.829590 -0.033571 -0.528610 0.835939 -0.147570 -0.542975 0.838962 -0.036350 -0.560558 0.826059 -0.058311 -0.505419 0.824612 -0.254099 -0.556899 0.826459 -0.082640 -0.471419 0.808249 -0.352842 -0.566162 0.724801 0.392587 -0.552040 0.828569 0.093414 -0.544205 0.836189 0.068030 -0.564822 0.771277 0.293440 -0.411450 0.755151 -0.510349 -0.538875 0.833292 -0.123439 -0.538257 0.831910 -0.134922 -0.417067 0.718773 -0.556256 -0.546843 0.830550 -0.105594 -0.432522 0.786598 -0.440669 0.459170 0.881277 -0.111865 0.482180 0.814633 -0.322299 0.757346 0.494398 -0.426611 0.827988 0.534338 -0.170056 -0.540584 0.829439 -0.140716 -0.546231 0.825578 -0.141609 -0.454939 0.674559 -0.581378 -0.429948 0.693576 -0.578011 -0.553003 0.821717 -0.137725 -0.487723 0.664256 -0.566472 -0.558155 0.819680 -0.128795 -0.521400 0.667229 -0.531928 -0.559290 0.821077 -0.114138 -0.551210 0.686429 -0.474324 -0.566220 0.770592 -0.292544 -0.545129 0.835598 -0.067895 -0.543134 0.838600 -0.041885 -0.558191 0.808335 -0.187128 -0.552171 0.828483 -0.093399 -0.565469 0.725145 -0.392950 -0.546050 0.837592 -0.016397 -0.551854 0.833895 0.008737 -0.543383 0.838682 0.036707 -0.551484 0.830675 -0.076448 -0.557750 0.829327 0.033635 -0.528903 0.835709 0.147826 -0.560891 0.825830 0.058361 -0.505657 0.824408 0.254290 -0.557193 0.826257 0.082680 -0.471626 0.808067 0.352984 -0.412798 0.754085 0.510837 -0.539094 0.833148 0.123456 -0.538412 0.831809 0.134930 -0.414898 0.720375 0.555806 -0.547101 0.830376 0.105621 -0.432717 0.786431 0.440773 -0.540628 0.829410 0.140715 -0.546109 0.825659 0.141608 -0.454831 0.674627 0.581385 -0.429990 0.693544 0.578018 -0.552634 0.821964 0.137738 -0.487377 0.664463 0.566527 
						-0.557531 0.820098 0.128836 -0.520594 0.667681 0.532149 -0.558475 0.821620 0.114217 -0.549959 0.687087 0.474823 -0.992455 0.056741 0.108689 -0.961131 0.104722 0.255459 -0.880552 0.447208 0.156949 -0.911585 0.404723 0.072201 -0.204475 0.232902 0.950761 -0.103253 0.308207 0.945699 -0.327319 0.195058 0.924562 -0.458373 0.203667 0.865109 -0.583504 0.267994 0.766617 -0.005367 0.559977 0.828491 -0.053494 0.696981 0.715092 -0.669806 0.681276 -0.295336 -0.696583 0.543442 -0.468447 -0.660638 0.392096 0.640171 -0.034678 0.415705 0.908838 -0.608422 0.785893 -0.110427 -0.846916 0.291434 0.444747 -0.791002 0.540570 0.286532 -0.518300 0.852234 0.071151 -0.408358 0.878200 0.249014 -0.285939 0.860606 0.421422 -0.162849 0.794432 0.585114 -0.665264 0.391786 -0.635553 -0.669317 0.681305 0.296376 -0.695249 0.543453 0.470412 -0.608206 0.785967 0.111092 0.421144 0.058652 -0.905095 0.803643 -0.237342 -0.545736 0.860717 0.166088 -0.481228 0.473356 0.337827 -0.813515 -0.518187 0.852342 -0.070674 -0.408288 0.878333 -0.248660 -0.285876 0.860762 -0.421145 -0.162774 0.794610 -0.584893 -0.035532 0.414862 -0.909190 -0.003766 0.562032 -0.827107 -0.053390 0.697164 -0.714921 -0.103210 0.308244 -0.945692 -0.204584 0.232840 -0.950753 -0.327650 0.194910 -0.924476 -0.458660 0.203579 -0.864978 -0.572476 0.270073 -0.774165 -0.791045 0.540952 -0.285691 -0.880363 0.447706 -0.156592 -0.961578 0.114490 -0.249520 -0.846715 0.291115 -0.445337 -0.662751 0.740244 -0.113139 -0.698749 0.713002 -0.058116 0.421052 0.058518 0.905147 0.803576 -0.237495 0.545767 0.860729 0.162636 0.482385 0.469638 0.326220 0.820379 -0.733414 0.678895 -0.034717 -0.453820 0.890317 0.037198 -0.495499 0.868608 0.001379 -0.483125 0.873588 0.058607 0.482342 0.814491 0.322414 0.208387 0.794034 0.571038 0.391164 0.582840 0.712242 0.751866 0.507902 0.420397 
						-0.161787 0.977801 0.133153 -0.209955 0.976983 0.037737 -0.267715 0.935812 0.229312 0.160652 0.960065 0.229057 0.116365 0.990371 0.074991 -0.030442 0.917074 0.397553 0.459348 0.881179 0.111908 -0.987688 0.126341 -0.092248 -0.930549 -0.336074 -0.145372 -0.874905 -0.310253 -0.371866 -0.785105 0.006030 -0.619333 0.964968 0.171117 0.198887 0.930003 -0.283255 0.234224 -0.911403 0.405153 -0.072084 0.285270 -0.149912 -0.946651 0.613574 -0.540622 -0.575547 -0.697133 -0.692775 0.184577 -0.663478 -0.603788 0.441856 -0.890569 -0.282976 0.356106 -0.925239 -0.349208 0.148277 0.715514 -0.651073 -0.253264 0.346400 -0.737782 -0.579383 0.413890 -0.873680 -0.255691 0.092578 -0.291637 -0.952038 -0.665489 -0.602304 -0.440855 -0.618073 -0.219383 -0.754888 0.018321 -0.829210 -0.558636 0.043683 -0.968746 -0.244180 -0.137933 -0.360045 -0.922682 -0.334622 -0.790918 -0.512325 -0.348768 -0.911231 -0.219133 -0.384447 -0.341392 -0.857701 -0.698918 -0.691086 -0.184158 0.964932 0.171355 -0.198858 0.391167 0.579830 -0.714693 0.930061 -0.283075 -0.234209 0.285228 -0.149951 0.946657 0.613540 -0.540658 0.575549 0.828112 0.534133 0.170093 0.715485 -0.651106 0.253264 0.346525 -0.737720 0.579387 0.414042 -0.873609 0.255689 0.092689 -0.291575 0.952047 -0.619905 -0.218889 0.753528 -0.786004 0.006649 0.618186 0.018696 -0.829162 0.558696 0.044127 -0.968718 0.244210 -0.137615 -0.359956 0.922764 -0.334076 -0.791048 0.512480 -0.347992 -0.911503 0.219235 -0.384373 -0.341390 0.857735 -0.698952 0.712786 0.058324 -0.733569 0.678725 0.034777 -0.453998 0.890232 -0.037057 -0.495623 0.868537 -0.001341 -0.161981 0.977787 -0.133019 -0.210110 0.976951 -0.037695 0.160460 0.960127 -0.228931 0.116190 0.990395 -0.074949 -0.552613 0.833438 -0.000000 -0.662837 0.740085 0.113676 -0.483235 0.873551 -0.058234 -0.267828 0.935853 -0.229013 -0.030540 0.917178 -0.397305 
						0.208325 0.794202 -0.570827 
					</float_array>
					<technique_common>
						<accessor count="193" offset="0" source="#meshId6-bitangents-array" stride="3">
							<param name="X" type="float" />
							<param name="Y" type="float" />
							<param name="Z" type="float" />
						</accessor>
					</technique_common>
				</source>
				<source id="meshId6-tex0" name="meshId6-tex0">
					<float_array id="meshId6-tex0-array" count="386"> 
						0.562738 0.097434 0.571241 0.100650 0.567502 0.118560 0.558551 0.117164 0.567021 0.137125 0.569777 0.155490 0.561061 0.157982 0.557980 0.137685 0.575700 0.172796 0.567648 0.177042 0.584632 0.188269 0.577529 0.193947 0.581450 0.063838 0.588239 0.069850 0.578176 0.084183 0.570408 0.079403 0.605946 0.219091 0.610713 0.211321 0.627190 0.218245 0.623986 0.226749 0.596365 0.201274 0.590346 0.208078 0.554784 0.210391 0.562717 0.205071 0.578201 0.221864 0.571602 0.229384 0.645101 0.221980 0.663665 0.222460 0.664230 0.231500 0.643713 0.230930 0.682027 0.219704 0.684522 0.228419 0.699329 0.213783 0.703577 0.221834 0.714799 0.204854 0.720478 0.211957 0.745618 0.183546 0.737847 0.178779 0.744770 0.162306 0.753274 0.165510 0.727801 0.193124 0.734606 0.199143 0.748503 0.144398 0.748982 0.125838 0.758023 0.125273 0.757454 0.145786 0.746227 0.107480 0.754943 0.104985 0.740307 0.090181 0.748359 0.085934 0.731381 0.074715 0.738484 0.069035 0.710079 0.043903 0.705310 0.051674 0.688841 0.044754 0.692047 0.036250 0.719653 0.061716 0.725672 0.054911 0.670936 0.041022 0.652378 0.040541 0.651821 0.031502 0.672328 0.032072 0.634020 0.043292 0.631535 0.034577 
						0.616715 0.049201 0.612480 0.041149 0.601235 0.058113 0.595552 0.050994 0.545915 0.065976 0.554465 0.070260 0.545178 0.091614 0.535963 0.089247 0.651446 0.025389 0.673212 0.026055 0.629920 0.028711 0.609720 0.035730 0.591811 0.046223 0.713204 0.038702 0.729635 0.050434 0.758985 0.167575 0.750819 0.186670 0.576985 0.059884 0.694114 0.030539 0.763470 0.146667 0.559655 0.073072 0.550833 0.093295 0.764136 0.124893 0.760809 0.103362 0.753779 0.083163 0.743239 0.065298 0.739084 0.203105 0.557028 0.095361 0.565208 0.076266 0.552535 0.116277 0.619862 0.238655 0.618186 0.244311 0.596838 0.235036 0.599640 0.229844 0.551867 0.138061 0.555195 0.159603 0.562229 0.179811 0.572774 0.197684 0.621920 0.232460 0.602822 0.224293 0.586383 0.212555 0.642832 0.236946 0.664609 0.237612 0.686144 0.234285 0.706347 0.227253 0.724216 0.216712 0.765180 0.169633 0.770836 0.171309 0.761563 0.192653 0.756371 0.189852 0.769974 0.147504 0.775846 0.148125 0.696173 0.024344 0.697850 0.018688 0.719188 0.027958 0.716386 0.033150 0.785274 0.148865 0.776517 0.124137 0.785618 0.123588 0.770707 0.124493 0.753296 0.057909 0.748512 0.061334 0.733873 0.045609 0.737818 0.041124 
						0.772915 0.100404 0.782186 0.098527 0.767161 0.101740 0.765101 0.077987 0.773962 0.074509 0.759687 0.080353 0.761228 0.052589 0.770119 0.196922 0.755914 0.217886 0.748394 0.211287 0.743909 0.207343 0.723457 0.019402 0.700210 0.009471 0.780053 0.173669 0.641994 0.243450 0.641373 0.249321 0.579198 0.028260 0.584496 0.036216 0.567640 0.051615 0.560147 0.044998 0.640633 0.258750 0.665365 0.249993 0.665915 0.259094 0.665010 0.244183 0.731604 0.226768 0.728180 0.221984 0.689102 0.246391 0.690979 0.255662 0.687767 0.240637 0.711523 0.238576 0.715000 0.247436 0.709157 0.233161 0.736924 0.234701 0.592570 0.243592 0.582146 0.217379 0.615826 0.253528 0.674051 0.019551 0.674674 0.013680 0.744417 0.033604 0.675415 0.004251 0.650696 0.013008 0.650148 0.003906 0.651049 0.018818 0.587916 0.041018 0.572107 0.055562 0.626974 0.016605 0.625102 0.007333 0.628304 0.022359 0.604565 0.024410 0.601102 0.015546 0.606922 0.029825 0.540160 0.114811 0.530733 0.114068 0.539486 0.138813 0.530386 0.139361 0.543089 0.162558 0.533818 0.164434 0.550906 0.184985 0.542046 0.188462 0.658000 0.131502 0.546031 0.115435 0.545296 0.138459 0.548843 0.161224 0.556321 0.182620 
						0.567501 0.201647 
					</float_array>
					<technique_common>
						<accessor count="193" offset="0" source="#meshId6-tex0-array" stride="2">
							<param name="S" type="float" />
							<param name="T" type="float" />
						</accessor>
					</technique_common>
				</source>
				<vertices id="meshId6-vertices">
					<input semantic="POSITION" source="#meshId6-positions" />
				</vertices>
				<polylist count="352" material="defaultMaterial">
					<input offset="0" semantic="VERTEX" source="#meshId6-vertices" />
					<input offset="0" semantic="NORMAL" source="#meshId6-normals" />
					<input offset="0" semantic="TANGENT" source="#meshId6-tangents" />
					<input offset="0" semantic="BINORMAL" source="#meshId6-bitangents" />
					<input offset="0" semantic="TEXCOORD" source="#meshId6-tex0" set="0" />
					<vcount>
						3 3 3 3 3 3 3 3 3 3 3 3 3 3 3 3 3 3 3 3 3 3 3 3 3 3 3 3 3 3 3 3 3 3 3 3 3 3 3 3 3 3 3 3 3 3 3 3 3 3 3 3 3 3 3 3 3 3 3 3 3 3 3 3 
						3 3 3 3 3 3 3 3 3 3 3 3 3 3 3 3 3 3 3 3 3 3 3 3 3 3 3 3 3 3 3 3 3 3 3 3 3 3 3 3 3 3 3 3 3 3 3 3 3 3 3 3 3 3 3 3 3 3 3 3 3 3 3 3 
						3 3 3 3 3 3 3 3 3 3 3 3 3 3 3 3 3 3 3 3 3 3 3 3 3 3 3 3 3 3 3 3 3 3 3 3 3 3 3 3 3 3 3 3 3 3 3 3 3 3 3 3 3 3 3 3 3 3 3 3 3 3 3 3 
						3 3 3 3 3 3 3 3 3 3 3 3 3 3 3 3 3 3 3 3 3 3 3 3 3 3 3 3 3 3 3 3 3 3 3 3 3 3 3 3 3 3 3 3 3 3 3 3 3 3 3 3 3 3 3 3 3 3 3 3 3 3 3 3 
						3 3 3 3 3 3 3 3 3 3 3 3 3 3 3 3 3 3 3 3 3 3 3 3 3 3 3 3 3 3 3 3 3 3 3 3 3 3 3 3 3 3 3 3 3 3 3 3 3 3 3 3 3 3 3 3 3 3 3 3 3 3 3 3 
						3 3 3 3 3 3 3 3 3 3 3 3 3 3 3 3 3 3 3 3 3 3 3 3 3 3 3 3 3 3 3 3 
					</vcount>
					<p>
						3 0 1 1 2 3 7 4 5 5 6 7 3 2 4 4 7 3 6 5 8 8 9 6 9 8 10 10 11 9 15 12 13 13 14 15 19 16 17 17 18 19 11 10 20 20 21 11 25 22 23 23 24 25 29 26 27 27 28 29 19 18 26 26 29 19 28 27 30 30 31 28 31 30 32 32 33 31 33 32 34 34 35 33 20 17 16 16 21 20 39 36 37 37 38 39 35 34 40 40 41 35 45 42 43 43 44 45 39 38 42 42 45 39 44 43 46 46 47 44 47 46 48 48 49 47 49 48 50 50 51 49 40 37 36 36 41 40 55 52 53 53 54 55 51 50 56 56 57 51 61 58 59 59 60 61 55 54 58 58 61 55 60 59 62 62 63 60 63 62 64 64 65 63 65 64 66 66 67 65 52 57 56 56 53 52 71 68 69 69 70 71 
						67 66 13 13 12 67 73 61 60 60 72 73 72 60 63 63 74 72 74 63 65 65 75 74 75 65 67 67 76 75 52 77 78 78 57 52 36 39 79 79 80 36 76 67 12 12 81 76 82 55 61 61 73 82 79 39 45 45 83 79 70 69 84 84 85 70 83 45 44 44 86 83 86 44 47 47 87 86 87 47 49 49 88 87 88 49 51 51 89 88 36 80 90 90 41 36 15 0 91 91 92 15 89 51 57 57 78 89 91 0 3 3 93 91 97 94 95 95 96 97 93 3 7 7 98 93 98 7 6 6 99 98 99 6 9 9 100 99 100 9 11 11 101 100 15 92 81 81 12 15 16 19 102 102 103 16 101 11 21 21 104 101 102 19 29 29 105 102 105 29 28 28 106 105 106 28 31 31 107 106 107 31 33 33 108 107 108 33 35 35 109 108 
						16 103 104 104 21 16 113 110 111 111 112 113 109 35 41 41 90 109 110 114 115 115 111 110 119 116 117 117 118 119 122 120 115 115 121 122 114 123 121 121 115 114 127 124 125 125 126 127 129 122 121 121 128 129 123 130 128 128 121 123 132 129 128 128 131 132 130 133 131 131 128 130 134 132 131 131 124 134 133 125 124 124 131 133 112 135 136 136 137 112 113 112 137 137 138 113 140 139 118 118 117 140 120 141 111 111 115 120 94 142 143 143 95 94 147 144 145 145 146 147 150 148 143 143 149 150 142 151 149 149 143 142 137 152 153 153 138 137 155 150 149 149 154 155 151 156 154 154 149 151 158 155 154 154 157 158 156 159 157 157 154 156 160 158 157 157 152 160 159 153 152 152 157 159 96 161 25 25 24 96 97 96 24 24 162 97 141 135 112 112 111 141 
						148 163 95 95 143 148 116 164 165 165 117 116 166 134 124 124 127 166 169 167 165 165 168 169 164 170 168 168 165 164 146 145 171 171 172 146 174 169 168 168 173 174 170 175 173 173 168 170 177 174 173 173 176 177 175 178 176 176 173 175 144 177 176 176 145 144 178 171 145 145 176 178 118 139 166 166 127 118 118 127 126 126 119 118 77 52 55 55 82 77 167 140 117 117 165 167 77 82 116 116 119 77 180 71 70 70 179 180 182 180 179 179 181 182 184 182 181 181 183 184 186 184 183 183 185 186 22 186 185 185 23 22 68 147 146 146 69 68 163 161 96 96 95 163 136 160 152 152 137 136 43 42 187 46 43 187 48 46 187 56 50 187 50 48 187 37 40 187 18 17 187 26 18 187 27 26 187 30 27 187 32 30 187 40 34 187 34 32 187 17 20 187 
						54 53 187 58 54 187 59 58 187 1 14 187 62 59 187 2 1 187 64 62 187 4 2 187 13 66 187 66 64 187 5 4 187 53 56 187 8 5 187 20 10 187 10 8 187 14 13 187 38 37 187 42 38 187 82 73 164 164 116 82 73 72 170 170 164 73 72 74 175 175 170 72 74 75 178 178 175 74 75 76 171 171 178 75 76 81 172 172 171 76 126 78 77 77 119 126 80 79 110 110 113 80 79 83 114 114 110 79 83 86 123 123 114 83 86 87 130 130 123 86 87 88 133 133 130 87 88 89 125 125 133 88 78 126 125 125 89 78 138 90 80 80 113 138 103 102 94 94 97 103 102 105 142 142 94 102 105 106 151 151 142 105 106 107 156 156 151 106 107 108 159 159 156 107 108 109 153 153 159 108 90 138 153 153 109 90 162 104 103 103 97 162 
						92 91 85 85 84 92 91 93 188 188 85 91 93 98 189 189 188 93 98 99 190 190 189 98 99 100 191 191 190 99 100 101 192 192 191 100 104 162 192 192 101 104 24 23 192 192 162 24 179 70 85 85 188 179 181 179 188 188 189 181 183 181 189 189 190 183 185 183 190 190 191 185 23 185 191 191 192 23 172 81 92 92 84 172 69 146 172 172 84 69 0 15 14 14 1 0 
					</p>
				</polylist>
			</mesh>
		</geometry>
		<geometry id="meshId7" name="meshId7_name" >
			<mesh>
				<source id="meshId7-positions" name="meshId7-positions">
					<float_array id="meshId7-positions-array" count="162"> 
						-2.153496 0.236610 13.205429 -2.064766 -0.000002 13.205429 -2.064172 -0.000002 13.074256 -2.153064 0.237043 13.074256 -2.390108 -0.325938 13.074256 -2.390108 -0.325344 13.205429 -2.626720 -0.236614 13.205429 -2.627152 -0.237046 13.074256 -2.626720 0.236610 13.205429 -2.390108 0.325339 13.205429 -2.390108 0.325934 13.074256 -2.627152 0.237043 13.074256 -2.153496 -0.236614 13.205429 -2.153064 -0.237046 13.074256 -2.696013 -0.000002 13.039081 -2.612540 0.222431 13.039081 -2.390108 -0.000002 13.025540 -2.612540 -0.222435 13.039081 -2.390108 0.305904 13.039081 -2.167675 0.222431 13.039081 -2.715450 -0.000002 13.205429 -2.716044 -0.000002 13.074256 -2.390108 -0.000002 13.265560 -2.694396 -0.000002 13.242028 -2.611386 -0.221280 13.242028 -2.611386 0.221276 13.242028 -2.694396 -0.000002 13.242028 -2.611386 0.221276 13.242028 -2.715450 -0.000002 13.205429 -2.611386 -0.221280 13.242028 -2.694396 -0.000002 13.242028 -2.390108 0.304286 13.242028 -2.168830 0.221276 13.242028 -2.390108 0.304286 13.242028 -2.168830 0.221276 13.242028 -2.085820 -0.000002 13.242028 -2.168830 -0.221280 13.242028 -2.085820 -0.000002 13.242028 -2.168830 -0.221280 13.242028 -2.390108 -0.304290 13.242028 -2.390108 -0.304290 13.242028 -2.696013 -0.000002 13.039081 -2.612540 -0.222435 13.039081 -2.716044 -0.000002 13.074256 -2.612540 0.222431 13.039081 -2.696013 -0.000002 13.039081 -2.390108 0.305904 13.039081 -2.167675 0.222431 13.039081 -2.084202 -0.000002 13.039081 -2.167675 -0.222435 13.039081 -2.084202 -0.000002 13.039081 -2.167675 -0.222435 13.039081 -2.390108 -0.305908 13.039081 -2.390108 -0.305908 13.039081 
					</float_array>
					<technique_common>
						<accessor count="54" offset="0" source="#meshId7-positions-array" stride="3">
							<param name="X" type="float" />
							<param name="Y" type="float" />
							<param name="Z" type="float" />
						</accessor>
					</technique_common>
				</source>
				<source id="meshId7-normals" name="meshId7-normals">
					<float_array id="meshId7-normals-array" count="162"> 
						0.684630 0.684625 0.250142 0.969002 -0.000003 0.247052 0.970543 -0.000001 -0.240929 0.685754 0.685754 -0.243891 0.000000 -0.970543 -0.240928 -0.000003 -0.969002 0.247054 -0.684629 -0.684625 0.250144 -0.685756 -0.685752 -0.243890 -0.684627 0.684627 0.250145 0.000001 0.969002 0.247054 0.000001 0.970543 -0.240928 -0.685749 0.685758 -0.243895 0.684626 -0.684627 0.250146 0.685754 -0.685754 -0.243892 -0.592488 0.000004 -0.805579 -0.422985 0.422996 -0.801348 -0.000001 -0.000000 -1.000000 -0.422997 -0.422992 -0.801344 -0.000001 0.592493 -0.805575 0.422990 0.422994 -0.801346 -0.969002 0.000000 0.247053 -0.970542 0.000004 -0.240931 0.000000 0.000000 1.000000 -0.601242 -0.000000 0.799067 -0.428621 -0.428617 0.795344 -0.428616 0.428618 0.795346 -0.601242 -0.000000 0.799067 -0.428616 0.428618 0.795346 -0.969002 0.000000 0.247053 -0.428621 -0.428617 0.795344 -0.601242 -0.000000 0.799067 -0.000000 0.601243 0.799066 0.428619 0.428617 0.795345 -0.000000 0.601243 0.799066 0.428619 0.428617 0.795345 0.601242 -0.000004 0.799067 0.428615 -0.428619 0.795346 0.601242 -0.000004 0.799067 0.428615 -0.428619 0.795346 -0.000004 -0.601243 0.799066 -0.000004 -0.601243 0.799066 -0.592488 0.000004 -0.805579 -0.422997 -0.422992 -0.801344 -0.970542 0.000004 -0.240931 -0.422985 0.422996 -0.801348 -0.592488 0.000004 -0.805579 -0.000001 0.592493 -0.805575 0.422990 0.422994 -0.801346 0.592491 -0.000002 -0.805577 0.422994 -0.422993 -0.801345 0.592491 -0.000002 -0.805577 0.422994 -0.422993 -0.801345 0.000000 -0.592492 -0.805576 0.000000 -0.592492 -0.805576 
					</float_array>
					<technique_common>
						<accessor count="54" offset="0" source="#meshId7-normals-array" stride="3">
							<param name="X" type="float" />
							<param name="Y" type="float" />
							<param name="Z" type="float" />
						</accessor>
					</technique_common>
				</source>
				<source id="meshId7-tangents" name="meshId7-tangents">
					<float_array id="meshId7-tangents-array" count="162"> 
						0.184147 0.169588 -0.968158 0.247039 -0.010307 -0.968951 -0.240918 -0.009766 -0.970496 -0.165545 -0.179352 -0.969757 -0.009525 0.240917 -0.970499 -0.010566 -0.247040 -0.968948 -0.184338 -0.169398 -0.968155 0.165743 0.179153 -0.969759 -0.169598 0.184141 -0.968157 0.010291 0.247041 -0.968950 0.009777 -0.240917 -0.970497 0.179370 -0.165534 -0.969755 0.169402 -0.184339 -0.968154 -0.179171 0.165730 -0.969759 -0.240047 -0.954573 0.176545 -0.462694 -0.861199 -0.210360 -0.351393 -0.936228 0.000000 -0.156312 -0.837037 0.524343 -0.411313 -0.734278 -0.540053 -0.156317 -0.837035 -0.524344 -0.247053 0.000009 -0.969002 0.240888 0.019013 -0.970367 0.351378 0.936234 -0.000000 0.241616 0.953190 0.181799 0.158787 0.830868 0.533333 0.459950 0.861211 -0.216243 -0.799067 -0.000027 -0.601242 -0.574103 0.550529 -0.606072 -0.246997 0.021165 -0.968785 -0.550533 -0.574097 -0.606074 -0.798589 -0.034572 -0.600883 0.405748 0.730335 -0.549527 0.158783 0.830870 -0.533332 -0.017230 0.798948 -0.601154 0.550531 0.574100 -0.606073 0.241615 0.953191 -0.181794 0.459952 0.861210 0.216244 0.798949 0.017175 -0.601153 0.574099 -0.550534 -0.606072 0.405752 0.730332 0.549527 0.017229 -0.798948 -0.601154 0.805579 -0.000059 -0.592488 0.577718 0.555413 -0.598130 0.240931 -0.000004 -0.970542 0.555454 -0.577682 -0.598125 0.805146 -0.032805 -0.592169 -0.016339 -0.805468 -0.592414 -0.577716 -0.555417 -0.598127 -0.805469 0.016338 -0.592412 -0.555458 0.577675 -0.598129 -0.240046 -0.954573 -0.176548 -0.462692 -0.861201 0.210354 0.016283 0.805469 -0.592414 -0.411311 -0.734279 0.540053 
					</float_array>
					<technique_common>
						<accessor count="54" offset="0" source="#meshId7-tangents-array" stride="3">
							<param name="X" type="float" />
							<param name="Y" type="float" />
							<param name="Z" type="float" />
						</accessor>
					</technique_common>
				</source>
				<source id="meshId7-bitangents" name="meshId7-bitangents">
					<float_array id="meshId7-bitangents-array" count="162"> 
						-0.705246 0.708892 -0.009966 0.002549 0.999947 -0.009987 -0.002352 0.999952 -0.009478 -0.708757 0.705389 -0.009468 0.999955 0.002295 -0.009244 0.999944 -0.002613 -0.010238 0.705196 -0.708938 -0.010227 0.708708 -0.705442 -0.009196 -0.708888 -0.705250 -0.009957 -0.999947 0.002543 -0.009972 -0.999952 -0.002355 -0.009489 -0.705390 -0.708756 -0.009489 0.708936 0.705198 -0.010226 0.705436 0.708714 -0.009217 -0.768983 0.297978 0.565574 -0.779101 0.281799 0.559992 -0.936228 0.351393 0.000001 -0.892547 0.347055 0.287945 -0.911494 0.331343 0.243701 -0.892549 0.347056 -0.287937 -0.000003 -1.000000 -0.000009 0.004577 -0.999819 -0.018454 -0.936234 0.351378 0.000000 -0.761663 0.302372 -0.573098 -0.889422 0.354888 -0.288069 -0.777647 0.273134 -0.566272 0.000021 -1.000000 0.000016 -0.697634 -0.716383 0.010105 -0.005229 -0.999776 -0.020509 0.716378 -0.697639 0.010102 0.027626 -0.999402 0.020786 -0.913985 0.324220 -0.243953 -0.889423 0.354883 0.288070 -0.999852 -0.013768 0.010360 -0.716381 0.697636 0.010103 -0.761663 0.302368 0.573100 -0.777646 0.273136 0.566272 -0.013722 0.999853 0.010330 0.697639 0.716379 0.010102 -0.913983 0.324225 0.243953 0.999852 0.013765 0.010362 -0.000050 -1.000000 0.000031 0.698080 -0.715957 0.009432 -0.000004 -1.000000 0.000003 -0.715929 -0.698110 0.009396 -0.026430 -0.999462 0.019433 -0.999867 0.013161 0.009682 -0.698085 0.715952 0.009434 0.013163 0.999867 0.009678 0.715921 0.698118 0.009398 -0.768981 0.297978 -0.565576 -0.779097 0.281797 -0.559998 0.999867 -0.013117 0.009648 -0.911495 0.331343 -0.243699 
					</float_array>
					<technique_common>
						<accessor count="54" offset="0" source="#meshId7-bitangents-array" stride="3">
							<param name="X" type="float" />
							<param name="Y" type="float" />
							<param name="Z" type="float" />
						</accessor>
					</technique_common>
				</source>
				<source id="meshId7-tex0" name="meshId7-tex0">
					<float_array id="meshId7-tex0-array" count="108"> 
						0.664508 0.775999 0.664508 0.763341 0.671323 0.763341 0.671323 0.775999 0.671323 0.738028 0.664508 0.738028 0.664508 0.725385 0.671323 0.725385 0.664508 0.801308 0.664508 0.788654 0.671323 0.788654 0.671323 0.801308 0.664508 0.750684 0.671323 0.750684 0.789138 0.232534 0.776995 0.232534 0.783644 0.217896 0.798282 0.224544 0.769006 0.223390 0.769006 0.211247 0.664508 0.712819 0.671323 0.712819 0.465887 0.624296 0.460415 0.638874 0.451309 0.630918 0.472508 0.638874 0.662390 0.813889 0.662390 0.801308 0.664508 0.813889 0.662390 0.725385 0.662390 0.712819 0.480464 0.629767 0.480464 0.617675 0.662390 0.788654 0.662390 0.775999 0.471358 0.609718 0.459265 0.609718 0.662390 0.763341 0.662390 0.750684 0.451309 0.618825 0.662390 0.738028 0.673363 0.712819 0.673363 0.725385 0.671323 0.813889 0.673363 0.801308 0.673363 0.813889 0.673363 0.788654 0.673363 0.775999 0.673363 0.763341 0.673363 0.750684 0.778150 0.203258 0.790292 0.203258 0.673363 0.738028 0.798282 0.212402 
					</float_array>
					<technique_common>
						<accessor count="54" offset="0" source="#meshId7-tex0-array" stride="2">
							<param name="S" type="float" />
							<param name="T" type="float" />
						</accessor>
					</technique_common>
				</source>
				<vertices id="meshId7-vertices">
					<input semantic="POSITION" source="#meshId7-positions" />
				</vertices>
				<polylist count="64" material="defaultMaterial">
					<input offset="0" semantic="VERTEX" source="#meshId7-vertices" />
					<input offset="0" semantic="NORMAL" source="#meshId7-normals" />
					<input offset="0" semantic="TANGENT" source="#meshId7-tangents" />
					<input offset="0" semantic="BINORMAL" source="#meshId7-bitangents" />
					<input offset="0" semantic="TEXCOORD" source="#meshId7-tex0" set="0" />
					<vcount>
						3 3 3 3 3 3 3 3 3 3 3 3 3 3 3 3 3 3 3 3 3 3 3 3 3 3 3 3 3 3 3 3 3 3 3 3 3 3 3 3 3 3 3 3 3 3 3 3 3 3 3 3 3 3 3 3 3 3 3 3 3 3 3 3 
					</vcount>
					<p>
						3 0 1 1 2 3 7 4 5 5 6 7 11 8 9 9 10 11 13 2 1 1 12 13 14 15 16 17 14 16 18 19 16 15 18 16 21 7 6 6 20 21 3 10 9 9 0 3 22 23 24 22 25 23 28 26 27 27 8 28 6 29 30 30 20 6 22 31 25 22 32 31 9 33 34 34 0 9 8 27 33 33 9 8 22 35 32 22 36 35 1 37 38 38 12 1 0 34 37 37 1 0 22 39 36 22 24 39 5 40 29 29 6 5 12 38 40 40 5 12 42 7 21 21 41 42 45 43 11 11 44 45 44 11 10 10 46 44 46 10 3 3 47 46 47 3 2 2 48 47 48 2 13 13 49 48 50 51 16 19 50 16 49 13 4 4 52 49 52 4 7 7 42 52 53 17 16 51 53 16 11 43 28 28 8 11 4 13 12 12 5 4 
					</p>
				</polylist>
			</mesh>
		</geometry>
		<geometry id="meshId8" name="meshId8_name" >
			<mesh>
				<source id="meshId8-positions" name="meshId8-positions">
					<float_array id="meshId8-positions-array" count="243"> 
						-2.390108 -0.088922 12.395960 -2.390108 -0.000002 12.429306 -2.891482 -0.000002 12.397034 -2.891486 -0.065544 12.372581 -3.429424 -0.053954 12.307039 -3.178967 -0.072065 12.307039 -3.178958 -0.052486 12.359524 -3.429424 -0.039240 12.346276 -2.390108 0.088918 12.395960 -2.390108 0.122263 12.307040 -2.891482 0.089993 12.307039 -2.891486 0.065540 12.372581 -3.429424 -0.000002 12.360991 -3.178967 -0.000002 12.379103 -3.178958 0.052482 12.359524 -3.429424 0.039236 12.346276 -2.390108 0.088918 12.218120 -2.390108 -0.000002 12.184773 -2.891482 -0.000002 12.217045 -2.891486 0.065540 12.241496 -3.429424 0.053950 12.307039 -3.178967 0.072061 12.307039 -3.178958 0.052482 12.254555 -3.429424 0.039236 12.267800 -3.429424 -0.039240 12.267800 -3.429424 -0.053954 12.307039 -3.459709 -0.000002 12.307037 -3.429424 -0.000002 12.253088 -3.429424 -0.039240 12.346276 -3.429424 -0.000002 12.360991 -3.429424 0.039236 12.346276 -3.429424 0.053950 12.307039 -3.429424 -0.039240 12.267800 -3.178958 -0.052486 12.254555 -2.891482 -0.089997 12.307039 -2.390108 -0.122267 12.307040 -3.178967 -0.000002 12.234976 -3.429424 -0.000002 12.253088 -3.429424 -0.000002 12.253088 -3.178967 -0.000002 12.234976 -2.390108 -0.088922 12.218120 -2.891486 -0.065544 12.241496 -3.429424 0.039236 12.267800 -2.891482 -0.000002 12.217045 -2.390108 -0.000002 12.184773 -1.888730 -0.065544 12.372581 -1.888734 -0.000002 12.397034 -1.350792 -0.053954 12.307039 -1.350792 -0.039240 12.346276 -1.601257 -0.052486 12.359524 -1.601249 -0.072065 12.307039 -1.888730 0.065540 12.372581 -1.888734 0.089993 12.307039 -1.350792 -0.000002 12.360991 -1.350792 0.039236 12.346276 -1.601257 0.052482 12.359524 -1.601249 -0.000002 12.379103 -1.888730 0.065540 12.241496 -1.888734 -0.000002 12.217045 -1.350792 0.053950 12.307039 -1.350792 0.039236 12.267801 -1.601257 0.052482 12.254555 -1.601249 0.072061 12.307039 -1.350792 -0.039240 12.267801 
						-1.320507 -0.000002 12.307039 -1.350792 -0.053954 12.307039 -1.350792 -0.000002 12.253088 -1.350792 -0.039240 12.346276 -1.350792 -0.000002 12.360991 -1.350792 0.039236 12.346276 -1.350792 0.053950 12.307039 -1.350792 -0.039240 12.267801 -1.601257 -0.052486 12.254555 -1.888734 -0.089997 12.307039 -1.350792 -0.000002 12.253088 -1.601249 -0.000002 12.234976 -1.350792 -0.000002 12.253088 -1.601249 -0.000002 12.234976 -1.888730 -0.065544 12.241496 -1.350792 0.039236 12.267801 -1.888734 -0.000002 12.217045 
					</float_array>
					<technique_common>
						<accessor count="81" offset="0" source="#meshId8-positions-array" stride="3">
							<param name="X" type="float" />
							<param name="Y" type="float" />
							<param name="Z" type="float" />
						</accessor>
					</technique_common>
				</source>
				<source id="meshId8-normals" name="meshId8-normals">
					<float_array id="meshId8-normals-array" count="243"> 
						-0.000000 -0.707109 0.707104 -0.000001 -0.000000 1.000000 -0.063183 -0.000000 0.998002 -0.065044 -0.705612 0.705607 -0.492886 -0.870094 0.000002 -0.067199 -0.997740 -0.000000 -0.069165 -0.705415 0.705412 -0.491338 -0.615869 0.615867 -0.000000 0.707109 0.707105 0.000000 1.000000 0.000001 -0.063182 0.998002 0.000000 -0.065045 0.705612 0.705607 -0.492891 -0.000000 0.870091 -0.067199 0.000000 0.997740 -0.069164 0.705415 0.705412 -0.491341 0.615867 0.615867 -0.000000 0.707105 -0.707108 -0.000001 0.000000 -1.000000 -0.063180 0.000000 -0.998002 -0.065043 0.705607 -0.705612 -0.492888 0.870093 0.000000 -0.067199 0.997740 0.000000 -0.069165 0.705411 -0.705416 -0.491332 0.615868 -0.615874 -0.491332 -0.615867 -0.615874 -0.492886 -0.870094 0.000002 -1.000000 -0.000001 -0.000015 -0.492879 -0.000000 -0.870098 -0.491338 -0.615869 0.615867 -0.492891 -0.000000 0.870091 -0.491341 0.615867 0.615867 -0.492888 0.870093 0.000000 -0.491332 -0.615867 -0.615874 -0.069164 -0.705411 -0.705416 -0.063182 -0.998002 0.000000 -0.000000 -1.000000 0.000001 -0.067199 0.000000 -0.997740 -0.492879 -0.000000 -0.870098 -0.492879 -0.000000 -0.870098 -0.067199 0.000000 -0.997740 -0.000001 -0.707105 -0.707109 -0.065043 -0.705607 -0.705612 -0.491332 0.615868 -0.615874 -0.063180 0.000000 -0.998002 -0.000001 0.000000 -1.000000 0.065044 -0.705611 0.705608 0.063182 -0.000000 0.998002 0.492878 -0.870098 -0.000004 0.491336 -0.615870 0.615868 0.069165 -0.705414 0.705412 0.067200 -0.997740 -0.000002 0.065044 0.705610 0.705608 0.063183 0.998002 -0.000001 0.492885 0.000001 0.870094 0.491337 0.615868 0.615869 0.069165 0.705414 0.705413 0.067199 0.000000 0.997740 0.065043 0.705607 -0.705612 0.063180 0.000000 -0.998002 0.492881 0.870097 -0.000005 0.491332 0.615872 -0.615869 0.069168 0.705411 -0.705415 0.067200 0.997740 -0.000001 0.491331 -0.615873 -0.615869 
						1.000000 -0.000001 -0.000007 0.492878 -0.870098 -0.000004 0.492885 0.000001 -0.870094 0.491336 -0.615870 0.615868 0.492885 0.000001 0.870094 0.491337 0.615868 0.615869 0.492881 0.870097 -0.000005 0.491331 -0.615873 -0.615869 0.069165 -0.705411 -0.705415 0.063182 -0.998002 -0.000001 0.492885 0.000001 -0.870094 0.067201 0.000000 -0.997739 0.492885 0.000001 -0.870094 0.067201 0.000000 -0.997739 0.065043 -0.705607 -0.705612 0.491332 0.615872 -0.615869 0.063180 0.000000 -0.998002 
					</float_array>
					<technique_common>
						<accessor count="81" offset="0" source="#meshId8-normals-array" stride="3">
							<param name="X" type="float" />
							<param name="Y" type="float" />
							<param name="Z" type="float" />
						</accessor>
					</technique_common>
				</source>
				<source id="meshId8-tangents" name="meshId8-tangents">
					<float_array id="meshId8-tangents-array" count="243"> 
						-0.000000 0.707104 0.707109 0.000000 1.000000 0.000000 -0.000008 1.000000 -0.000000 0.000009 0.707103 0.707110 -0.000053 0.000032 1.000000 -0.000015 0.000001 1.000000 0.000015 0.707104 0.707109 0.000064 0.707079 0.707134 -0.000000 0.707105 -0.707109 0.000000 0.000001 -1.000000 -0.000009 -0.000000 -1.000000 0.000008 0.707105 -0.707109 -0.000062 1.000000 -0.000035 -0.000015 1.000000 -0.000001 0.000006 0.707106 -0.707108 0.000068 0.707134 -0.707079 -0.000000 -0.707108 -0.707105 0.000001 -1.000000 -0.000000 0.023568 -0.999721 -0.001492 0.000008 -0.707109 -0.707105 -0.000062 -0.000035 -1.000000 -0.000026 -0.000002 -1.000000 0.000015 -0.707109 -0.707105 0.000046 -0.707092 -0.707122 -0.790133 0.017672 0.612681 -0.295949 0.167650 0.940376 -0.000014 0.356894 0.934145 -0.809751 0.365926 0.458695 0.336346 0.518083 0.786423 0.809750 0.365911 0.458709 0.790127 0.017678 0.612688 0.295956 0.167652 0.940374 0.000057 -0.707134 0.707080 0.000015 -0.707110 0.707103 -0.000008 0.000001 1.000000 0.000000 0.000001 1.000000 0.024841 -0.999690 -0.001673 0.157984 -0.983378 -0.089492 -0.158146 -0.983344 0.089584 -0.024873 -0.999689 0.001675 -0.000000 -0.707109 0.707105 0.000009 -0.707110 0.707104 -0.336348 0.518090 0.786417 -0.023585 -0.999721 0.001493 -0.000000 -1.000000 -0.000000 -0.000008 0.707105 0.707108 0.000008 1.000000 -0.000000 0.000075 0.000038 1.000000 -0.000066 0.707079 0.707135 -0.000015 0.707105 0.707109 0.000015 -0.000001 1.000000 -0.000008 0.707106 -0.707107 0.000008 -0.000001 -1.000000 0.000052 1.000000 -0.000030 -0.000057 0.707130 -0.707084 -0.000015 0.707107 -0.707107 0.000015 1.000000 -0.000001 -0.000008 -0.707109 -0.707105 -0.023562 -0.999721 -0.001492 0.000070 -0.000045 -1.000000 -0.000058 -0.707082 -0.707132 -0.000016 -0.707108 -0.707106 0.000015 -0.000002 -1.000000 0.790128 0.017664 0.612687 
						0.000007 0.356896 0.934144 0.295955 0.167643 0.940376 0.809754 0.365909 0.458704 -0.336345 0.518086 0.786422 -0.809750 0.365920 0.458702 -0.790137 0.017693 0.612675 -0.295962 0.167658 0.940371 -0.000065 -0.707131 0.707083 -0.000014 -0.707109 0.707104 0.000008 -0.000000 1.000000 -0.158015 -0.983371 -0.089512 -0.024842 -0.999690 -0.001673 0.158117 -0.983350 0.089568 0.024871 -0.999689 0.001675 -0.000009 -0.707110 0.707104 0.336347 0.518086 0.786421 0.023578 -0.999721 0.001493 
					</float_array>
					<technique_common>
						<accessor count="81" offset="0" source="#meshId8-tangents-array" stride="3">
							<param name="X" type="float" />
							<param name="Y" type="float" />
							<param name="Z" type="float" />
						</accessor>
					</technique_common>
				</source>
				<source id="meshId8-bitangents" name="meshId8-bitangents">
					<float_array id="meshId8-bitangents-array" count="243"> 
						-1.000000 0.000000 -0.000000 -1.000000 0.000000 -0.000001 -0.998002 -0.000008 -0.063183 -0.997882 0.045999 -0.045987 -0.870094 0.492886 -0.000062 -0.997740 0.067199 -0.000015 -0.997605 0.048918 -0.048896 -0.870969 0.347482 -0.347376 -1.000000 -0.000000 -0.000000 -1.000000 0.000000 -0.000000 -0.998002 -0.063182 0.000009 -0.997882 -0.045988 -0.045999 -0.870091 -0.000072 -0.492891 -0.997740 -0.000015 -0.067199 -0.997605 -0.048902 -0.048910 -0.870968 -0.347375 -0.347486 -1.000000 -0.000000 0.000000 -1.000000 -0.000001 0.000001 -0.997724 -0.023615 0.063163 -0.997882 -0.045998 0.045987 -0.870093 -0.492888 0.000071 -0.997740 -0.067199 0.000026 -0.997605 -0.048918 0.048897 -0.870973 -0.347459 0.347388 -0.366446 0.787652 -0.495299 -0.818216 0.463498 -0.340136 0.000004 0.934145 -0.356894 0.318391 0.930644 -0.180357 -0.803404 0.593544 -0.047409 -0.318376 0.930650 -0.180354 0.366447 0.787652 -0.495299 0.818213 0.463499 -0.340143 -0.870972 0.347376 0.347473 -0.997605 0.048895 0.048917 -0.998002 0.063182 -0.000008 -1.000000 0.000000 0.000000 -0.997430 -0.024897 0.067178 -0.855635 -0.181571 0.484686 -0.855605 0.181756 0.484669 -0.997429 0.024929 0.067178 -1.000000 0.000001 0.000000 -0.997883 0.045986 0.045998 0.803407 0.593540 -0.047408 -0.997723 0.023632 0.063163 -1.000000 0.000000 0.000001 -0.997882 -0.045999 0.045987 -0.998002 0.000008 0.063182 -0.870098 -0.492878 0.000084 -0.870970 -0.347481 0.347372 -0.997605 -0.048918 0.048896 -0.997740 -0.067200 0.000015 -0.997882 0.045987 0.045999 -0.998002 0.063183 -0.000008 -0.870094 0.000060 0.492885 -0.870969 0.347381 0.347475 -0.997605 0.048896 0.048917 -0.997740 0.000015 0.067199 -0.997882 0.045998 -0.045987 -0.997724 0.023609 -0.063163 -0.870097 0.492881 -0.000083 -0.870972 0.347472 -0.347376 -0.997605 0.048920 -0.048898 -0.997740 0.067200 -0.000015 0.366459 0.787648 -0.495297 
						-0.000002 0.934144 -0.356896 0.818219 0.463492 -0.340138 -0.318375 0.930651 -0.180350 0.803406 0.593541 -0.047409 0.318385 0.930646 -0.180357 -0.366430 0.787651 -0.495313 -0.818215 0.463489 -0.340150 -0.870973 -0.347371 -0.347475 -0.997605 -0.048897 -0.048918 -0.998002 -0.063182 0.000008 -0.855626 0.181607 -0.484689 -0.997430 0.024898 -0.067180 -0.855607 -0.181724 -0.484679 -0.997429 -0.024927 -0.067180 -0.997883 -0.045986 -0.045999 -0.803408 0.593539 -0.047406 -0.997724 -0.023625 -0.063163 
					</float_array>
					<technique_common>
						<accessor count="81" offset="0" source="#meshId8-bitangents-array" stride="3">
							<param name="X" type="float" />
							<param name="Y" type="float" />
							<param name="Z" type="float" />
						</accessor>
					</technique_common>
				</source>
				<source id="meshId8-tex0" name="meshId8-tex0">
					<float_array id="meshId8-tex0-array" count="162"> 
						0.434183 0.722585 0.437159 0.722585 0.437159 0.749511 0.434183 0.749511 0.430627 0.777801 0.430627 0.764658 0.434183 0.764658 0.434183 0.777801 0.440134 0.722585 0.443690 0.722585 0.443690 0.749511 0.440134 0.749511 0.437159 0.777801 0.437159 0.764658 0.440134 0.764658 0.440134 0.777801 0.447245 0.722585 0.450836 0.722585 0.450836 0.749511 0.447245 0.749511 0.443690 0.777801 0.443690 0.764658 0.447245 0.764658 0.447245 0.777801 0.583412 0.005447 0.585134 0.003906 0.586199 0.006693 0.583412 0.007758 0.587445 0.003906 0.588986 0.005628 0.588986 0.007939 0.587264 0.009480 0.427072 0.777801 0.427072 0.764658 0.430627 0.749511 0.430627 0.722585 0.450836 0.764658 0.450836 0.777801 0.423481 0.777801 0.423481 0.764658 0.427072 0.722585 0.427072 0.749511 0.584953 0.009480 0.423481 0.749511 0.423481 0.722585 0.434183 0.695658 0.437159 0.695658 0.430627 0.667369 0.434183 0.667369 0.434183 0.680512 0.430627 0.680512 0.440134 0.695658 0.443690 0.695658 0.437159 0.667369 0.440134 0.667369 0.440134 0.680512 0.437159 0.680512 0.447245 0.695658 0.450836 0.695658 0.443690 0.667369 0.447245 0.667369 0.447245 0.680512 0.443690 0.680512 0.715979 0.005447 
						0.718766 0.006693 0.717701 0.003906 0.715979 0.007758 0.720012 0.003906 0.721553 0.005628 0.721553 0.007939 0.719831 0.009480 0.427072 0.667369 0.427072 0.680512 0.430627 0.695658 0.450836 0.667369 0.450836 0.680512 0.423481 0.667369 0.423481 0.680512 0.427072 0.695658 0.717520 0.009480 0.423481 0.695658 
					</float_array>
					<technique_common>
						<accessor count="81" offset="0" source="#meshId8-tex0-array" stride="2">
							<param name="S" type="float" />
							<param name="T" type="float" />
						</accessor>
					</technique_common>
				</source>
				<vertices id="meshId8-vertices">
					<input semantic="POSITION" source="#meshId8-positions" />
				</vertices>
				<polylist count="112" material="defaultMaterial">
					<input offset="0" semantic="VERTEX" source="#meshId8-vertices" />
					<input offset="0" semantic="NORMAL" source="#meshId8-normals" />
					<input offset="0" semantic="TANGENT" source="#meshId8-tangents" />
					<input offset="0" semantic="BINORMAL" source="#meshId8-bitangents" />
					<input offset="0" semantic="TEXCOORD" source="#meshId8-tex0" set="0" />
					<vcount>
						3 3 3 3 3 3 3 3 3 3 3 3 3 3 3 3 3 3 3 3 3 3 3 3 3 3 3 3 3 3 3 3 3 3 3 3 3 3 3 3 3 3 3 3 3 3 3 3 3 3 3 3 3 3 3 3 3 3 3 3 3 3 3 3 
						3 3 3 3 3 3 3 3 3 3 3 3 3 3 3 3 3 3 3 3 3 3 3 3 3 3 3 3 3 3 3 3 3 3 3 3 3 3 3 3 3 3 3 3 3 3 3 3 
					</vcount>
					<p>
						3 0 1 1 2 3 7 4 5 5 6 7 11 8 9 9 10 11 15 12 13 13 14 15 19 16 17 17 18 19 23 20 21 21 22 23 24 25 26 27 24 26 28 29 26 30 31 26 4 32 33 33 5 4 12 7 6 6 13 12 0 3 34 34 35 0 20 15 14 14 21 20 8 11 2 2 1 8 37 23 22 22 36 37 16 19 10 10 9 16 32 38 39 39 33 32 41 40 35 35 34 41 31 42 26 29 30 26 42 27 26 25 28 26 34 5 33 33 41 34 3 6 5 5 34 3 2 13 6 6 3 2 11 14 13 13 2 11 10 21 14 14 11 10 19 22 21 21 10 19 18 36 22 22 19 18 41 33 39 39 43 41 40 41 43 43 44 40 1 0 45 45 46 1 50 47 48 48 49 50 9 8 51 51 52 9 56 53 54 54 55 56 
						17 16 57 57 58 17 62 59 60 60 61 62 63 64 65 66 64 63 67 64 68 69 64 70 72 71 47 47 50 72 49 48 53 53 56 49 73 45 0 0 35 73 55 54 59 59 62 55 46 51 8 8 1 46 61 60 74 74 75 61 52 57 16 16 9 52 77 76 71 71 72 77 35 40 78 78 73 35 70 64 79 68 64 69 79 64 66 65 64 67 72 50 73 73 78 72 50 49 45 45 73 50 49 56 46 46 45 49 56 55 51 51 46 56 55 62 52 52 51 55 62 61 57 57 52 62 61 75 58 58 57 61 77 72 78 78 80 77 80 78 40 40 44 80 
					</p>
				</polylist>
			</mesh>
		</geometry>
		<geometry id="meshId9" name="meshId9_name" >
			<mesh>
				<source id="meshId9-positions" name="meshId9-positions">
					<float_array id="meshId9-positions-array" count="240"> 
						-2.232188 0.157918 7.756099 -2.172968 -0.000002 7.756101 -2.137209 -0.000002 7.605224 -2.206181 0.183925 7.605223 -2.390108 0.188591 7.927175 -2.390108 0.188591 13.039408 -2.252949 0.137157 13.039408 -2.252949 0.137157 7.927175 -2.390108 -0.252901 7.605224 -2.390108 -0.217142 7.756101 -2.548028 -0.157922 7.756099 -2.574035 -0.183929 7.605223 -2.643007 -0.000002 7.605223 -2.607248 -0.000002 7.756099 -2.548028 0.157918 7.756099 -2.574035 0.183925 7.605223 -2.390108 0.252897 7.605223 -2.390108 0.217138 7.756099 -2.137209 -0.000002 7.605224 -2.172968 -0.000002 7.756101 -2.232188 -0.157922 7.756099 -2.206181 -0.183929 7.605223 -2.562991 -0.172885 6.602733 -2.627822 -0.000002 6.602733 -2.519158 -0.000002 5.399642 -2.483963 -0.093857 5.399642 -2.483963 0.093853 5.399642 -2.390108 0.129048 5.399642 -2.390108 0.105125 5.350086 -2.466564 0.076454 5.350085 -2.495235 -0.000002 5.350086 -2.519158 -0.000002 5.399642 -2.296253 0.093853 5.399642 -2.261058 -0.000002 5.399642 -2.284981 -0.000002 5.350086 -2.313652 0.076454 5.350085 -2.296253 -0.093857 5.399642 -2.390108 -0.129052 5.399642 -2.390108 -0.105129 5.350086 -2.313652 -0.076458 5.350085 -2.483963 -0.093857 5.399642 -2.466564 -0.076458 5.350085 -2.390108 -0.000002 5.350085 -2.578701 -0.000002 7.927175 -2.578701 -0.000002 13.039408 -2.527267 0.137157 13.039408 -2.527267 0.137157 7.927175 -2.562991 0.172881 6.602733 -2.390108 0.237713 6.602733 -2.390108 0.129048 5.399642 -2.483963 0.093853 5.399642 -2.527267 -0.137161 13.039408 -2.527267 -0.137161 7.927175 -2.201514 -0.000002 7.927176 -2.201514 -0.000002 13.039408 -2.252949 -0.137161 13.039408 -2.252949 -0.137161 7.927175 -2.390108 -0.188595 7.927176 -2.390108 -0.188595 13.039408 -2.217225 0.172881 6.602733 -2.152394 -0.000002 6.602734 -2.261058 -0.000002 5.399642 -2.296253 0.093853 5.399642 -2.201514 -0.000002 13.039408 
						-2.201514 -0.000002 7.927176 -2.469464 0.079354 7.845730 -2.390108 0.109113 7.845730 -2.469464 -0.079358 7.845730 -2.390108 -0.109117 7.845730 -2.310752 -0.079358 7.845730 -2.499223 -0.000002 7.845730 -2.280993 -0.000002 7.845730 -2.310752 0.079354 7.845730 -2.280993 -0.000002 7.845730 -2.296253 -0.093857 5.399642 -2.217225 -0.172885 6.602733 -2.390108 -0.237716 6.602734 -2.390108 -0.129052 5.399642 -2.261058 -0.000002 5.399642 -2.152394 -0.000002 6.602734 
					</float_array>
					<technique_common>
						<accessor count="80" offset="0" source="#meshId9-positions-array" stride="3">
							<param name="X" type="float" />
							<param name="Y" type="float" />
							<param name="Z" type="float" />
						</accessor>
					</technique_common>
				</source>
				<source id="meshId9-normals" name="meshId9-normals">
					<float_array id="meshId9-normals-array" count="240"> 
						0.612114 0.612117 0.500628 0.867339 -0.000000 0.497718 0.994398 -0.000000 0.105704 0.702971 0.702972 0.107995 -0.000000 0.936593 -0.350420 0.000000 1.000000 -0.000000 0.707106 0.707107 -0.000000 0.661918 0.661920 -0.351748 0.000000 -0.994398 0.105705 -0.000001 -0.867339 0.497717 -0.612116 -0.612115 0.500629 -0.702972 -0.702971 0.107995 -0.994398 0.000000 0.105704 -0.867340 -0.000000 0.497715 -0.612116 0.612116 0.500628 -0.702972 0.702971 0.107996 0.000000 0.994398 0.105704 -0.000000 0.867341 0.497715 0.994398 -0.000000 0.105704 0.867339 -0.000000 0.497718 0.612115 -0.612116 0.500629 0.702971 -0.702972 0.107995 -0.706093 -0.706092 -0.053538 -0.998639 0.000000 -0.052152 -0.966439 -0.000001 -0.256898 -0.682536 -0.682539 -0.261315 -0.682537 0.682538 -0.261314 0.000001 0.966439 -0.256897 0.000001 0.607741 -0.794136 -0.434897 0.434898 -0.788497 -0.607739 -0.000001 -0.794137 -0.966439 -0.000001 -0.256898 0.682538 0.682537 -0.261314 0.966439 -0.000000 -0.256895 0.607742 -0.000000 -0.794134 0.434899 0.434897 -0.788497 0.682537 -0.682538 -0.261314 -0.000000 -0.966440 -0.256894 -0.000000 -0.607742 -0.794134 0.434898 -0.434899 -0.788497 -0.682536 -0.682539 -0.261315 -0.434896 -0.434900 -0.788497 0.000000 -0.000000 -1.000000 -0.936593 0.000000 -0.350420 -1.000000 -0.000000 -0.000000 -0.707106 0.707107 0.000000 -0.661918 0.661919 -0.351748 -0.706093 0.706092 -0.053538 0.000001 0.998639 -0.052153 0.000001 0.966439 -0.256897 -0.682537 0.682538 -0.261314 -0.707106 -0.707107 -0.000000 -0.661919 -0.661920 -0.351747 0.936593 0.000000 -0.350419 1.000000 -0.000000 0.000000 0.707106 -0.707107 0.000000 0.661919 -0.661919 -0.351747 0.000000 -0.936593 -0.350419 0.000001 -1.000000 0.000000 0.706092 0.706093 -0.053538 0.998639 0.000000 -0.052152 0.966439 -0.000000 -0.256895 0.682538 0.682537 -0.261314 1.000000 -0.000000 0.000000 
						0.936593 0.000000 -0.350419 -0.705528 0.705528 0.066787 -0.000001 0.997959 0.063853 -0.705529 -0.705526 0.066791 -0.000001 -0.997959 0.063855 0.705527 -0.705528 0.066793 -0.997959 0.000000 0.063854 0.997959 0.000001 0.063857 0.705526 0.705530 0.066789 0.997959 0.000001 0.063857 0.682537 -0.682538 -0.261314 0.706092 -0.706093 -0.053538 0.000000 -0.998639 -0.052152 -0.000000 -0.966440 -0.256894 0.966439 -0.000000 -0.256895 0.998639 0.000000 -0.052152 
					</float_array>
					<technique_common>
						<accessor count="80" offset="0" source="#meshId9-normals-array" stride="3">
							<param name="X" type="float" />
							<param name="Y" type="float" />
							<param name="Z" type="float" />
						</accessor>
					</technique_common>
				</source>
				<source id="meshId9-tangents" name="meshId9-tangents">
					<float_array id="meshId9-tangents-array" count="240"> 
						0.707106 -0.707107 0.000005 0.091316 -0.983025 -0.159130 0.004186 -0.999215 -0.039383 0.707107 -0.707107 0.000003 1.000000 0.000000 -0.000000 1.000000 -0.000000 -0.000000 0.707107 -0.707106 -0.000000 0.707108 -0.707106 0.000001 -1.000000 -0.000000 0.000001 -1.000000 0.000001 0.000001 -0.707108 0.707106 -0.000005 -0.707107 0.707107 -0.000003 0.000000 1.000000 0.000000 -0.000000 1.000000 0.000000 0.707107 0.707107 0.000000 0.707106 0.707107 0.000000 1.000000 -0.000000 0.000000 1.000000 0.000000 0.000000 -0.004186 -0.999215 0.039383 -0.091317 -0.983025 0.159131 -0.707107 -0.707107 -0.000002 -0.707107 -0.707106 -0.000001 -0.707106 0.707107 -0.000003 0.000000 1.000000 0.000000 -0.000001 1.000000 -0.000000 -0.707108 0.707106 -0.000004 0.402881 0.053058 -0.913713 0.922713 -0.099031 -0.372549 0.948978 -0.250425 -0.191646 0.794095 -0.227654 -0.563548 0.713899 -0.438027 -0.546334 0.244224 -0.310214 -0.918761 0.717120 -0.556464 0.419628 0.240101 -0.355624 0.903262 0.714776 -0.435747 0.547010 0.870626 -0.426675 0.244865 0.402875 0.053052 0.913716 0.922713 -0.099030 0.372551 0.948979 -0.250423 0.191646 0.794094 -0.227656 0.563549 0.717229 -0.556821 -0.418967 0.859752 -0.460906 -0.219981 0.926927 -0.375242 0.000000 0.000000 1.000000 0.000000 -0.000000 1.000000 0.000000 0.707107 0.707107 0.000000 0.707107 0.707106 0.000000 0.707107 0.707107 0.000000 1.000000 -0.000001 -0.000000 1.000000 -0.000001 0.000000 0.707107 0.707106 0.000000 -0.707107 0.707106 0.000000 -0.707107 0.707107 -0.000002 -0.045656 -0.991476 -0.122031 -0.000000 -1.000000 -0.000000 -0.707107 -0.707106 -0.000000 -0.707107 -0.707106 0.000001 -1.000000 -0.000000 -0.000001 -1.000000 -0.000001 -0.000000 0.707107 -0.707106 0.000003 0.001020 -0.999809 0.019534 0.024635 -0.995391 0.092679 0.707107 -0.707107 0.000003 -0.000000 -1.000000 -0.000000 
						0.045657 -0.991476 0.122029 0.707107 0.707107 0.000000 1.000000 0.000001 0.000000 -0.707105 0.707108 -0.000002 -1.000000 0.000001 0.000001 -0.707107 -0.707106 -0.000001 0.000000 1.000000 0.000000 -0.001528 -0.999713 0.023889 0.707109 -0.707105 0.000001 0.001529 -0.999713 -0.023887 -0.707107 -0.707106 0.000000 -0.707107 -0.707106 -0.000003 -1.000000 -0.000000 -0.000003 -1.000000 0.000000 -0.000000 -0.024636 -0.995391 -0.092680 -0.001020 -0.999809 -0.019534 
					</float_array>
					<technique_common>
						<accessor count="80" offset="0" source="#meshId9-tangents-array" stride="3">
							<param name="X" type="float" />
							<param name="Y" type="float" />
							<param name="Z" type="float" />
						</accessor>
					</technique_common>
				</source>
				<source id="meshId9-bitangents" name="meshId9-bitangents">
					<float_array id="meshId9-bitangents-array" count="240"> 
						0.354001 0.353995 -0.865662 0.489270 0.183469 -0.852616 0.105622 0.039605 -0.993617 0.076366 0.076362 -0.994151 -0.000000 -0.350420 -0.936593 -0.000000 -0.000000 -1.000000 -0.000000 0.000000 -1.000000 -0.248722 -0.248725 -0.936095 -0.000001 -0.105705 -0.994398 -0.000002 -0.497717 -0.867339 -0.353994 -0.354002 -0.865662 -0.076362 -0.076366 -0.994151 -0.105704 0.000000 -0.994398 -0.497715 -0.000000 -0.867340 -0.353998 0.353998 -0.865662 -0.076364 0.076364 -0.994151 0.000000 0.105704 -0.994398 0.000000 0.497715 -0.867341 0.105622 -0.039604 -0.993617 0.489270 -0.183470 -0.852616 0.353999 -0.353997 -0.865662 0.076365 -0.076363 -0.994151 0.037860 0.037855 -0.998566 0.052152 0.000000 -0.998639 0.256898 0.000000 -0.966439 0.184780 0.184775 -0.965254 -0.609779 -0.728921 -0.311196 -0.385487 -0.237042 -0.891746 -0.315342 -0.753617 -0.576733 -0.424590 -0.871227 -0.246345 -0.347853 -0.898962 0.266207 -0.079693 -0.950667 0.299803 0.140999 -0.473806 -0.869268 -0.091358 -0.934629 -0.343689 -0.346042 -0.900069 -0.264821 -0.229941 -0.792978 -0.564193 -0.609782 -0.728922 0.311188 -0.385488 -0.237039 0.891746 -0.315341 -0.753616 0.576735 -0.424592 -0.871227 0.246343 0.140456 -0.473382 0.869587 -0.267753 -0.773581 0.574352 -0.375242 -0.926927 -0.000000 0.350420 0.000000 -0.936593 0.000000 0.000000 -1.000000 0.000000 0.000000 -1.000000 0.248723 -0.248723 -0.936095 0.037857 -0.037857 -0.998566 -0.000000 -0.052153 -0.998639 -0.000000 -0.256897 -0.966439 0.184777 -0.184777 -0.965254 -0.000000 0.000000 -1.000000 0.248724 0.248722 -0.936095 -0.347432 0.130292 -0.928609 0.000000 0.000000 -1.000000 0.000000 0.000000 -1.000000 -0.248723 0.248723 -0.936095 0.000000 0.350419 -0.936593 0.000000 0.000000 -1.000000 -0.037855 -0.037860 -0.998566 -0.052142 -0.019560 -0.998448 -0.255711 -0.095898 -0.961985 -0.184775 -0.184779 -0.965254 0.000000 0.000000 -1.000000 
						-0.347432 -0.130290 -0.928609 -0.047226 0.047226 -0.997767 0.000000 0.063853 -0.997959 -0.047227 -0.047230 -0.997767 -0.000001 -0.063855 -0.997959 0.047231 -0.047229 -0.997767 -0.063854 0.000000 -0.997959 0.063838 -0.023938 -0.997673 0.047227 0.047226 -0.997767 0.063838 0.023936 -0.997673 -0.184777 0.184777 -0.965254 -0.037855 0.037859 -0.998566 0.000003 0.052152 -0.998639 0.000000 0.256894 -0.966440 -0.255711 0.095898 -0.961985 -0.052142 0.019561 -0.998448 
					</float_array>
					<technique_common>
						<accessor count="80" offset="0" source="#meshId9-bitangents-array" stride="3">
							<param name="X" type="float" />
							<param name="Y" type="float" />
							<param name="Z" type="float" />
						</accessor>
					</technique_common>
				</source>
				<source id="meshId9-tex0" name="meshId9-tex0">
					<float_array id="meshId9-tex0-array" count="160"> 
						0.947053 0.781652 0.953453 0.781652 0.953453 0.789996 0.947053 0.789996 0.939506 0.769628 0.939506 0.497310 0.947053 0.497310 0.947053 0.769628 0.909316 0.789996 0.909316 0.781652 0.916849 0.781652 0.916849 0.789996 0.923959 0.789996 0.923959 0.781652 0.931973 0.781652 0.931973 0.789996 0.939506 0.789996 0.939506 0.781652 0.893997 0.789996 0.893997 0.781652 0.901808 0.781652 0.901808 0.789996 0.916849 0.844323 0.923959 0.844323 0.923959 0.908070 0.916849 0.908070 0.530471 0.035566 0.534912 0.031203 0.536008 0.033936 0.532937 0.036620 0.533118 0.040695 0.530386 0.041791 0.541137 0.031289 0.545500 0.035730 0.542767 0.036826 0.540083 0.033755 0.545414 0.041955 0.540973 0.046318 0.539877 0.043585 0.542948 0.040901 0.534748 0.046232 0.535802 0.043766 0.537943 0.038761 0.923959 0.769628 0.923959 0.497310 0.931973 0.497310 0.931973 0.769628 0.931973 0.844323 0.939506 0.844323 0.939506 0.908070 0.931973 0.908070 0.916849 0.497310 0.916849 0.769628 0.893997 0.769628 0.893997 0.497310 0.901808 0.497310 0.901808 0.769628 0.909316 0.769628 0.909316 0.497310 0.947053 0.844323 0.953453 0.844323 0.953453 0.908070 0.947053 0.908070 0.953453 0.497310 
						0.953453 0.769628 0.931973 0.775095 0.939506 0.775095 0.916849 0.775095 0.909316 0.775095 0.901808 0.775095 0.923959 0.775095 0.893997 0.775095 0.947053 0.775095 0.953453 0.775095 0.901808 0.908070 0.901808 0.844323 0.909316 0.844323 0.909316 0.908070 0.893997 0.908070 0.893997 0.844323 
					</float_array>
					<technique_common>
						<accessor count="80" offset="0" source="#meshId9-tex0-array" stride="2">
							<param name="S" type="float" />
							<param name="T" type="float" />
						</accessor>
					</technique_common>
				</source>
				<vertices id="meshId9-vertices">
					<input semantic="POSITION" source="#meshId9-positions" />
				</vertices>
				<polylist count="120" material="defaultMaterial">
					<input offset="0" semantic="VERTEX" source="#meshId9-vertices" />
					<input offset="0" semantic="NORMAL" source="#meshId9-normals" />
					<input offset="0" semantic="TANGENT" source="#meshId9-tangents" />
					<input offset="0" semantic="BINORMAL" source="#meshId9-bitangents" />
					<input offset="0" semantic="TEXCOORD" source="#meshId9-tex0" set="0" />
					<vcount>
						3 3 3 3 3 3 3 3 3 3 3 3 3 3 3 3 3 3 3 3 3 3 3 3 3 3 3 3 3 3 3 3 3 3 3 3 3 3 3 3 3 3 3 3 3 3 3 3 3 3 3 3 3 3 3 3 3 3 3 3 3 3 3 3 
						3 3 3 3 3 3 3 3 3 3 3 3 3 3 3 3 3 3 3 3 3 3 3 3 3 3 3 3 3 3 3 3 3 3 3 3 3 3 3 3 3 3 3 3 3 3 3 3 3 3 3 3 3 3 3 3 
					</vcount>
					<p>
						3 0 1 1 2 3 7 4 5 5 6 7 11 8 9 9 10 11 15 12 13 13 14 15 3 16 17 17 0 3 21 18 19 19 20 21 25 22 23 23 24 25 29 26 27 27 28 29 29 30 31 31 26 29 35 32 33 33 34 35 35 28 27 27 32 35 39 36 37 37 38 39 39 34 33 33 36 39 41 38 37 37 40 41 30 29 28 28 42 30 42 28 35 35 34 42 38 42 34 34 39 38 41 30 42 42 38 41 46 43 44 44 45 46 50 47 48 48 49 50 52 51 44 44 43 52 56 53 54 54 55 56 46 45 5 5 4 46 52 57 58 58 51 52 8 21 20 20 9 8 62 59 60 60 61 62 7 6 63 63 64 7 66 17 14 14 65 66 4 66 65 65 46 4 68 57 52 52 67 68 9 68 67 67 10 9 69 56 57 57 68 69 
						20 69 68 68 9 20 70 43 46 46 65 70 13 70 65 65 14 13 70 13 10 10 67 70 43 70 67 67 52 43 71 53 56 56 69 71 19 71 69 69 20 19 73 1 0 0 72 73 64 73 72 72 7 64 66 4 7 7 72 66 17 66 72 72 0 17 57 56 55 55 58 57 59 3 2 2 60 59 77 74 75 75 76 77 76 75 21 21 8 76 15 14 17 17 16 15 47 15 16 16 48 47 11 10 13 13 12 11 22 11 12 12 23 22 74 78 79 79 75 74 75 79 18 18 21 75 62 49 48 48 59 62 59 48 16 16 3 59 50 24 23 23 47 50 47 23 12 12 15 47 25 77 76 76 22 25 22 76 8 8 11 22 30 41 40 40 31 30 
					</p>
				</polylist>
			</mesh>
		</geometry>
		<geometry id="meshId10" name="meshId10_name" >
			<mesh>
				<source id="meshId10-positions" name="meshId10-positions">
					<float_array id="meshId10-positions-array" count="291"> 
						-1.478424 -1.579082 11.418013 -1.173237 -1.366986 11.418040 -1.173237 -1.366986 11.798223 -1.478424 -1.579082 11.798193 -1.814699 -1.737334 11.418040 -1.814699 -1.737334 11.798223 -3.757091 -1.216871 11.418040 -3.498922 -1.477519 11.418104 -3.498922 -1.477519 11.798285 -3.757091 -1.216871 11.798222 -2.168604 -1.833977 11.418104 -2.168604 -1.833977 11.798285 -3.969188 -0.911684 11.418013 -3.969188 -0.911684 11.798193 -2.526680 -1.861249 11.418169 -2.526680 -1.861249 11.798350 -4.127439 -0.575409 11.418040 -4.127439 -0.575409 11.798222 -3.202456 -1.680176 11.418169 -3.202456 -1.680175 11.798350 -4.224082 -0.221505 11.418104 -4.224082 -0.221505 11.798285 -0.585598 -0.132411 11.362076 -0.633911 -0.470573 11.362105 -2.390107 -0.000002 11.362012 -4.251355 0.136571 11.418168 -4.251355 0.136571 11.798350 -4.070281 0.812347 11.418168 -4.201496 0.485359 11.418198 -4.201496 0.485359 11.798380 -4.070281 0.812347 11.798350 -3.867625 1.108814 11.418104 -3.867625 1.108814 11.798285 -2.875468 -1.811391 11.418198 -2.875468 -1.811391 11.798380 -1.023123 1.216869 11.418041 -1.281292 1.477516 11.418104 -1.281292 1.477516 11.798285 -1.023123 1.216869 11.798222 -0.811026 0.911682 11.418013 -0.811026 0.911682 11.798193 -0.652775 0.575406 11.418041 -0.652775 0.575407 11.798222 -0.556132 0.221502 11.418104 -0.556132 0.221502 11.798285 -0.528859 -0.136574 11.418169 -0.528859 -0.136574 11.798350 -0.709933 -0.812350 11.418169 -0.578718 -0.485362 11.418198 -0.578718 -0.485362 11.798380 -0.709933 -0.812350 11.798350 -0.912590 -1.108817 11.418104 -0.912590 -1.108817 11.798285 -2.257698 1.804508 11.362076 -1.919536 1.756194 11.362104 -3.606977 1.366983 11.418041 -3.606977 1.366983 11.798222 -3.301790 1.579080 11.418013 -3.301790 1.579080 11.798192 -2.965515 1.737331 11.418041 -2.965515 1.737331 11.798222 -2.611610 1.833974 11.418105 -2.611610 1.833974 11.798285 -2.253535 1.861246 11.418169 
						-2.253535 1.861246 11.798350 -1.577758 1.680173 11.418169 -1.904747 1.811388 11.418198 -1.904747 1.811388 11.798380 -1.577758 1.680173 11.798350 -4.194616 0.132407 11.362076 -4.146303 0.470570 11.362104 -3.920932 -0.883824 11.361923 -4.074368 -0.557832 11.361952 -2.175363 -1.778011 11.362014 -2.522516 -1.804511 11.362076 -1.602522 1.628954 11.362076 -1.315129 1.432428 11.362015 -4.168117 -0.214745 11.362015 -1.064880 1.179696 11.361952 -2.860678 -1.756198 11.362104 -0.859282 0.883821 11.361924 -3.177692 -1.628957 11.362076 -0.705845 0.557829 11.361952 -4.019063 0.787584 11.362076 -0.612098 0.214742 11.362015 -3.822536 1.074977 11.362015 -3.569805 1.325225 11.361952 -3.273929 1.530824 11.361924 -0.761152 -0.787587 11.362076 -2.947938 1.684260 11.361952 -0.957678 -1.074980 11.362015 -2.604851 1.778008 11.362015 -1.210409 -1.325228 11.361952 -3.465086 -1.432431 11.362014 -1.506285 -1.530826 11.361923 -3.715334 -1.179700 11.361952 -1.832276 -1.684263 11.361952 
					</float_array>
					<technique_common>
						<accessor count="97" offset="0" source="#meshId10-positions-array" stride="3">
							<param name="X" type="float" />
							<param name="Y" type="float" />
							<param name="Z" type="float" />
						</accessor>
					</technique_common>
				</source>
				<source id="meshId10-normals" name="meshId10-normals">
					<float_array id="meshId10-normals-array" count="291"> 
						0.463684 -0.803119 -0.374162 0.593424 -0.712431 -0.374553 0.639609 -0.768700 0.000000 0.500000 -0.866025 0.000000 0.320274 -0.870134 -0.374554 0.345910 -0.938268 0.000000 -0.712433 -0.593421 -0.374553 -0.592806 -0.712411 -0.375567 -0.640298 -0.768127 0.000000 -0.768701 -0.639608 0.000000 0.157178 -0.913370 -0.375568 0.170450 -0.985366 0.000000 -0.803120 -0.463682 -0.374162 -0.866026 -0.500000 0.000000 -0.031270 -0.925848 -0.376599 -0.032987 -0.999456 0.000000 -0.870135 -0.320273 -0.374554 -0.938268 -0.345910 0.000000 -0.435843 -0.817443 -0.376600 -0.471161 -0.882047 0.000000 -0.913369 -0.157180 -0.375569 -0.985366 -0.170450 -0.000000 0.401514 -0.012487 -0.915768 0.388865 -0.104196 -0.915384 0.000000 -0.000000 -1.000000 -0.925848 0.031269 -0.376602 -0.999456 0.032987 -0.000001 -0.817443 0.435843 -0.376600 -0.894711 0.239736 -0.376853 -0.965926 0.258819 -0.000000 -0.882047 0.471161 -0.000000 -0.712410 0.592807 -0.375568 -0.768127 0.640298 -0.000000 -0.239737 -0.894710 -0.376855 -0.258820 -0.965926 0.000000 0.712431 0.593423 -0.374554 0.592805 0.712411 -0.375569 0.640298 0.768127 0.000000 0.768700 0.639609 -0.000000 0.803120 0.463681 -0.374164 0.866025 0.500000 -0.000000 0.870135 0.320273 -0.374555 0.938268 0.345909 -0.000000 0.913370 0.157179 -0.375565 0.985366 0.170450 -0.000000 0.925849 -0.031269 -0.376598 0.999456 -0.032987 -0.000000 0.817442 -0.435845 -0.376601 0.894710 -0.239737 -0.376855 0.965926 -0.258819 0.000000 0.882048 -0.471161 0.000000 0.712410 -0.592807 -0.375569 0.768127 -0.640297 0.000000 0.012486 0.401509 -0.915770 0.104195 0.388862 -0.915385 -0.593423 0.712431 -0.374553 -0.639609 0.768700 -0.000000 -0.463681 0.803120 -0.374163 -0.500000 0.866026 -0.000000 -0.320272 0.870135 -0.374555 -0.345909 0.938268 0.000000 -0.157180 0.913369 -0.375568 -0.170450 0.985366 -0.000000 0.031269 0.925847 -0.376603 
						0.032987 0.999456 0.000000 0.435845 0.817441 -0.376602 0.239737 0.894710 -0.376857 0.258819 0.965926 0.000000 0.471161 0.882047 0.000000 -0.401511 0.012486 -0.915769 -0.388867 0.104195 -0.915383 -0.347615 -0.200696 -0.915907 -0.376399 -0.139255 -0.915932 0.069196 -0.395271 -0.915955 -0.012489 -0.401512 -0.915769 0.189942 0.353960 -0.915770 0.257561 0.307715 -0.915955 -0.395269 -0.069198 -0.915955 0.308798 0.256345 -0.915932 -0.104195 -0.388865 -0.915384 0.347615 0.200696 -0.915907 -0.189939 -0.353964 -0.915769 0.376399 0.139255 -0.915932 -0.353963 0.189941 -0.915769 0.395273 0.069196 -0.915954 -0.307715 0.257562 -0.915955 -0.256346 0.308798 -0.915931 -0.200695 0.347615 -0.915907 0.353961 -0.189942 -0.915770 -0.139254 0.376399 -0.915932 0.307713 -0.257562 -0.915956 -0.069198 0.395270 -0.915955 0.256345 -0.308798 -0.915932 -0.257562 -0.307716 -0.915954 0.200699 -0.347615 -0.915906 -0.308799 -0.256344 -0.915931 0.139256 -0.376399 -0.915932 
					</float_array>
					<technique_common>
						<accessor count="97" offset="0" source="#meshId10-normals-array" stride="3">
							<param name="X" type="float" />
							<param name="Y" type="float" />
							<param name="Z" type="float" />
						</accessor>
					</technique_common>
				</source>
				<source id="meshId10-tangents" name="meshId10-tangents">
					<float_array id="meshId10-tangents-array" count="291"> 
						0.882346 0.380256 0.277257 0.792495 0.435815 0.426634 0.642408 0.534526 0.549176 0.807478 0.466199 0.361438 0.947313 0.296136 0.122068 0.926618 0.341616 0.157091 0.563456 -0.165598 -0.809379 0.680755 -0.194106 -0.706325 0.467020 -0.389301 -0.793937 0.296675 -0.356554 -0.885920 0.981366 0.187017 -0.044111 0.983473 0.170122 -0.061968 0.463714 -0.092116 -0.881183 0.156449 -0.270977 -0.949787 0.973085 0.057868 -0.223062 0.957300 -0.031596 -0.287363 0.390655 0.015056 -0.920414 0.053882 -0.146152 -0.987794 0.803431 -0.164784 -0.572141 0.656807 -0.350845 -0.667467 0.355521 0.141607 -0.923879 -0.001165 0.006734 -0.999977 0.892203 0.231097 0.388031 0.901438 0.248204 0.354688 0.979717 0.200386 0.000000 0.370674 0.269062 -0.888936 0.005760 0.174505 -0.984639 0.558302 0.438643 -0.704196 0.443287 0.373355 -0.814925 0.090375 0.337282 -0.937055 0.249648 0.467360 -0.848086 0.681804 0.457956 -0.570455 0.447401 0.536720 -0.715377 0.910566 -0.072580 -0.406941 0.838009 -0.224544 -0.497313 0.563453 -0.165588 0.809383 0.680757 -0.194105 0.706324 0.467022 -0.389302 0.793936 0.296677 -0.356555 0.885918 0.463715 -0.092115 0.881183 0.156449 -0.270978 0.949787 0.390652 0.015067 0.920415 0.053883 -0.146157 0.987793 0.355519 0.141605 0.923880 -0.001164 0.006731 0.999977 0.370672 0.269047 0.888941 0.005759 0.174506 0.984639 0.558302 0.438633 0.704202 0.443289 0.373345 0.814929 0.090374 0.337281 0.937056 0.249649 0.467362 0.848085 0.681806 0.457962 0.570449 0.447398 0.536718 0.715380 0.980267 0.175780 0.090434 0.975467 0.139509 0.170299 0.792494 0.435809 -0.426644 0.642409 0.534526 -0.549174 0.882347 0.380254 -0.277255 0.807479 0.466198 -0.361438 0.947314 0.296135 -0.122068 0.926619 0.341615 -0.157089 0.981366 0.187018 0.044108 0.983473 0.170123 0.061965 0.973085 0.057869 0.223061 
						0.957302 -0.031596 0.287358 0.803434 -0.164789 0.572135 0.910566 -0.072580 0.406942 0.838011 -0.224544 0.497310 0.656809 -0.350846 0.667464 0.892200 0.231115 -0.388026 0.901435 0.248217 -0.354688 0.915573 0.138011 -0.377730 0.902320 0.169098 -0.396515 0.978180 0.207179 -0.015509 0.980267 0.175777 -0.090437 0.963667 0.111202 0.242858 0.947874 0.103591 0.301338 0.893527 0.202264 -0.400872 0.931157 0.114821 0.346066 0.975467 0.139508 -0.170298 0.915572 0.138013 0.377730 0.963667 0.111207 -0.242857 0.902317 0.169113 0.396515 0.918228 0.256586 -0.301695 0.893527 0.202261 0.400875 0.935344 0.258415 -0.241563 0.950125 0.254634 -0.180068 0.962181 0.245733 -0.117572 0.918231 0.256578 0.301694 0.971762 0.229868 -0.053278 0.935342 0.258430 0.241556 0.978180 0.207180 0.015507 0.950123 0.254643 0.180064 0.947873 0.103590 -0.301339 0.962181 0.245730 0.117577 0.931159 0.114808 -0.346065 0.971762 0.229871 0.053280 
					</float_array>
					<technique_common>
						<accessor count="97" offset="0" source="#meshId10-tangents-array" stride="3">
							<param name="X" type="float" />
							<param name="Y" type="float" />
							<param name="Z" type="float" />
						</accessor>
					</technique_common>
				</source>
				<source id="meshId10-bitangents" name="meshId10-bitangents">
					<float_array id="meshId10-bitangents-array" count="291"> 
						-0.080393 -0.458700 0.884947 -0.140711 -0.550006 0.823221 -0.422152 -0.351258 0.835707 -0.313014 -0.180719 0.932396 0.004703 -0.393916 0.919134 -0.147393 -0.054339 0.987584 0.418278 -0.787673 0.452345 0.430294 -0.674383 0.600045 0.609844 -0.508357 0.608000 0.566641 -0.681008 0.463839 0.110527 -0.361636 0.925745 0.061061 0.010562 0.998078 0.374122 -0.881200 0.288996 0.474893 -0.822540 0.312898 0.228315 -0.373438 0.899120 0.287207 -0.009479 0.957822 0.300423 -0.947206 0.112016 0.341687 -0.926815 0.155768 0.405635 -0.551936 0.728579 0.588738 -0.314485 0.744639 0.198398 -0.977365 -0.073458 0.170446 -0.985343 -0.006834 0.206786 -0.972851 0.103930 0.190245 -0.963088 0.190444 0.200386 -0.979717 0.000000 0.073533 -0.962615 -0.260701 -0.032480 -0.984104 -0.174600 -0.141726 -0.785897 -0.601897 -0.054667 -0.896177 -0.440317 -0.242528 -0.905126 -0.349180 -0.399585 -0.748052 -0.529858 -0.166176 -0.662462 -0.730431 -0.458054 -0.549500 -0.698739 0.336742 -0.440710 0.832093 0.480368 -0.128714 0.867571 0.418285 -0.787674 -0.452336 0.430293 -0.674384 -0.600045 0.609844 -0.508355 -0.608001 0.566641 -0.681006 -0.463841 0.374122 -0.881201 -0.288995 0.474893 -0.822540 -0.312898 0.300427 -0.947205 -0.112005 0.341686 -0.926814 -0.155773 0.198397 -0.977365 0.073458 0.170446 -0.985343 0.006831 0.073526 -0.962619 0.260687 -0.032480 -0.984103 0.174601 -0.141734 -0.785901 0.601890 -0.054671 -0.896181 0.440308 -0.242528 -0.905127 0.349179 -0.399584 -0.748051 0.529860 -0.166170 -0.662459 0.730436 -0.458056 -0.549503 0.698736 0.197285 -0.898828 -0.391391 0.193927 -0.910672 -0.364786 -0.140721 -0.550011 -0.823216 -0.422150 -0.351257 -0.835708 -0.080392 -0.458699 -0.884948 -0.313015 -0.180719 -0.932396 0.004703 -0.393916 -0.919134 -0.147391 -0.054339 -0.987585 0.110525 -0.361637 -0.925744 0.061058 0.010562 -0.998078 0.228314 -0.373441 -0.899119 
						0.287202 -0.009479 -0.957823 0.405627 -0.551937 -0.728583 0.336742 -0.440712 -0.832092 0.480364 -0.128713 -0.867573 0.588735 -0.314483 -0.744642 0.206803 -0.972846 -0.103935 0.190257 -0.963085 -0.190448 0.202214 -0.969884 0.135777 0.210099 -0.975712 0.062005 0.195897 -0.894895 0.400982 0.197283 -0.898827 0.391393 0.187797 -0.928626 -0.319978 0.187611 -0.945823 -0.264994 0.213004 -0.976883 -0.018119 0.193880 -0.959741 -0.203241 0.193927 -0.910671 0.364789 0.202216 -0.969883 -0.135776 0.187802 -0.928624 0.319980 0.210113 -0.975709 -0.061998 0.177669 -0.947674 -0.265231 0.213001 -0.976884 0.018120 0.174479 -0.931066 -0.320427 0.177623 -0.916409 -0.358671 0.184198 -0.904864 -0.383786 0.177662 -0.947676 0.265229 0.190490 -0.897488 -0.397780 0.174495 -0.931062 0.320431 0.195896 -0.894896 -0.400981 0.177633 -0.916406 0.358672 0.187611 -0.945822 0.264995 0.184194 -0.904865 0.383786 0.193868 -0.959743 0.203245 0.190492 -0.897487 0.397781 
					</float_array>
					<technique_common>
						<accessor count="97" offset="0" source="#meshId10-bitangents-array" stride="3">
							<param name="X" type="float" />
							<param name="Y" type="float" />
							<param name="Z" type="float" />
						</accessor>
					</technique_common>
				</source>
				<source id="meshId10-tex0" name="meshId10-tex0">
					<float_array id="meshId10-tex0-array" count="194"> 
						0.567239 0.959800 0.584666 0.952219 0.594048 0.968949 0.573335 0.977991 0.548744 0.964181 0.551352 0.983154 0.456880 0.918284 0.467320 0.933816 0.452751 0.946205 0.440151 0.927666 0.530049 0.965146 0.529010 0.984197 0.449300 0.900857 0.431109 0.906953 0.511972 0.962570 0.507222 0.980963 0.444918 0.882362 0.425946 0.884970 0.480227 0.946718 0.468490 0.961700 0.443954 0.863667 0.424902 0.862628 0.625113 0.896015 0.619240 0.912109 0.537741 0.871359 0.446530 0.845590 0.428137 0.840840 0.462382 0.813845 0.452686 0.828830 0.435675 0.820451 0.447399 0.802108 0.475284 0.800938 0.462894 0.786369 0.495212 0.956414 0.486833 0.973425 0.618602 0.824434 0.608162 0.808902 0.622731 0.796512 0.635331 0.815052 0.626182 0.841861 0.644373 0.835765 0.630563 0.860355 0.649536 0.857748 0.631528 0.879051 0.650579 0.880089 0.628952 0.897127 0.647345 0.901878 0.613100 0.928873 0.622796 0.913888 0.639807 0.922266 0.628083 0.940610 0.600198 0.941780 0.612587 0.956349 0.562397 0.783987 0.578491 0.789860 0.490816 0.790498 0.481434 0.773769 0.508243 0.782918 0.502147 0.764727 0.526737 0.778536 0.524130 0.759564 0.545433 0.777572 0.546471 0.758520 0.563509 0.780148 
						0.568260 0.761755 0.595255 0.796000 0.580270 0.786304 0.588649 0.769293 0.606992 0.781017 0.450369 0.846702 0.456242 0.830609 0.453116 0.899584 0.448904 0.881904 0.530403 0.961152 0.513084 0.958730 0.592850 0.799194 0.605179 0.811584 0.447948 0.864021 0.615138 0.826461 0.496991 0.952858 0.622366 0.843134 0.482632 0.943524 0.626578 0.860813 0.465576 0.816250 0.627534 0.878696 0.477966 0.803920 0.492843 0.793962 0.509516 0.786734 0.609906 0.926468 0.527195 0.782522 0.597516 0.938797 0.545078 0.781565 0.582639 0.948756 0.470302 0.931134 0.565966 0.955984 0.460344 0.916257 0.548287 0.960195 
					</float_array>
					<technique_common>
						<accessor count="97" offset="0" source="#meshId10-tex0-array" stride="2">
							<param name="S" type="float" />
							<param name="T" type="float" />
						</accessor>
					</technique_common>
				</source>
				<vertices id="meshId10-vertices">
					<input semantic="POSITION" source="#meshId10-positions" />
				</vertices>
				<polylist count="160" material="defaultMaterial">
					<input offset="0" semantic="VERTEX" source="#meshId10-vertices" />
					<input offset="0" semantic="NORMAL" source="#meshId10-normals" />
					<input offset="0" semantic="TANGENT" source="#meshId10-tangents" />
					<input offset="0" semantic="BINORMAL" source="#meshId10-bitangents" />
					<input offset="0" semantic="TEXCOORD" source="#meshId10-tex0" set="0" />
					<vcount>
						3 3 3 3 3 3 3 3 3 3 3 3 3 3 3 3 3 3 3 3 3 3 3 3 3 3 3 3 3 3 3 3 3 3 3 3 3 3 3 3 3 3 3 3 3 3 3 3 3 3 3 3 3 3 3 3 3 3 3 3 3 3 3 3 
						3 3 3 3 3 3 3 3 3 3 3 3 3 3 3 3 3 3 3 3 3 3 3 3 3 3 3 3 3 3 3 3 3 3 3 3 3 3 3 3 3 3 3 3 3 3 3 3 3 3 3 3 3 3 3 3 3 3 3 3 3 3 3 3 
						3 3 3 3 3 3 3 3 3 3 3 3 3 3 3 3 3 3 3 3 3 3 3 3 3 3 3 3 3 3 3 3 
					</vcount>
					<p>
						3 0 1 1 2 3 5 4 0 0 3 5 9 6 7 7 8 9 11 10 4 4 5 11 13 12 6 6 9 13 15 14 10 10 11 15 17 16 12 12 13 17 8 7 18 18 19 8 21 20 16 16 17 21 22 23 24 26 25 20 20 21 26 30 27 28 28 29 30 32 31 27 27 30 32 34 33 14 14 15 34 38 35 36 36 37 38 40 39 35 35 38 40 42 41 39 39 40 42 44 43 41 41 42 44 46 45 43 43 44 46 50 47 48 48 49 50 52 51 47 47 50 52 53 54 24 56 55 31 31 32 56 58 57 55 55 56 58 60 59 57 57 58 60 62 61 59 59 60 62 64 63 61 61 62 64 68 65 66 66 67 68 37 36 65 65 68 37 69 70 24 2 1 51 51 52 2 71 72 24 73 74 24 75 76 24 72 77 24 19 18 33 
						33 34 19 76 78 24 77 69 24 74 79 24 78 80 24 79 81 24 80 82 24 70 83 24 82 84 24 83 85 24 84 22 24 85 86 24 49 48 45 45 46 49 86 87 24 23 88 24 87 89 24 88 90 24 89 91 24 90 92 24 91 53 24 81 93 24 92 94 24 93 95 24 94 96 24 67 66 63 63 64 67 95 71 24 96 73 24 54 75 24 81 18 7 7 93 81 93 7 6 6 95 93 95 6 12 12 71 95 71 12 16 16 72 71 72 16 20 20 77 72 77 20 25 25 69 77 79 33 18 18 81 79 28 70 69 69 25 28 83 27 31 31 85 83 85 31 55 55 86 85 86 55 57 57 87 86 87 57 59 59 89 87 89 59 61 61 91 89 91 61 63 63 53 91 70 28 27 27 83 70 66 54 53 53 63 66 75 65 36 36 76 75 
						76 36 35 35 78 76 78 35 39 39 80 78 80 39 41 41 82 80 82 41 43 43 84 82 84 43 45 45 22 84 54 66 65 65 75 54 48 23 22 22 45 48 88 47 51 51 90 88 90 51 1 1 92 90 92 1 0 0 94 92 94 0 4 4 96 94 96 4 10 10 73 96 73 10 14 14 74 73 23 48 47 47 88 23 33 79 74 74 14 33 29 28 25 25 26 29 
					</p>
				</polylist>
			</mesh>
		</geometry>
		<geometry id="meshId11" name="meshId11_name" >
			<mesh>
				<source id="meshId11-positions" name="meshId11-positions">
					<float_array id="meshId11-positions-array" count="108"> 
						-2.492647 -1.996276 14.662643 -2.433074 -1.996276 14.722217 -2.433074 -1.175981 14.722217 -2.492647 -1.175981 14.662643 -2.347142 -1.996276 14.722217 -2.347142 -1.175981 14.722217 -2.287569 -1.996276 14.662643 -2.287569 -1.175981 14.662643 -2.287569 -1.996277 14.576714 -2.287569 -1.175981 14.576711 -2.347142 -1.996277 14.517139 -2.347142 -1.175981 14.517139 -2.347142 -1.996277 14.517139 -2.433074 -1.996277 14.517139 -2.433074 -1.175981 14.517139 -2.347142 -1.175981 14.517139 -2.492647 -1.996277 14.576714 -2.492647 -1.175981 14.576711 -2.492647 1.996277 14.662644 -2.492647 1.175981 14.662644 -2.433074 1.175981 14.722218 -2.433074 1.996277 14.722218 -2.347142 1.175981 14.722218 -2.347142 1.996277 14.722218 -2.287569 1.175981 14.662644 -2.287569 1.996277 14.662644 -2.287569 1.175981 14.576712 -2.287569 1.996277 14.576714 -2.347142 1.175981 14.517139 -2.347142 1.996277 14.517139 -2.347142 1.996277 14.517139 -2.347142 1.175981 14.517139 -2.433074 1.175981 14.517139 -2.433074 1.996277 14.517139 -2.492647 1.996277 14.576714 -2.492647 1.175981 14.576712 
					</float_array>
					<technique_common>
						<accessor count="36" offset="0" source="#meshId11-positions-array" stride="3">
							<param name="X" type="float" />
							<param name="Y" type="float" />
							<param name="Z" type="float" />
						</accessor>
					</technique_common>
				</source>
				<source id="meshId11-normals" name="meshId11-normals">
					<float_array id="meshId11-normals-array" count="108"> 
						-0.923881 0.000000 0.382680 -0.382687 0.000000 0.923878 -0.382687 0.000000 0.923878 -0.923881 0.000000 0.382680 0.382682 0.000000 0.923880 0.382682 0.000000 0.923880 0.923879 -0.000000 0.382684 0.923879 -0.000000 0.382684 0.923880 -0.000001 -0.382683 0.923879 -0.000001 -0.382684 0.382682 -0.000000 -0.923880 0.382682 -0.000000 -0.923880 0.382682 -0.000000 -0.923880 -0.382684 -0.000000 -0.923879 -0.382684 -0.000000 -0.923879 0.382682 -0.000000 -0.923880 -0.923879 -0.000000 -0.382684 -0.923879 -0.000000 -0.382685 -0.923881 0.000000 0.382680 -0.923881 0.000000 0.382680 -0.382687 0.000000 0.923878 -0.382687 0.000000 0.923878 0.382683 0.000000 0.923880 0.382683 0.000000 0.923880 0.923879 0.000000 0.382684 0.923879 0.000000 0.382684 0.923879 0.000001 -0.382685 0.923879 0.000001 -0.382684 0.382683 0.000000 -0.923880 0.382683 0.000000 -0.923880 0.382683 0.000000 -0.923880 0.382683 0.000000 -0.923880 -0.382683 0.000000 -0.923880 -0.382683 0.000000 -0.923880 -0.923879 0.000000 -0.382684 -0.923879 0.000000 -0.382685 
					</float_array>
					<technique_common>
						<accessor count="36" offset="0" source="#meshId11-normals-array" stride="3">
							<param name="X" type="float" />
							<param name="Y" type="float" />
							<param name="Z" type="float" />
						</accessor>
					</technique_common>
				</source>
				<source id="meshId11-tangents" name="meshId11-tangents">
					<float_array id="meshId11-tangents-array" count="108"> 
						0.003433 -0.999960 0.008289 0.008289 -0.999960 0.003433 0.008291 -0.999960 0.003434 0.003433 -0.999960 0.008288 0.008291 -0.999960 -0.003434 0.008293 -0.999960 -0.003435 0.003435 -0.999960 -0.008293 0.003434 -0.999960 -0.008291 -0.003435 -0.999960 -0.008291 -0.003434 -0.999960 -0.008289 -0.008291 -0.999960 -0.003434 -0.008287 -0.999960 -0.003432 -0.008293 -0.999960 -0.003434 -0.008290 -0.999960 0.003434 -0.008291 -0.999960 0.003435 -0.008291 -0.999960 -0.003434 -0.003433 -0.999960 0.008290 -0.003433 -0.999960 0.008289 0.003433 0.999960 0.008289 0.003433 0.999960 0.008289 0.008291 0.999960 0.003434 0.008289 0.999960 0.003433 0.008292 0.999960 -0.003435 0.008291 0.999960 -0.003434 0.003434 0.999960 -0.008291 0.003435 0.999960 -0.008292 -0.003434 0.999960 -0.008288 -0.003435 0.999960 -0.008290 -0.008287 0.999960 -0.003432 -0.008291 0.999960 -0.003434 -0.008293 0.999960 -0.003434 -0.008291 0.999960 -0.003434 -0.008291 0.999960 0.003435 -0.008290 0.999960 0.003434 -0.003434 0.999960 0.008290 -0.003433 0.999960 0.008290 
					</float_array>
					<technique_common>
						<accessor count="36" offset="0" source="#meshId11-tangents-array" stride="3">
							<param name="X" type="float" />
							<param name="Y" type="float" />
							<param name="Z" type="float" />
						</accessor>
					</technique_common>
				</source>
				<source id="meshId11-bitangents" name="meshId11-bitangents">
					<float_array id="meshId11-bitangents-array" count="108"> 
						0.382665 0.008972 0.923844 0.923841 0.008971 0.382672 0.923841 0.008974 0.382672 0.382665 0.008971 0.923844 0.923843 0.008975 -0.382667 0.923843 0.008976 -0.382667 0.382668 0.008976 -0.923842 0.382668 0.008974 -0.923842 -0.382668 0.008974 -0.923842 -0.382669 0.008972 -0.923842 -0.923843 0.008974 -0.382667 -0.923843 0.008970 -0.382667 -0.923843 0.008976 -0.382667 -0.923842 0.008974 0.382668 -0.923842 0.008974 0.382668 -0.923843 0.008974 -0.382667 -0.382668 0.008973 0.923842 -0.382669 0.008972 0.923842 0.382664 -0.008972 0.923844 0.382664 -0.008972 0.923844 0.923841 -0.008974 0.382672 0.923841 -0.008972 0.382672 0.923843 -0.008976 -0.382667 0.923843 -0.008975 -0.382667 0.382669 -0.008974 -0.923842 0.382669 -0.008976 -0.923842 -0.382669 -0.008971 -0.923842 -0.382668 -0.008974 -0.923842 -0.923843 -0.008970 -0.382667 -0.923843 -0.008974 -0.382667 -0.923843 -0.008976 -0.382667 -0.923843 -0.008974 -0.382667 -0.923843 -0.008974 0.382667 -0.923843 -0.008974 0.382667 -0.382668 -0.008973 0.923842 -0.382669 -0.008972 0.923842 
					</float_array>
					<technique_common>
						<accessor count="36" offset="0" source="#meshId11-bitangents-array" stride="3">
							<param name="X" type="float" />
							<param name="Y" type="float" />
							<param name="Z" type="float" />
						</accessor>
					</technique_common>
				</source>
				<source id="meshId11-tex0" name="meshId11-tex0">
					<float_array id="meshId11-tex0-array" count="72"> 
						0.502277 0.544948 0.502342 0.551518 0.438367 0.552140 0.438303 0.545569 0.502406 0.558220 0.438432 0.558842 0.502470 0.564791 0.438495 0.565412 0.502536 0.571492 0.438561 0.572114 0.502599 0.578063 0.438624 0.578685 0.502084 0.524973 0.502149 0.531675 0.438173 0.532297 0.438109 0.525595 0.502213 0.538246 0.438237 0.538867 0.502277 0.544948 0.438303 0.545569 0.438367 0.552140 0.502342 0.551518 0.438432 0.558842 0.502406 0.558220 0.438495 0.565412 0.502470 0.564791 0.438561 0.572114 0.502536 0.571492 0.438624 0.578685 0.502599 0.578063 0.502084 0.524973 0.438109 0.525595 0.438173 0.532297 0.502149 0.531675 0.502213 0.538246 0.438237 0.538867 
					</float_array>
					<technique_common>
						<accessor count="36" offset="0" source="#meshId11-tex0-array" stride="2">
							<param name="S" type="float" />
							<param name="T" type="float" />
						</accessor>
					</technique_common>
				</source>
				<vertices id="meshId11-vertices">
					<input semantic="POSITION" source="#meshId11-positions" />
				</vertices>
				<polylist count="32" material="defaultMaterial">
					<input offset="0" semantic="VERTEX" source="#meshId11-vertices" />
					<input offset="0" semantic="NORMAL" source="#meshId11-normals" />
					<input offset="0" semantic="TANGENT" source="#meshId11-tangents" />
					<input offset="0" semantic="BINORMAL" source="#meshId11-bitangents" />
					<input offset="0" semantic="TEXCOORD" source="#meshId11-tex0" set="0" />
					<vcount>
						3 3 3 3 3 3 3 3 3 3 3 3 3 3 3 3 3 3 3 3 3 3 3 3 3 3 3 3 3 3 3 3 
					</vcount>
					<p>
						3 0 1 1 2 3 2 1 4 4 5 2 5 4 6 6 7 5 7 6 8 8 9 7 9 8 10 10 11 9 15 12 13 13 14 15 17 16 0 0 3 17 17 14 13 13 16 17 21 18 19 19 20 21 23 21 20 20 22 23 25 23 22 22 24 25 27 25 24 24 26 27 29 27 26 26 28 29 33 30 31 31 32 33 18 34 35 35 19 18 33 32 35 35 34 33 
					</p>
				</polylist>
			</mesh>
		</geometry>
		<geometry id="meshId12" name="meshId12_name" >
			<mesh>
				<source id="meshId12-positions" name="meshId12-positions">
					<float_array id="meshId12-positions-array" count="318"> 
						-2.864804 -1.944688 14.847349 -2.617781 -1.944688 15.094374 -2.836404 -1.893739 15.185879 -2.956309 -1.894150 15.065972 -2.092845 -1.660481 15.054195 -2.092845 -1.951259 15.054195 -1.955590 -1.951259 14.916941 -1.955590 -1.654328 14.916941 -2.430286 -1.660481 15.144613 -2.430286 -1.950841 15.144613 -2.286705 -1.896727 15.333169 -2.286705 -1.711430 15.333169 -1.865173 -1.653910 14.579499 -1.865173 -1.950840 14.579499 -1.915412 -1.944688 14.392004 -1.915412 -1.653910 14.392004 -2.824626 -1.654328 14.322415 -2.824626 -1.951259 14.322415 -3.059711 -1.897135 14.352480 -3.059711 -1.708442 14.352480 -2.162435 -1.654328 14.144981 -2.162435 -1.944688 14.144981 -2.349930 -1.950840 14.094742 -2.349930 -1.660480 14.094742 -1.676616 -1.708034 14.723082 -1.676616 -1.896727 14.723082 -2.687370 -1.660480 14.185160 -2.687370 -1.951259 14.185160 -2.617781 -1.654328 15.094374 -2.864804 -1.653910 14.847349 -2.956309 -1.708034 15.065972 -2.836404 -1.708442 15.185879 -2.915043 -1.653910 14.659854 -2.915043 -1.950840 14.659854 -2.864804 -1.944688 14.847349 -2.864804 -1.653910 14.847349 -2.430286 -1.950841 15.144613 -2.092845 -1.951259 15.054195 -2.122912 -1.897135 15.289282 -2.286705 -1.896727 15.333169 -2.617781 -1.654328 15.094374 -2.617781 -1.944688 15.094374 -2.122912 -1.897135 15.289282 -2.122912 -1.711019 15.289282 -1.720504 -1.708442 14.886873 -1.720504 -1.897135 14.886873 -1.823907 -1.708033 14.173382 -1.823907 -1.894150 14.173382 -1.943812 -1.893739 14.053476 -1.943812 -1.708441 14.053476 -2.493511 -1.711430 13.906185 -2.493511 -1.896727 13.906185 -2.657304 -1.897135 13.950075 -2.657304 -1.711019 13.950075 -3.103600 -1.896727 14.516274 -3.103600 -1.708034 14.516274 -2.956309 -1.708034 15.065972 -2.956309 -1.894150 15.065972 -2.836404 -1.893739 15.185879 -2.836404 -1.708442 15.185879 -2.915043 -1.653910 14.659854 -2.824626 -1.654328 14.322415 -3.059711 -1.708442 14.352480 -3.103600 -1.708034 14.516274 
						-2.349930 -1.660480 14.094742 -2.349930 -1.950840 14.094742 -2.824626 -1.951259 14.322415 -2.915043 -1.950840 14.659854 -3.103600 -1.896727 14.516274 -3.059711 -1.897135 14.352480 -2.687370 -1.660480 14.185160 -2.349930 -1.660480 14.094742 -2.493511 -1.711430 13.906185 -2.657304 -1.711019 13.950075 -2.349930 -1.950840 14.094742 -2.687370 -1.951259 14.185160 -2.657304 -1.897135 13.950075 -2.493511 -1.896727 13.906185 -2.162435 -1.654328 14.144981 -1.915412 -1.653910 14.392004 -1.823907 -1.708033 14.173382 -1.943812 -1.708441 14.053476 -1.915412 -1.944688 14.392004 -2.162435 -1.944688 14.144981 -1.943812 -1.893739 14.053476 -1.823907 -1.894150 14.173382 -1.865173 -1.653910 14.579499 -1.955590 -1.654328 14.916941 -1.720504 -1.708442 14.886873 -1.676616 -1.708034 14.723082 -2.092845 -1.660481 15.054195 -2.430286 -1.660481 15.144613 -2.286705 -1.711430 15.333169 -2.122912 -1.711019 15.289282 -1.955590 -1.951259 14.916941 -1.865173 -1.950840 14.579499 -1.676616 -1.896727 14.723082 -1.720504 -1.897135 14.886873 -2.580685 -1.599143 14.519705 -2.505166 -1.599143 14.801545 -2.254674 -1.599143 14.432350 -2.179155 -1.599143 14.714190 -2.612597 -2.006026 14.603512 -2.406275 -2.006026 14.397188 -2.370958 -2.006026 14.845150 -2.164635 -2.006026 14.638828 
					</float_array>
					<technique_common>
						<accessor count="106" offset="0" source="#meshId12-positions-array" stride="3">
							<param name="X" type="float" />
							<param name="Y" type="float" />
							<param name="Z" type="float" />
						</accessor>
					</technique_common>
				</source>
				<source id="meshId12-normals" name="meshId12-normals">
					<float_array id="meshId12-normals-array" count="318"> 
						-0.668806 -0.741541 0.053063 -0.053194 -0.741425 0.668925 -0.199292 -0.515844 0.833179 -0.832488 -0.516901 0.199444 0.552680 0.741156 0.381094 0.541454 -0.748696 0.382469 0.382469 -0.748695 0.541454 0.389194 0.742711 0.544893 -0.288902 0.741965 0.604999 -0.277585 -0.743450 0.608464 -0.243534 -0.510213 0.824848 -0.243997 0.515844 0.821201 0.602919 0.747959 -0.277573 0.608466 -0.743449 -0.277583 0.668956 -0.741387 -0.053317 0.660928 0.747960 -0.061074 -0.385844 0.745082 -0.544038 -0.381892 -0.749172 -0.541202 -0.592676 -0.511262 -0.622372 -0.592567 0.510212 -0.623336 0.064605 0.742711 -0.666488 0.052937 -0.741579 -0.668774 0.277771 -0.743929 -0.607793 0.288180 0.741194 -0.606287 0.824460 0.511262 -0.242647 0.824848 -0.510212 -0.243537 -0.552661 0.741927 -0.379619 -0.541202 -0.749171 -0.381894 -0.062136 0.745081 0.664073 -0.658426 0.750311 0.059228 -0.835327 0.511262 0.202088 -0.201516 0.510212 0.836107 -0.599828 0.750312 0.277919 -0.607793 -0.743930 0.277771 -0.668806 -0.741541 0.053063 -0.658426 0.750311 0.059228 -0.277585 -0.743450 0.608464 0.541454 -0.748696 0.382469 0.622372 -0.511261 0.592676 -0.243534 -0.510213 0.824848 -0.062136 0.745081 0.664073 -0.053194 -0.741425 0.668925 0.622372 -0.511261 0.592676 0.621234 0.516900 0.588967 0.592569 0.510213 0.623334 0.592677 -0.511263 0.622369 0.835328 0.511262 -0.202087 0.832488 -0.516900 -0.199444 0.199291 -0.515842 -0.833180 0.201515 0.510212 -0.836107 0.244000 0.515842 -0.821201 0.243538 -0.510212 -0.824847 -0.622369 -0.511263 -0.592678 -0.621232 0.516902 -0.588969 -0.824847 -0.510211 0.243539 -0.824459 0.511262 0.242649 -0.835327 0.511262 0.202088 -0.832488 -0.516901 0.199444 -0.199292 -0.515844 0.833179 -0.201516 0.510212 0.836107 -0.599828 0.750312 0.277919 -0.385844 0.745082 -0.544038 -0.592567 0.510212 -0.623336 -0.824459 0.511262 0.242649 
						0.288180 0.741194 -0.606287 0.277771 -0.743929 -0.607793 -0.381892 -0.749172 -0.541202 -0.607793 -0.743930 0.277771 -0.824847 -0.510211 0.243539 -0.592676 -0.511262 -0.622372 -0.552661 0.741927 -0.379619 0.288180 0.741194 -0.606287 0.244000 0.515842 -0.821201 -0.621232 0.516902 -0.588969 0.277771 -0.743929 -0.607793 -0.541202 -0.749171 -0.381894 -0.622369 -0.511263 -0.592678 0.243538 -0.510212 -0.824847 0.064605 0.742711 -0.666488 0.660928 0.747960 -0.061074 0.835328 0.511262 -0.202087 0.201515 0.510212 -0.836107 0.668956 -0.741387 -0.053317 0.052937 -0.741579 -0.668774 0.199291 -0.515842 -0.833180 0.832488 -0.516900 -0.199444 0.602919 0.747959 -0.277573 0.389194 0.742711 0.544893 0.592569 0.510213 0.623334 0.824460 0.511262 -0.242647 0.552680 0.741156 0.381094 -0.288902 0.741965 0.604999 -0.243997 0.515844 0.821201 0.621234 0.516900 0.588967 0.382469 -0.748695 0.541454 0.608466 -0.743449 -0.277583 0.824848 -0.510212 -0.243537 0.592677 -0.511263 0.622369 -0.085184 0.994735 -0.056972 -0.045285 0.994735 0.091931 0.049873 0.994278 -0.094462 0.090423 0.994278 0.056870 -0.104426 -0.994518 0.005416 0.005416 -0.994518 -0.104426 -0.004871 -0.994425 0.105334 0.105334 -0.994425 -0.004871 
					</float_array>
					<technique_common>
						<accessor count="106" offset="0" source="#meshId12-normals-array" stride="3">
							<param name="X" type="float" />
							<param name="Y" type="float" />
							<param name="Z" type="float" />
						</accessor>
					</technique_common>
				</source>
				<source id="meshId12-tangents" name="meshId12-tangents">
					<float_array id="meshId12-tangents-array" count="318"> 
						-0.473016 0.369382 -0.799883 -0.805634 -0.363935 -0.467444 -0.890999 -0.258547 -0.373195 -0.374549 0.259795 -0.890067 -0.610163 0.671333 -0.420730 0.611519 0.662914 0.431961 0.431960 0.662914 0.611519 -0.431681 0.669612 -0.604377 0.319724 0.670439 -0.669543 -0.308572 0.668792 0.676388 -0.144473 0.860048 0.489331 0.146920 0.856683 -0.494479 -0.679415 0.663745 0.312791 0.676389 0.668792 -0.308570 0.739044 0.671077 -0.058903 -0.744787 0.663744 0.068823 0.431030 0.666973 0.607751 -0.431934 0.662375 -0.612121 -0.352576 0.859425 -0.370242 0.351532 0.860049 0.369786 -0.071658 0.669612 0.739246 0.058517 0.670866 -0.739267 0.309225 0.668259 -0.676617 -0.318189 0.671291 0.669421 -0.490461 0.859425 0.144348 0.489329 0.860049 -0.144475 0.611552 0.670481 0.420071 -0.612119 0.662377 -0.431935 0.957543 0.232174 -0.170901 0.716523 0.648968 -0.255803 0.493789 0.859351 -0.133002 0.929658 0.368424 -0.000758 0.680787 0.661084 -0.315430 -0.676617 0.668258 0.309225 -0.739218 0.670907 0.058649 0.747294 0.661085 -0.067222 -0.743123 -0.235239 -0.626443 -0.491099 -0.650901 -0.578921 -0.360368 -0.859338 -0.362869 -0.804227 -0.369143 -0.465781 0.069412 0.666974 -0.741841 -0.058773 0.671036 0.739091 0.370241 0.859425 0.352576 -0.375116 0.856046 -0.355632 -0.351534 0.860048 -0.369785 0.352578 0.859424 0.370242 -0.496926 0.859425 0.120219 0.502676 0.856046 -0.120429 0.120001 0.856683 -0.501690 -0.119546 0.860049 0.496009 -0.146922 0.856684 0.494476 0.144476 0.860049 -0.489329 -0.370241 0.859424 -0.352578 0.375115 0.856045 0.355634 -0.489328 0.860049 0.144476 0.490461 0.859425 -0.144349 0.496926 0.859425 -0.120220 -0.502676 0.856045 0.120429 -0.120002 0.856683 0.501692 0.119546 0.860048 -0.496009 0.749321 0.648565 -0.133718 0.904130 0.188094 -0.383626 0.805509 0.370963 -0.462106 0.496239 0.859238 -0.124324 
						-0.318189 0.671291 0.669421 0.309225 0.668258 -0.676617 -0.579533 0.650270 -0.491213 -0.589411 0.188220 -0.785601 -0.466213 0.370183 -0.803499 -0.366154 0.859272 -0.357187 0.809856 0.370575 -0.454761 0.931825 -0.362908 -0.000744 0.958381 -0.257688 0.122892 0.769565 0.260682 -0.582936 -0.743166 0.234504 -0.626667 -0.491171 0.650264 -0.579575 -0.359807 0.859327 -0.363451 -0.804205 0.369172 -0.465796 0.956943 -0.235512 -0.169687 0.714475 -0.652053 -0.253677 0.494014 -0.859361 -0.132096 0.929686 -0.368352 -0.000708 -0.471096 -0.367401 -0.801926 -0.804401 0.365174 -0.468601 -0.889640 0.261257 -0.374546 -0.373156 -0.257015 -0.891459 0.746304 -0.651740 -0.135151 0.902974 -0.190658 -0.385082 0.805507 -0.370991 -0.462087 0.496192 -0.859241 -0.124488 0.809224 -0.367927 -0.458025 0.931079 0.364806 -0.002780 0.957916 0.260230 0.121152 0.769075 -0.258013 -0.584767 -0.578505 -0.650974 -0.491493 -0.589615 -0.189404 -0.785163 -0.466217 -0.370196 -0.803490 -0.366006 -0.859275 -0.357332 0.964072 0.067848 -0.256831 0.964386 0.067537 -0.255730 0.964074 -0.072633 -0.255512 0.963606 -0.072923 -0.257188 -0.705437 0.070231 -0.705284 -0.706266 0.070124 -0.704465 -0.706246 -0.071152 -0.704382 -0.705002 -0.071221 -0.705621 
					</float_array>
					<technique_common>
						<accessor count="106" offset="0" source="#meshId12-tangents-array" stride="3">
							<param name="X" type="float" />
							<param name="Y" type="float" />
							<param name="Z" type="float" />
						</accessor>
					</technique_common>
				</source>
				<source id="meshId12-bitangents" name="meshId12-bitangents">
					<float_array id="meshId12-bitangents-array" count="318"> 
						0.573546 -0.560066 -0.597806 0.590020 -0.563774 -0.577958 0.407926 -0.816737 -0.408090 0.408262 -0.815672 -0.409881 -0.567667 -0.000000 0.823258 -0.576951 -0.000000 0.816779 -0.816779 -0.000000 0.576951 -0.813744 -0.000000 0.581223 -0.902392 0.000000 -0.430915 -0.909797 0.000000 -0.415054 -0.959072 0.000000 -0.283163 -0.958582 0.000000 -0.284816 0.418192 -0.000000 0.908359 0.415052 -0.000000 0.909798 0.079450 -0.000000 0.996839 0.092014 -0.000000 0.995758 0.815682 0.000000 -0.578500 0.817063 0.000000 -0.576549 0.724172 0.000000 -0.689619 0.724769 0.000000 -0.688992 0.995335 -0.000000 0.096482 0.996882 -0.000000 0.078909 0.909518 -0.000000 0.415664 0.903166 -0.000000 0.429293 0.282337 -0.000000 0.959315 0.283166 -0.000000 0.959071 0.566190 0.000000 -0.824275 0.576550 0.000000 -0.817062 -0.281515 0.625260 -0.727873 -0.230369 -0.125990 -0.964913 -0.241663 -0.011311 -0.970294 -0.308428 0.777140 -0.548566 -0.420399 0.000000 -0.907339 -0.415665 0.000000 -0.909518 -0.079091 0.000000 -0.996867 -0.089592 0.000000 -0.995979 0.608864 -0.626055 -0.487176 0.682385 0.125629 -0.720117 0.694830 0.012258 -0.719070 0.542134 -0.776799 -0.320428 -0.995651 0.000000 -0.093161 -0.996853 0.000000 -0.079271 -0.689619 -0.000000 0.724172 -0.688009 -0.000000 0.725702 -0.724766 -0.000000 0.688995 -0.724170 -0.000000 0.689621 0.235142 -0.000000 0.971961 0.232983 -0.000000 0.972481 0.972565 -0.000000 0.232631 0.972163 -0.000000 0.234307 0.958581 -0.000000 0.284820 0.959070 -0.000000 0.283168 0.689622 0.000000 -0.724170 0.688011 0.000000 -0.725700 -0.283169 0.000000 -0.959070 -0.282339 0.000000 -0.959315 -0.235143 0.000000 -0.971961 -0.232983 0.000000 -0.972481 -0.972565 0.000000 -0.232632 -0.972163 0.000000 -0.234307 -0.280579 0.128043 -0.951252 -0.183503 -0.639901 -0.746226 -0.004537 -0.775932 -0.630801 -0.272055 0.017912 -0.962115 
						0.903166 -0.000000 0.429292 0.909518 -0.000000 0.415664 0.719931 0.126055 -0.682503 0.532149 -0.641204 -0.552879 0.319800 -0.776305 -0.543212 0.717403 0.016188 -0.696470 -0.196722 -0.558765 -0.805656 -0.220578 -0.564739 -0.795246 -0.148221 -0.817009 -0.557249 -0.147787 -0.815388 -0.559733 0.608726 0.625761 -0.487724 0.682533 -0.126093 -0.719895 0.695123 -0.012951 -0.718774 0.542165 0.776786 -0.320407 -0.282994 -0.626829 -0.725948 -0.229563 0.124026 -0.965359 -0.241202 0.010510 -0.970418 -0.308343 -0.777175 -0.548565 0.574949 0.561570 -0.595040 0.591724 0.562769 -0.577195 0.410882 0.815874 -0.406848 0.409535 0.816552 -0.406846 -0.281993 -0.125669 -0.951151 -0.182116 0.641896 -0.744851 -0.004511 0.775918 -0.630818 -0.272139 -0.017764 -0.962094 -0.199253 0.561531 -0.803107 -0.222770 0.562499 -0.796221 -0.151205 0.816202 -0.557630 -0.150305 0.816237 -0.557821 0.720451 -0.125253 -0.682101 0.531154 0.641412 -0.553594 0.319794 0.776298 -0.543225 0.717477 -0.016008 -0.696398 -0.251613 -0.076803 -0.964776 -0.260592 0.077076 -0.962367 -0.260911 -0.078325 -0.962180 -0.251569 0.078056 -0.964687 0.701037 -0.077471 -0.708904 0.707925 0.077568 -0.702015 0.707950 -0.077823 -0.701962 0.701340 0.077760 -0.708573 
					</float_array>
					<technique_common>
						<accessor count="106" offset="0" source="#meshId12-bitangents-array" stride="3">
							<param name="X" type="float" />
							<param name="Y" type="float" />
							<param name="Z" type="float" />
						</accessor>
					</technique_common>
				</source>
				<source id="meshId12-tex0" name="meshId12-tex0">
					<float_array id="meshId12-tex0-array" count="212"> 
						0.528575 0.397167 0.505191 0.397114 0.511254 0.382119 0.522580 0.382151 0.879251 0.691067 0.864241 0.691067 0.864241 0.681152 0.879251 0.681152 0.879251 0.723942 0.864419 0.723942 0.867016 0.711835 0.876502 0.711835 0.879430 0.648277 0.864419 0.648277 0.864419 0.638362 0.879430 0.638362 0.879251 0.809521 0.864241 0.809521 0.867016 0.797415 0.876655 0.797415 0.879251 0.605488 0.864419 0.605488 0.864419 0.595572 0.879251 0.595572 0.876655 0.660384 0.867016 0.660384 0.879251 0.819436 0.864241 0.819436 0.579927 0.323325 0.566685 0.346142 0.555418 0.331738 0.561825 0.320687 0.879430 0.776647 0.864419 0.776647 0.864419 0.766731 0.879430 0.766731 0.493900 0.403710 0.482162 0.423981 0.472163 0.411205 0.477839 0.401394 0.879251 0.733857 0.864419 0.733857 0.867016 0.703173 0.876502 0.703173 0.876655 0.669045 0.867016 0.669045 0.876655 0.626256 0.867168 0.626256 0.867168 0.617594 0.876655 0.617594 0.876502 0.840205 0.867016 0.840205 0.867016 0.831543 0.876502 0.831543 0.867016 0.788753 0.876655 0.788753 0.876655 0.754625 0.867168 0.754625 0.867168 0.745963 0.876655 0.745963 0.566692 0.360828 0.579842 0.383681 0.561736 0.386260 0.555371 0.375188 
						0.879094 0.852311 0.864262 0.852311 0.551539 0.423995 0.539846 0.403741 0.555902 0.401432 0.561562 0.411243 0.592538 0.391112 0.618904 0.391206 0.612047 0.408104 0.599277 0.408052 0.539843 0.457276 0.551564 0.437022 0.561572 0.449785 0.555902 0.459594 0.631643 0.383788 0.644911 0.360952 0.656164 0.375371 0.649749 0.386425 0.505184 0.463891 0.528566 0.463848 0.522562 0.478868 0.511236 0.478881 0.644899 0.346245 0.631727 0.323373 0.649836 0.320795 0.656209 0.331868 0.619015 0.315919 0.592651 0.315930 0.599448 0.299004 0.612218 0.299008 0.482191 0.437025 0.493900 0.457295 0.477843 0.459604 0.472177 0.449790 0.593928 0.364453 0.593963 0.342596 0.619193 0.364479 0.619231 0.342645 0.528072 0.420815 0.528066 0.440198 0.505382 0.420819 0.505376 0.440187 
					</float_array>
					<technique_common>
						<accessor count="106" offset="0" source="#meshId12-tex0-array" stride="2">
							<param name="S" type="float" />
							<param name="T" type="float" />
						</accessor>
					</technique_common>
				</source>
				<vertices id="meshId12-vertices">
					<input semantic="POSITION" source="#meshId12-positions" />
				</vertices>
				<polylist count="108" material="defaultMaterial">
					<input offset="0" semantic="VERTEX" source="#meshId12-vertices" />
					<input offset="0" semantic="NORMAL" source="#meshId12-normals" />
					<input offset="0" semantic="TANGENT" source="#meshId12-tangents" />
					<input offset="0" semantic="BINORMAL" source="#meshId12-bitangents" />
					<input offset="0" semantic="TEXCOORD" source="#meshId12-tex0" set="0" />
					<vcount>
						3 3 3 3 3 3 3 3 3 3 3 3 3 3 3 3 3 3 3 3 3 3 3 3 3 3 3 3 3 3 3 3 3 3 3 3 3 3 3 3 3 3 3 3 3 3 3 3 3 3 3 3 3 3 3 3 3 3 3 3 3 3 3 3 
						3 3 3 3 3 3 3 3 3 3 3 3 3 3 3 3 3 3 3 3 3 3 3 3 3 3 3 3 3 3 3 3 3 3 3 3 3 3 3 3 3 3 3 3 
					</vcount>
					<p>
						3 0 1 1 2 3 7 4 5 5 6 7 11 8 9 9 10 11 15 12 13 13 14 15 19 16 17 17 18 19 23 20 21 21 22 23 25 13 12 12 24 25 16 26 27 27 17 16 31 28 29 29 30 31 35 32 33 33 34 35 39 36 37 37 38 39 8 40 41 41 9 8 43 11 10 10 42 43 24 44 45 45 25 24 49 46 47 47 48 49 53 50 51 51 52 53 55 19 18 18 54 55 59 56 57 57 58 59 63 60 61 61 62 63 42 5 4 4 43 42 50 64 65 65 51 50 58 41 40 40 59 58 69 66 67 67 68 69 73 70 71 71 72 73 46 15 14 14 47 46 54 33 32 32 55 54 77 74 75 75 76 77 81 78 79 79 80 81 44 7 6 6 45 44 52 27 26 26 53 52 85 82 83 83 84 85 89 86 87 87 88 89 
						93 90 91 91 92 93 48 21 20 20 49 48 56 35 34 34 57 56 97 94 95 95 96 97 60 98 70 70 61 60 29 99 98 98 60 29 28 91 99 99 29 28 98 100 71 71 70 98 99 101 100 100 98 99 91 90 101 101 99 91 100 79 78 78 71 100 101 86 79 79 100 101 90 87 86 86 101 90 66 102 0 0 67 66 75 103 102 102 66 75 74 83 103 103 75 74 102 104 1 1 0 102 103 105 104 104 102 103 83 82 105 105 103 83 104 37 36 36 1 104 105 94 37 37 104 105 82 95 94 94 105 82 
					</p>
				</polylist>
			</mesh>
		</geometry>
		<geometry id="meshId13" name="meshId13_name" >
			<mesh>
				<source id="meshId13-positions" name="meshId13-positions">
					<float_array id="meshId13-positions-array" count="396"> 
						-2.330547 -2.097568 14.763027 -2.390108 -2.097568 14.774601 -2.390108 -2.097567 14.619677 -2.449669 -2.097568 14.763027 -2.246758 -2.097568 14.679239 -2.280378 -2.097568 14.729406 -2.246758 -2.097568 14.560117 -2.235185 -2.097568 14.619677 -2.330547 -2.097568 14.476328 -2.280378 -2.097568 14.509947 -2.449669 -2.097568 14.476328 -2.390108 -2.097568 14.464754 -2.533458 -2.097568 14.560117 -2.499838 -2.097568 14.509947 -2.499838 -2.097568 14.729406 -2.533458 -2.097568 14.679239 -2.458999 -1.988129 14.453873 -2.458999 -2.072670 14.453873 -2.517027 -2.072670 14.492759 -2.517027 -1.988129 14.492759 -2.569300 -2.072670 14.619677 -2.569300 -1.988129 14.619677 -2.555914 -1.988129 14.550787 -2.555914 -2.072670 14.550787 -2.321217 -2.072670 14.453873 -2.321217 -1.988129 14.453873 -2.263189 -1.988129 14.492759 -2.263189 -2.072670 14.492759 -2.224302 -2.072670 14.688569 -2.224302 -1.988129 14.688569 -2.263189 -1.988129 14.746597 -2.263189 -2.072670 14.746597 -2.224302 -1.988129 14.550787 -2.224302 -2.072670 14.550787 -2.458999 -2.072670 14.785483 -2.458999 -1.988129 14.785483 -2.517027 -1.988129 14.746597 -2.517027 -2.072670 14.746597 -2.321217 -1.988129 14.785483 -2.321217 -2.072670 14.785483 -2.390108 -1.988129 14.440487 -2.390108 -2.072670 14.440487 -2.555914 -1.988129 14.688569 -2.555914 -2.072670 14.688569 -2.210916 -1.988129 14.619677 -2.210916 -2.072670 14.619677 -2.390108 -1.988129 14.798869 -2.390108 -2.072670 14.798869 -2.545031 -2.097568 14.619677 -2.555914 -1.988129 14.550787 -2.569300 -1.988129 14.619677 -2.390108 -1.988129 14.619677 -2.555914 -1.988129 14.688569 -2.458999 -1.988129 14.785483 -2.390108 -1.988129 14.798869 -2.321217 -1.988129 14.785483 -2.224302 -1.988129 14.688569 -2.210916 -1.988129 14.619677 -2.224302 -1.988129 14.550787 -2.321217 -1.988129 14.453873 -2.390108 -1.988129 14.440487 -2.458999 -1.988129 14.453873 -2.517027 -1.988129 14.492759 -2.263189 -1.988129 14.492759 
						-2.263189 -1.988129 14.746597 -2.517027 -1.988129 14.746597 -2.330547 2.097568 14.763028 -2.390108 2.097568 14.619678 -2.390108 2.097568 14.774601 -2.449669 2.097568 14.763028 -2.246758 2.097568 14.679239 -2.280378 2.097568 14.729407 -2.246758 2.097568 14.560118 -2.235185 2.097568 14.619678 -2.330547 2.097568 14.476329 -2.280378 2.097568 14.509947 -2.449669 2.097568 14.476329 -2.390108 2.097568 14.464754 -2.533458 2.097568 14.560118 -2.499838 2.097568 14.509947 -2.499838 2.097568 14.729407 -2.533458 2.097568 14.679239 -2.458999 1.988129 14.453873 -2.517027 1.988129 14.492760 -2.517027 2.072670 14.492760 -2.458999 2.072670 14.453873 -2.569300 2.072670 14.619678 -2.555914 2.072670 14.550787 -2.555914 1.988129 14.550787 -2.569300 1.988129 14.619678 -2.321217 2.072670 14.453873 -2.263189 2.072670 14.492760 -2.263189 1.988129 14.492760 -2.321217 1.988129 14.453873 -2.224302 2.072670 14.688570 -2.263189 2.072670 14.746597 -2.263189 1.988129 14.746597 -2.224302 1.988129 14.688570 -2.224302 2.072670 14.550787 -2.224302 1.988129 14.550787 -2.458999 2.072670 14.785484 -2.517027 2.072670 14.746597 -2.517027 1.988129 14.746597 -2.458999 1.988129 14.785484 -2.321217 2.072670 14.785484 -2.321217 1.988129 14.785484 -2.390108 2.072670 14.440487 -2.390108 1.988129 14.440487 -2.555914 2.072670 14.688570 -2.555914 1.988129 14.688570 -2.210916 2.072670 14.619678 -2.210916 1.988129 14.619678 -2.390108 2.072670 14.798870 -2.390108 1.988129 14.798870 -2.545031 2.097568 14.619678 -2.555914 1.988129 14.550787 -2.390108 1.988129 14.619678 -2.569300 1.988129 14.619678 -2.555914 1.988129 14.688570 -2.458999 1.988129 14.785484 -2.390108 1.988129 14.798870 -2.321217 1.988129 14.785484 -2.224302 1.988129 14.688570 -2.210916 1.988129 14.619678 -2.224302 1.988129 14.550787 -2.321217 1.988129 14.453873 -2.390108 1.988129 14.440487 -2.458999 1.988129 14.453873 
						-2.517027 1.988129 14.492760 -2.263189 1.988129 14.492760 -2.263189 1.988129 14.746597 -2.517027 1.988129 14.746597 
					</float_array>
					<technique_common>
						<accessor count="132" offset="0" source="#meshId13-positions-array" stride="3">
							<param name="X" type="float" />
							<param name="Y" type="float" />
							<param name="Z" type="float" />
						</accessor>
					</technique_common>
				</source>
				<source id="meshId13-normals" name="meshId13-normals">
					<float_array id="meshId13-normals-array" count="396"> 
						0.163189 -0.903636 0.395994 0.000000 -0.904078 0.427368 0.000000 -1.000000 0.000000 -0.163189 -0.903635 0.395996 0.395991 -0.903637 0.163189 0.302326 -0.903991 0.302323 0.395990 -0.903638 -0.163188 0.427362 -0.904080 -0.000001 0.163187 -0.903636 -0.395995 0.302332 -0.903986 -0.302331 -0.163188 -0.903635 -0.395996 0.000000 -0.904076 -0.427373 -0.395991 -0.903638 -0.163187 -0.302334 -0.903985 -0.302334 -0.302328 -0.903990 0.302326 -0.395993 -0.903637 0.163189 -0.284690 0.665152 -0.690308 -0.355537 -0.361564 -0.861896 -0.659205 -0.361808 -0.659199 -0.527477 0.665984 -0.527478 -0.932301 -0.361682 -0.000000 -0.745425 0.666589 0.000000 -0.690306 0.665152 -0.284693 -0.861893 -0.361571 -0.355538 0.355536 -0.361565 -0.861896 0.284690 0.665152 -0.690308 0.527477 0.665985 -0.527477 0.659204 -0.361811 -0.659198 0.861893 -0.361571 0.355537 0.690307 0.665152 0.284691 0.527478 0.665985 0.527476 0.659202 -0.361816 0.659198 0.690307 0.665152 -0.284692 0.861893 -0.361572 -0.355538 -0.355537 -0.361568 0.861894 -0.284690 0.665152 0.690307 -0.527478 0.665984 0.527477 -0.659202 -0.361814 0.659199 0.284691 0.665152 0.690307 0.355537 -0.361570 0.861894 0.000000 0.666591 -0.745424 0.000000 -0.361678 -0.932303 -0.690306 0.665152 0.284693 -0.861893 -0.361570 0.355538 0.745425 0.666589 0.000000 0.932301 -0.361683 -0.000001 0.000000 0.666591 0.745424 0.000000 -0.361679 0.932303 -0.427363 -0.904080 -0.000000 -0.690306 0.665152 -0.284693 -0.745425 0.666589 0.000000 0.000000 1.000000 0.000000 -0.690306 0.665152 0.284693 -0.284690 0.665152 0.690307 0.000000 0.666591 0.745424 0.284691 0.665152 0.690307 0.690307 0.665152 0.284691 0.745425 0.666589 0.000000 0.690307 0.665152 -0.284692 0.284690 0.665152 -0.690308 0.000000 0.666591 -0.745424 -0.284690 0.665152 -0.690308 -0.527477 0.665984 -0.527478 0.527477 0.665985 -0.527477 
						0.527478 0.665985 0.527476 -0.527478 0.665984 0.527477 0.163189 0.903636 0.395994 0.000000 1.000000 0.000000 0.000000 0.904078 0.427367 -0.163190 0.903635 0.395995 0.395992 0.903637 0.163189 0.302326 0.903991 0.302322 0.395990 0.903638 -0.163187 0.427364 0.904080 -0.000001 0.163188 0.903636 -0.395995 0.302332 0.903987 -0.302330 -0.163188 0.903635 -0.395996 0.000000 0.904076 -0.427373 -0.395991 0.903638 -0.163186 -0.302333 0.903985 -0.302333 -0.302328 0.903990 0.302325 -0.395993 0.903637 0.163188 -0.284690 -0.665152 -0.690308 -0.527477 -0.665984 -0.527478 -0.659205 0.361809 -0.659199 -0.355536 0.361565 -0.861896 -0.932302 0.361682 -0.000000 -0.861893 0.361571 -0.355537 -0.690306 -0.665152 -0.284693 -0.745425 -0.666589 0.000000 0.355536 0.361565 -0.861896 0.659205 0.361812 -0.659198 0.527477 -0.665985 -0.527477 0.284690 -0.665152 -0.690307 0.861893 0.361571 0.355537 0.659202 0.361816 0.659198 0.527478 -0.665985 0.527476 0.690307 -0.665152 0.284691 0.861893 0.361572 -0.355537 0.690307 -0.665152 -0.284692 -0.355537 0.361569 0.861894 -0.659203 0.361814 0.659199 -0.527478 -0.665984 0.527477 -0.284690 -0.665152 0.690307 0.355537 0.361570 0.861894 0.284691 -0.665152 0.690307 0.000000 0.361678 -0.932303 0.000000 -0.666591 -0.745424 -0.861893 0.361570 0.355537 -0.690306 -0.665152 0.284693 0.932302 0.361682 -0.000001 0.745425 -0.666589 0.000000 0.000000 0.361680 0.932302 0.000000 -0.666591 0.745424 -0.427364 0.904080 -0.000000 -0.690306 -0.665152 -0.284693 0.000000 -1.000000 0.000000 -0.745425 -0.666589 0.000000 -0.690306 -0.665152 0.284693 -0.284690 -0.665152 0.690307 0.000000 -0.666591 0.745424 0.284691 -0.665152 0.690307 0.690307 -0.665152 0.284691 0.745425 -0.666589 0.000000 0.690307 -0.665152 -0.284692 0.284690 -0.665152 -0.690307 0.000000 -0.666591 -0.745424 -0.284690 -0.665152 -0.690308 
						-0.527477 -0.665984 -0.527478 0.527477 -0.665985 -0.527477 0.527478 -0.665985 0.527476 -0.527478 -0.665984 0.527477 
					</float_array>
					<technique_common>
						<accessor count="132" offset="0" source="#meshId13-normals-array" stride="3">
							<param name="X" type="float" />
							<param name="Y" type="float" />
							<param name="Z" type="float" />
						</accessor>
					</technique_common>
				</source>
				<source id="meshId13-tangents" name="meshId13-tangents">
					<float_array id="meshId13-tangents-array" count="396"> 
						-0.844979 0.079182 0.528905 -0.851627 0.224004 0.473871 -0.833319 -0.000000 0.552793 -0.821708 0.346635 0.452372 -0.769198 -0.229368 0.596426 -0.814758 -0.080456 0.574192 -0.743451 -0.419811 0.520614 -0.738515 -0.349100 0.576822 -0.828138 -0.343619 0.442846 -0.779610 -0.417002 0.467246 -0.849134 -0.075724 0.522720 -0.845176 -0.228426 0.483217 -0.773715 0.232640 0.589274 -0.816330 0.081794 0.571765 -0.776263 0.417561 0.472290 -0.742531 0.419668 0.522041 -0.955481 -0.138669 0.260435 -0.876649 -0.190822 0.441672 -0.746839 0.212849 0.630021 -0.598456 0.149412 0.787100 -0.308869 0.796164 0.520310 0.527066 0.589401 0.612215 0.001885 0.395137 0.918620 -0.505315 0.553785 0.661800 -0.647356 -0.760415 0.051957 -0.221075 -0.655139 -0.722439 0.402921 -0.742714 -0.534819 -0.407298 -0.908705 0.091454 -0.504603 -0.542181 0.671875 -0.002760 -0.391059 0.920361 -0.602985 -0.143895 0.784667 -0.745411 -0.198919 0.636234 0.697749 -0.716096 0.018783 -0.270115 -0.920741 0.281556 -0.632294 0.772155 0.063097 -0.218595 0.656089 -0.722332 0.402769 0.742700 -0.534952 -0.403945 0.909794 0.095411 -0.955886 0.142627 0.256789 -0.880930 0.178526 0.438282 -0.859395 -0.381145 -0.340837 -0.841786 -0.503268 0.195238 0.697437 0.716439 0.017228 -0.270294 0.920803 0.281180 0.526031 -0.588244 0.614215 -0.307989 -0.793897 0.524281 -0.810162 0.436972 -0.390759 -0.832632 0.516333 0.200308 -0.740226 0.349908 0.574134 -0.699147 -0.714509 0.025883 -0.639954 -0.715640 -0.279856 -0.981641 0.000000 -0.190740 -0.705089 -0.530216 -0.470871 -0.949998 -0.099399 -0.296013 -0.991716 0.095749 -0.085623 -0.948462 0.299994 0.102094 -0.699149 0.714507 0.025893 -0.639957 0.715644 -0.279836 -0.705091 0.530221 -0.470864 -0.949998 0.099399 -0.296013 -0.991716 -0.095750 -0.085624 -0.948462 -0.299996 0.102092 -0.834049 -0.524074 0.172361 -0.837992 0.305710 -0.452008 
						-0.834050 0.524072 0.172365 -0.837992 -0.305709 -0.452009 -0.844979 -0.079182 0.528905 -0.833319 0.000000 0.552793 -0.851627 -0.224004 0.473871 -0.821708 -0.346635 0.452372 -0.769198 0.229369 0.596426 -0.814758 0.080456 0.574192 -0.743451 0.419811 0.520614 -0.738515 0.349101 0.576822 -0.828139 0.343619 0.442846 -0.779610 0.417001 0.467246 -0.849135 0.075724 0.522720 -0.845176 0.228425 0.483217 -0.773715 -0.232640 0.589275 -0.816330 -0.081794 0.571765 -0.776263 -0.417561 0.472290 -0.742531 -0.419668 0.522040 -0.955481 0.138669 0.260435 -0.598456 -0.149413 0.787100 -0.746839 -0.212849 0.630021 -0.876649 0.190822 0.441672 -0.308868 -0.796164 0.520311 -0.505315 -0.553784 0.661801 0.001884 -0.395136 0.918621 0.527066 -0.589401 0.612216 -0.647356 0.760415 0.051957 -0.407299 0.908704 0.091455 0.402922 0.742714 -0.534818 -0.221075 0.655140 -0.722439 -0.504602 0.542181 0.671875 -0.745411 0.198919 0.636234 -0.602985 0.143895 0.784667 -0.002760 0.391059 0.920362 -0.270115 0.920741 0.281557 0.697749 0.716096 0.018782 -0.632294 -0.772155 0.063097 -0.403945 -0.909794 0.095411 0.402769 -0.742700 -0.534952 -0.218595 -0.656089 -0.722332 -0.880930 -0.178526 0.438282 -0.955886 -0.142627 0.256789 -0.841786 0.503267 0.195237 -0.859394 0.381145 -0.340837 -0.270294 -0.920803 0.281179 0.697437 -0.716439 0.017228 -0.307988 0.793897 0.524281 0.526031 0.588244 0.614215 -0.832632 -0.516333 0.200308 -0.810162 -0.436972 -0.390759 -0.740225 -0.349909 0.574134 -0.699147 0.714509 0.025883 -0.981641 -0.000000 -0.190740 -0.639954 0.715640 -0.279856 -0.705089 0.530216 -0.470871 -0.949998 0.099399 -0.296013 -0.991716 -0.095749 -0.085623 -0.948462 -0.299994 0.102094 -0.699149 -0.714507 0.025893 -0.639957 -0.715644 -0.279836 -0.705091 -0.530221 -0.470864 -0.949998 -0.099398 -0.296013 -0.991716 0.095750 -0.085624 -0.948462 0.299995 0.102092 
						-0.834049 0.524073 0.172362 -0.837992 -0.305709 -0.452009 -0.834050 -0.524072 0.172365 -0.837992 0.305709 -0.452009 
					</float_array>
					<technique_common>
						<accessor count="132" offset="0" source="#meshId13-tangents-array" stride="3">
							<param name="X" type="float" />
							<param name="Y" type="float" />
							<param name="Z" type="float" />
						</accessor>
					</technique_common>
				</source>
				<source id="meshId13-bitangents" name="meshId13-bitangents">
					<float_array id="meshId13-bitangents-array" count="396"> 
						-0.509293 -0.420918 -0.750632 -0.524148 -0.363958 -0.769937 -0.552793 -0.000000 -0.833319 -0.546045 -0.251571 -0.799091 -0.501522 -0.361705 -0.785904 -0.494741 -0.419913 -0.760858 -0.538955 -0.084835 -0.838052 -0.521494 -0.246511 -0.816870 -0.536243 0.255672 -0.804410 -0.548456 0.094436 -0.830829 -0.502335 0.421556 -0.754951 -0.534488 0.361205 -0.764103 -0.494526 0.359607 -0.791282 -0.492138 0.419668 -0.762679 -0.553185 -0.091898 -0.827974 -0.540220 0.085552 -0.837164 0.077505 0.733719 0.675018 -0.324162 0.912611 -0.249121 -0.087637 0.907629 -0.410524 0.603008 0.730849 0.319751 -0.188187 0.485086 -0.853977 0.408096 0.456361 -0.790691 0.723515 0.633593 -0.274019 -0.042396 0.750059 -0.660010 -0.674185 0.539481 -0.504416 -0.932779 0.358281 -0.039463 -0.747945 0.069573 -0.660104 -0.632106 0.208203 -0.746387 -0.050165 -0.758489 -0.649752 0.723512 -0.636118 -0.268115 0.598478 -0.731955 0.325678 -0.099072 -0.910780 -0.400830 -0.191373 -0.211609 -0.958435 -0.429161 -0.146635 -0.891246 -0.688330 -0.522537 -0.503147 -0.933364 -0.356539 -0.041384 -0.748027 -0.069723 -0.659996 -0.634256 -0.203385 -0.745891 0.072347 -0.732960 0.676414 -0.312340 -0.915093 -0.255045 -0.511313 0.640613 0.572864 -0.539811 0.784800 -0.304456 -0.192506 0.210448 -0.958464 -0.429047 0.146247 -0.891365 0.409429 -0.457852 -0.789139 -0.189625 -0.488788 -0.851545 -0.586206 -0.603914 0.540047 -0.553826 -0.776265 -0.301146 -0.519063 0.245364 -0.818761 -0.186200 0.216909 0.958269 -0.186549 -0.208612 0.960042 -0.190740 -0.000000 0.981641 -0.162252 -0.525779 0.835003 -0.128278 -0.740063 0.660191 -0.128449 -0.739249 0.661069 -0.139180 -0.683795 0.716277 -0.186191 -0.216915 0.958270 -0.186536 0.208597 0.960048 -0.162246 0.525774 0.835008 -0.128278 0.740063 0.660191 -0.128450 0.739249 0.661069 -0.139183 0.683795 0.716277 -0.161648 0.530859 0.831901 -0.139776 0.680445 0.719345 
						-0.161643 -0.530860 0.831901 -0.139776 -0.680446 0.719344 -0.509293 0.420918 -0.750632 -0.552793 0.000000 -0.833319 -0.524148 0.363958 -0.769937 -0.546045 0.251570 -0.799092 -0.501523 0.361704 -0.785904 -0.494741 0.419913 -0.760858 -0.538954 0.084836 -0.838052 -0.521494 0.246512 -0.816870 -0.536243 -0.255672 -0.804410 -0.548456 -0.094436 -0.830830 -0.502335 -0.421556 -0.754951 -0.534487 -0.361205 -0.764103 -0.494527 -0.359607 -0.791281 -0.492139 -0.419667 -0.762679 -0.553184 0.091897 -0.827975 -0.540220 -0.085552 -0.837164 0.077505 -0.733719 0.675018 0.603008 -0.730849 0.319750 -0.087638 -0.907628 -0.410525 -0.324161 -0.912611 -0.249121 -0.188187 -0.485087 -0.853977 -0.042398 -0.750060 -0.660010 0.723515 -0.633593 -0.274018 0.408096 -0.456361 -0.790691 -0.674184 -0.539481 -0.504416 -0.632105 -0.208203 -0.746388 -0.747945 -0.069573 -0.660104 -0.932779 -0.358281 -0.039464 -0.050165 0.758489 -0.649752 -0.099073 0.910780 -0.400830 0.598478 0.731955 0.325678 0.723512 0.636118 -0.268115 -0.429160 0.146636 -0.891246 -0.191373 0.211609 -0.958435 -0.688329 0.522537 -0.503148 -0.634256 0.203385 -0.745891 -0.748027 0.069724 -0.659996 -0.933364 0.356539 -0.041384 -0.312340 0.915093 -0.255045 0.072347 0.732960 0.676414 -0.539811 -0.784800 -0.304456 -0.511314 -0.640613 0.572864 -0.429046 -0.146247 -0.891365 -0.192506 -0.210448 -0.958464 -0.189624 0.488788 -0.851545 0.409429 0.457851 -0.789139 -0.553826 0.776265 -0.301146 -0.586206 0.603914 0.540046 -0.519063 -0.245365 -0.818761 -0.186200 -0.216910 0.958269 -0.190740 0.000000 0.981641 -0.186549 0.208612 0.960042 -0.162252 0.525779 0.835003 -0.128278 0.740063 0.660191 -0.128449 0.739249 0.661069 -0.139180 0.683796 0.716277 -0.186191 0.216916 0.958270 -0.186536 -0.208597 0.960048 -0.162247 -0.525774 0.835008 -0.128278 -0.740063 0.660191 -0.128450 -0.739249 0.661069 -0.139182 -0.683795 0.716277 
						-0.161647 -0.530860 0.831900 -0.139777 -0.680446 0.719344 -0.161643 0.530860 0.831901 -0.139776 0.680446 0.719344 
					</float_array>
					<technique_common>
						<accessor count="132" offset="0" source="#meshId13-bitangents-array" stride="3">
							<param name="X" type="float" />
							<param name="Y" type="float" />
							<param name="Z" type="float" />
						</accessor>
					</technique_common>
				</source>
				<source id="meshId13-tex0" name="meshId13-tex0">
					<float_array id="meshId13-tex0-array" count="264"> 
						0.036861 0.690380 0.040843 0.692079 0.034671 0.701266 0.043919 0.695109 0.028549 0.692060 0.032542 0.690404 0.023789 0.699150 0.025501 0.695151 0.025485 0.707459 0.023812 0.703482 0.032556 0.712213 0.028607 0.710454 0.040871 0.710457 0.036878 0.712110 0.045566 0.699081 0.045587 0.703383 0.031092 0.720211 0.032051 0.714704 0.037399 0.714556 0.038588 0.720318 0.045994 0.708746 0.050920 0.712139 0.045543 0.717474 0.042262 0.712489 0.023413 0.708868 0.018370 0.712185 0.015497 0.705035 0.021373 0.703977 0.027191 0.689976 0.024005 0.684930 0.031065 0.682077 0.032081 0.687962 0.015557 0.697368 0.021378 0.698671 0.046005 0.693744 0.051051 0.690540 0.053901 0.697567 0.048011 0.698609 0.038673 0.682137 0.037358 0.687968 0.023741 0.717820 0.027254 0.712480 0.053855 0.705140 0.048008 0.703862 0.018545 0.690302 0.023418 0.693740 0.045700 0.685108 0.042261 0.689994 0.043894 0.707359 0.578657 0.011053 0.578657 0.014637 0.569672 0.012891 0.577315 0.017961 0.571511 0.021877 0.567926 0.021877 0.564602 0.020534 0.560686 0.014731 0.560686 0.011146 0.562029 0.007822 0.567833 0.003906 0.571418 0.003906 0.574742 0.005249 0.577273 0.007764 0.564544 0.005291 
						0.562071 0.018019 0.574799 0.020492 0.036861 0.690380 0.034671 0.701266 0.040843 0.692079 0.043919 0.695109 0.028549 0.692060 0.032542 0.690404 0.023789 0.699150 0.025501 0.695151 0.025485 0.707459 0.023812 0.703482 0.032556 0.712213 0.028607 0.710454 0.040871 0.710457 0.036878 0.712110 0.045566 0.699081 0.045587 0.703383 0.031092 0.720211 0.038588 0.720318 0.037399 0.714556 0.032051 0.714704 0.045994 0.708746 0.042262 0.712489 0.045543 0.717474 0.050920 0.712139 0.023413 0.708868 0.021373 0.703977 0.015497 0.705035 0.018370 0.712185 0.027191 0.689976 0.032081 0.687962 0.031065 0.682077 0.024005 0.684930 0.021378 0.698671 0.015557 0.697368 0.046005 0.693744 0.048011 0.698609 0.053901 0.697567 0.051051 0.690540 0.037358 0.687968 0.038673 0.682137 0.027254 0.712480 0.023741 0.717820 0.048008 0.703862 0.053855 0.705140 0.023418 0.693740 0.018545 0.690302 0.042261 0.689994 0.045700 0.685108 0.043894 0.707359 0.578657 0.011053 0.569672 0.012891 0.578657 0.014637 0.577315 0.017961 0.571511 0.021877 0.567926 0.021877 0.564602 0.020534 0.560686 0.014731 0.560686 0.011146 0.562029 0.007822 0.567833 0.003906 0.571418 0.003906 0.574742 0.005249 
						0.577273 0.007764 0.564544 0.005291 0.562071 0.018019 0.574799 0.020492 
					</float_array>
					<technique_common>
						<accessor count="132" offset="0" source="#meshId13-tex0-array" stride="2">
							<param name="S" type="float" />
							<param name="T" type="float" />
						</accessor>
					</technique_common>
				</source>
				<vertices id="meshId13-vertices">
					<input semantic="POSITION" source="#meshId13-positions" />
				</vertices>
				<polylist count="192" material="defaultMaterial">
					<input offset="0" semantic="VERTEX" source="#meshId13-vertices" />
					<input offset="0" semantic="NORMAL" source="#meshId13-normals" />
					<input offset="0" semantic="TANGENT" source="#meshId13-tangents" />
					<input offset="0" semantic="BINORMAL" source="#meshId13-bitangents" />
					<input offset="0" semantic="TEXCOORD" source="#meshId13-tex0" set="0" />
					<vcount>
						3 3 3 3 3 3 3 3 3 3 3 3 3 3 3 3 3 3 3 3 3 3 3 3 3 3 3 3 3 3 3 3 3 3 3 3 3 3 3 3 3 3 3 3 3 3 3 3 3 3 3 3 3 3 3 3 3 3 3 3 3 3 3 3 
						3 3 3 3 3 3 3 3 3 3 3 3 3 3 3 3 3 3 3 3 3 3 3 3 3 3 3 3 3 3 3 3 3 3 3 3 3 3 3 3 3 3 3 3 3 3 3 3 3 3 3 3 3 3 3 3 3 3 3 3 3 3 3 3 
						3 3 3 3 3 3 3 3 3 3 3 3 3 3 3 3 3 3 3 3 3 3 3 3 3 3 3 3 3 3 3 3 3 3 3 3 3 3 3 3 3 3 3 3 3 3 3 3 3 3 3 3 3 3 3 3 3 3 3 3 3 3 3 3 
					</vcount>
					<p>
						0 1 2 3 2 1 4 5 2 0 2 5 6 7 2 4 2 7 8 9 2 6 2 9 10 11 2 8 2 11 12 13 2 10 2 13 3 14 2 15 2 14 19 16 17 17 18 19 23 20 21 21 22 23 22 19 18 18 23 22 27 24 25 25 26 27 31 28 29 29 30 31 33 27 26 26 32 33 37 34 35 35 36 37 39 31 30 30 38 39 17 16 40 40 41 17 43 37 36 36 42 43 45 33 32 32 44 45 24 41 40 40 25 24 47 39 38 38 46 47 28 45 44 44 29 28 34 47 46 46 35 34 14 3 34 34 37 14 12 48 20 20 23 12 1 0 39 39 47 1 15 14 37 37 43 15 5 4 28 28 31 5 3 1 47 47 34 3 7 6 33 33 45 7 0 5 31 31 39 0 9 8 24 24 27 9 4 7 45 45 28 4 
						11 10 17 17 41 11 6 9 27 27 33 6 12 23 18 18 13 12 8 11 41 41 24 8 20 43 42 42 21 20 10 13 18 18 17 10 15 48 2 12 2 48 49 50 51 52 51 50 53 54 51 55 51 54 56 57 51 58 51 57 59 60 51 61 51 60 61 62 51 49 51 62 58 63 51 59 51 63 55 64 51 56 51 64 52 65 51 53 51 65 48 15 43 43 20 48 66 67 68 69 68 67 70 67 71 66 71 67 72 67 73 70 73 67 74 67 75 72 75 67 76 67 77 74 77 67 78 67 79 76 79 67 69 67 80 81 80 67 85 82 83 83 84 85 89 86 87 87 88 89 84 83 88 88 87 84 93 90 91 91 92 93 97 94 95 95 96 97 92 91 98 98 99 92 103 100 101 101 102 103 96 95 104 104 105 96 107 82 85 85 106 107 
						102 101 108 108 109 102 99 98 110 110 111 99 107 106 90 90 93 107 105 104 112 112 113 105 111 110 94 94 97 111 113 112 100 100 103 113 100 69 80 80 101 100 86 114 78 78 87 86 104 66 68 68 112 104 101 80 81 81 108 101 94 70 71 71 95 94 112 68 69 69 100 112 98 72 73 73 110 98 95 71 66 66 104 95 90 74 75 75 91 90 110 73 70 70 94 110 85 76 77 77 106 85 91 75 72 72 98 91 84 87 78 78 79 84 106 77 74 74 90 106 109 108 86 86 89 109 84 79 76 76 85 84 81 67 114 78 114 67 115 116 117 118 117 116 119 116 120 121 120 116 122 116 123 124 123 116 125 116 126 127 126 116 127 116 128 115 128 116 124 116 129 125 129 116 121 116 130 122 130 116 118 116 131 119 131 116 108 81 114 114 86 108 
					</p>
				</polylist>
			</mesh>
		</geometry>
		<geometry id="meshId14" name="meshId14_name" >
			<mesh>
				<source id="meshId14-positions" name="meshId14-positions">
					<float_array id="meshId14-positions-array" count="348"> 
						0.389298 -4.440526 -0.014688 0.266459 -4.601305 0.004493 0.265142 -4.599025 -0.221420 0.368167 -4.467988 -0.235609 0.265142 -4.599025 -0.221420 0.100149 -4.622729 -0.235612 0.119130 -4.590042 -0.296111 0.240816 -4.556890 -0.299649 0.368167 -4.467988 -0.235609 0.330369 -4.468082 -0.296110 0.172308 -4.438231 -0.359797 0.293839 -4.355916 -0.337931 0.040255 -4.502321 -0.337931 0.006326 -4.384581 -0.358916 0.097940 -4.309421 -0.376213 0.208837 -4.267662 -0.358915 0.065800 -4.627296 -0.014687 0.100149 -4.622729 -0.235612 0.187646 -4.116360 -0.116984 0.345473 -4.241847 -0.065836 0.337225 -4.309007 -0.277105 0.210080 -4.210598 -0.316547 0.337225 -4.309007 -0.277105 0.210080 -4.210598 -0.316547 -0.084348 -4.490003 -0.065835 -0.022060 -4.516443 -0.277106 -0.022060 -4.516443 -0.277106 -0.043715 -4.357127 -0.316548 -0.114109 -4.290579 -0.116982 -0.043715 -4.357127 -0.316548 0.003993 -4.146702 -0.136162 0.057316 -4.239059 -0.332794 0.057316 -4.239059 -0.332794 -0.388308 -3.932430 3.768885 -0.554182 -3.793281 3.715613 -0.342110 -4.155002 1.879355 -0.169739 -4.306424 1.936417 -0.570420 -3.578897 3.662343 -0.366448 -3.928607 1.822294 -0.206493 -4.175195 0.464130 -0.176436 -4.396708 0.520643 -0.009653 -4.548308 0.577159 -1.358437 -2.197247 10.522670 -1.496208 -2.079600 10.494357 -1.307436 -2.445314 9.228468 -1.161316 -2.566084 9.272790 -1.503987 -1.897391 10.466044 -1.313994 -2.255473 9.184146 -1.066338 -2.710848 7.470724 -1.059415 -2.909593 7.519255 -0.904492 -3.034989 7.567788 0.014580 -3.699823 3.768885 -0.144898 -3.888814 3.788862 0.073996 -4.267950 1.957818 0.229183 -4.076105 1.936420 0.217781 -4.516992 0.598352 0.358618 -4.335688 0.577161 -1.373123 -1.761469 10.455427 -1.171693 -2.110356 9.167525 -1.373123 -1.761469 10.455427 -1.189978 -1.716098 10.466044 -0.974867 -2.059678 9.184146 -1.171693 -2.110356 9.167525 -0.704328 -2.501842 7.470724 
						-0.914180 -2.556379 7.452525 -0.914180 -2.556379 7.452525 -1.596977 -1.718723 11.122504 -1.473026 -1.588432 11.123808 -1.628590 -1.656922 11.393879 -1.508507 -1.526976 11.401663 -1.473026 -1.588432 11.123808 -1.508507 -1.526976 11.401663 -1.335929 -1.487954 11.393879 -1.298214 -1.546232 11.122504 -1.455853 -2.011207 11.115561 -1.588431 -1.895889 11.119032 -1.484086 -1.956894 11.352370 -1.617289 -1.837352 11.373124 -1.003070 -1.992076 10.522670 -1.115479 -1.814691 11.115561 -1.249760 -1.975139 11.114258 -1.143969 -2.158374 10.533286 -1.148399 -1.763084 11.352370 -1.279595 -1.923463 11.344586 -1.149057 -1.642216 11.119034 -1.036070 -1.813939 10.494357 -1.185323 -1.587956 11.373124 -0.072242 -4.014659 0.442936 -0.072242 -4.014659 0.442936 0.133913 -3.978663 0.464130 0.003993 -4.146702 -0.136162 0.310719 -4.115448 0.520645 -0.200533 -3.365344 3.662341 -0.022991 -3.486599 3.715612 0.184233 -3.851117 1.879354 0.000338 -3.716844 1.822290 -0.933744 -2.522494 9.289410 -0.782208 -2.347206 9.272790 -0.665098 -2.987803 7.585985 -0.504536 -2.804076 7.567787 -0.418305 -3.415261 3.642365 -0.218849 -3.760729 1.800891 -0.418305 -3.415261 3.642365 -0.218849 -3.760729 1.800891 -0.394017 -3.457329 5.712894 -0.640969 -3.504961 5.693650 -0.229291 -3.267277 5.693648 -0.262853 -3.059733 5.642326 -0.438672 -2.946401 5.591002 -0.535671 -2.607209 7.519256 -0.803928 -3.372121 5.642326 -0.814166 -3.163193 5.591002 -0.657431 -3.001083 5.571756 -0.657431 -3.001083 5.571756 -0.813738 -2.160278 9.228468 0.057316 -4.239059 -0.332794 
					</float_array>
					<technique_common>
						<accessor count="116" offset="0" source="#meshId14-positions-array" stride="3">
							<param name="X" type="float" />
							<param name="Y" type="float" />
							<param name="Z" type="float" />
						</accessor>
					</technique_common>
				</source>
				<source id="meshId14-normals" name="meshId14-normals">
					<float_array id="meshId14-normals-array" count="348"> 
						0.974180 -0.225131 0.016999 0.498362 -0.863189 0.080877 0.486570 -0.842759 -0.230231 0.918785 -0.271615 -0.286461 0.486570 -0.842759 -0.230231 -0.224163 -0.931498 -0.286467 -0.070081 -0.708131 -0.702595 0.345076 -0.597684 -0.723669 0.918785 -0.271615 -0.286461 0.648309 -0.293372 -0.702587 0.129918 -0.225024 -0.965653 0.541668 0.066661 -0.837945 -0.328562 -0.435763 -0.837949 -0.428983 -0.058526 -0.901414 -0.114678 0.198634 -0.973341 0.265182 0.342249 -0.901412 -0.292122 -0.956230 0.017001 -0.224163 -0.931498 -0.286467 0.274454 0.916727 -0.290322 0.856739 0.500270 -0.125411 0.825348 0.382834 -0.415016 0.298120 0.747507 -0.593598 0.825348 0.382834 -0.415016 0.298120 0.747507 -0.593598 -0.861617 -0.491821 -0.125410 -0.744215 -0.523358 -0.415018 -0.744215 -0.523358 -0.415018 -0.796422 0.115570 -0.593596 -0.931136 0.220678 -0.290321 -0.796422 0.115570 -0.593596 -0.465779 0.806751 -0.363598 -0.369977 0.640820 -0.672657 -0.369977 0.640820 -0.672657 -0.276819 -0.946281 0.167102 -0.887088 -0.461459 -0.011439 -0.884880 -0.465544 -0.016003 -0.293355 -0.944798 0.145942 -0.939366 0.296742 -0.171862 -0.948286 0.274341 -0.159656 -0.951680 0.249356 -0.179240 -0.879539 -0.474068 -0.040877 -0.304591 -0.946032 0.110667 -0.273865 -0.931445 0.239600 -0.898068 -0.439839 -0.003903 -0.895381 -0.445244 -0.007054 -0.271176 -0.935855 0.225032 -0.918762 0.325671 -0.223191 -0.920732 0.320683 -0.222293 -0.923887 0.319964 -0.209894 -0.892355 -0.451257 -0.008399 -0.265418 -0.941244 0.208839 0.957913 -0.233407 0.167103 0.485331 -0.840618 0.240448 0.487951 -0.845157 0.218205 0.964897 -0.218345 0.145943 0.491550 -0.851391 0.183062 0.971583 -0.209233 0.110667 -0.478039 0.827987 -0.293114 -0.478058 0.828022 -0.292984 -0.478039 0.827987 -0.293114 0.177342 0.958507 -0.223191 0.182646 0.957719 -0.222293 -0.478058 0.828022 -0.292984 0.184847 0.960092 -0.209894 
						-0.480623 0.832463 -0.275694 -0.480623 0.832463 -0.275694 -0.919497 0.336911 -0.202524 -0.482012 0.834869 -0.265816 -0.895672 0.399326 -0.195731 -0.484665 0.839466 -0.245758 -0.482012 0.834869 -0.265816 -0.484665 0.839466 -0.245758 0.102010 0.975338 -0.195730 0.167975 0.964763 -0.202524 -0.279397 -0.935913 0.214483 -0.902904 -0.429771 -0.007768 -0.331578 -0.927267 0.173874 -0.936445 -0.349715 -0.027739 0.943587 -0.228549 0.239600 0.950224 -0.225990 0.214483 0.477037 -0.826249 0.299580 0.472006 -0.817540 0.329907 0.968826 -0.176475 0.173874 0.483824 -0.838001 0.252326 0.823645 0.567052 -0.007767 0.829946 0.557831 -0.003903 0.771085 0.636128 -0.027738 -0.486010 0.841796 -0.234891 -0.486010 0.841796 -0.234891 0.259893 0.948857 -0.179239 -0.465779 0.806751 -0.363598 0.850323 0.524671 -0.040876 0.212699 0.961885 -0.171861 0.843180 0.537510 -0.011439 0.845612 0.533558 -0.016003 0.236558 0.958410 -0.159656 0.475275 -0.823201 0.310571 0.946062 -0.233081 0.225032 0.478622 -0.828997 0.289283 0.947850 -0.240764 0.208839 -0.486890 0.843318 -0.227492 -0.488495 0.846100 -0.213280 -0.486890 0.843318 -0.227492 -0.488495 0.846100 -0.213280 0.482302 -0.835370 0.263708 -0.266392 -0.945471 0.187403 0.951998 -0.242034 0.187403 0.840437 0.541796 -0.011112 0.194091 0.961858 -0.192764 0.836977 0.547173 -0.008399 -0.889428 -0.456939 -0.011112 -0.930038 0.312843 -0.192764 -0.483762 0.837900 -0.252779 -0.483762 0.837900 -0.252779 0.833283 0.552802 -0.007055 -0.369977 0.640820 -0.672657 
					</float_array>
					<technique_common>
						<accessor count="116" offset="0" source="#meshId14-normals-array" stride="3">
							<param name="X" type="float" />
							<param name="Y" type="float" />
							<param name="Z" type="float" />
						</accessor>
					</technique_common>
				</source>
				<source id="meshId14-tangents" name="meshId14-tangents">
					<float_array id="meshId14-tangents-array" count="348"> 
						0.224309 0.956566 -0.186192 0.865994 0.500053 0.000761 0.866383 0.499370 0.003076 0.224584 0.956433 -0.186542 0.267105 -0.107407 0.957663 0.654237 -0.361701 0.664188 0.649960 -0.566713 0.506348 0.545174 -0.499986 0.672904 0.134506 -0.466839 0.874054 0.463589 -0.579907 0.669920 0.652901 -0.713544 0.254116 0.623414 -0.700547 0.347259 0.644321 -0.752112 0.138485 0.580283 -0.782618 -0.225344 0.667176 -0.710545 -0.223610 0.723541 -0.688570 -0.048582 0.940746 -0.284100 0.185161 0.940983 -0.283365 0.185083 -0.955707 0.226669 -0.187738 -0.515060 0.817346 -0.258182 -0.510646 0.819741 -0.259354 -0.954521 0.231019 -0.188466 0.546401 -0.726786 0.416207 0.778028 -0.550566 -0.302572 0.450075 -0.854563 0.259144 0.455166 -0.852106 0.258339 0.558647 -0.828303 0.042758 0.301474 -0.775028 -0.555379 -0.281232 -0.941353 0.186446 -0.275448 -0.943163 0.185936 -0.859648 -0.509987 -0.030325 -0.804085 -0.583548 -0.113663 0.484551 -0.484655 -0.728231 0.952687 -0.247547 0.176376 0.443139 -0.858284 0.258797 0.446068 -0.856757 0.258827 0.946857 -0.266076 0.180734 -0.326172 -0.927881 0.180689 -0.301721 -0.935280 0.184974 -0.281941 -0.940803 0.188146 0.448944 -0.855247 0.258849 0.941619 -0.281579 0.184572 0.960884 -0.254310 0.109670 0.433476 -0.886513 0.161847 0.429931 -0.868496 0.246728 0.957364 -0.238058 0.163650 -0.355392 -0.928429 0.108240 -0.360152 -0.917657 0.167915 -0.357570 -0.917207 0.175712 0.433980 -0.863004 0.258620 0.957454 -0.231867 0.171815 0.261959 0.948827 -0.176364 0.866031 0.499991 -0.000043 0.866033 0.499987 -0.000065 0.242997 0.953044 -0.180720 0.866037 0.499980 -0.000120 0.226952 0.956265 -0.184528 -0.860830 -0.507951 -0.030931 -0.865978 -0.500082 -0.000311 -0.869853 -0.492556 0.027273 -0.981493 0.155603 -0.111622 -0.974942 0.147221 -0.166776 -0.866263 -0.499587 0.001554 -0.973128 0.148970 -0.175585 
						-0.864967 -0.501777 -0.007210 -0.867042 -0.498182 0.007263 -0.340261 -0.940136 -0.019128 -0.849976 -0.519187 -0.089363 -0.393246 -0.916708 -0.070744 -0.844993 -0.521946 -0.116446 -0.873890 -0.479950 0.077233 -0.874159 -0.474737 0.102329 -0.991229 0.116277 0.062814 -0.984849 0.173216 0.008309 0.957759 -0.287491 -0.006862 0.429828 -0.902581 -0.024391 0.935570 -0.346921 -0.065989 0.350666 -0.930826 -0.102936 0.259702 0.959708 -0.107312 0.228045 0.973528 0.015452 0.865034 0.501676 0.006197 0.865698 0.500563 0.001866 0.164803 0.983115 0.079534 0.865044 0.501643 0.007324 -0.566801 0.823574 0.021512 -0.550907 0.818504 -0.162949 -0.630344 0.768779 0.107912 -0.868087 -0.496074 0.018331 -0.863655 -0.503750 -0.018349 -0.955731 0.226237 -0.188138 -0.871716 -0.488983 0.031737 -0.516209 0.816454 -0.258710 -0.966657 0.181473 -0.180671 -0.521732 0.812922 -0.258754 -0.518948 0.814696 -0.258771 -0.960839 0.206346 -0.184957 0.866140 0.499802 -0.000700 0.272705 0.947899 -0.164678 0.866040 0.499974 -0.000100 0.277936 0.945096 -0.171888 -0.868239 -0.495718 0.020612 -0.868562 -0.494894 0.026061 -0.863426 -0.504055 -0.020595 -0.862884 -0.504734 -0.025980 0.866030 0.499993 -0.000034 0.956404 -0.235142 0.173202 0.274561 0.945846 -0.173181 -0.525789 0.810301 -0.258763 -0.970994 0.160399 -0.177319 -0.530395 0.807343 -0.258607 0.438839 -0.860490 0.258800 -0.346592 -0.921100 0.177339 -0.864226 -0.502932 -0.013164 -0.867658 -0.496988 0.013108 -0.537181 0.806588 -0.246683 -0.908751 -0.400115 0.118657 
					</float_array>
					<technique_common>
						<accessor count="116" offset="0" source="#meshId14-tangents-array" stride="3">
							<param name="X" type="float" />
							<param name="Y" type="float" />
							<param name="Z" type="float" />
						</accessor>
					</technique_common>
				</source>
				<source id="meshId14-bitangents" name="meshId14-bitangents">
					<float_array id="meshId14-bitangents-array" count="348"> 
						0.025657 0.185197 0.982366 -0.041100 0.069659 0.996724 0.112378 -0.200965 0.973131 0.324648 0.107057 0.939757 -0.831808 -0.527466 0.172844 -0.722305 -0.038531 0.690501 -0.756730 -0.421174 0.499972 -0.764008 -0.626728 0.153308 -0.371137 -0.841598 -0.392391 -0.603971 -0.760027 -0.239955 -0.746218 -0.663490 0.054216 -0.563872 -0.710485 -0.421022 -0.690578 -0.494407 0.527887 -0.692275 -0.619745 0.369692 -0.736019 -0.675034 -0.051040 -0.637312 -0.639326 -0.430227 -0.172227 0.070083 0.982561 -0.253579 -0.228072 0.940043 -0.106297 0.328988 0.938332 -0.026657 0.285789 0.957922 0.240916 0.425984 0.872065 -0.003747 0.622787 0.782382 -0.142289 -0.570281 -0.809032 -0.552989 -0.371633 -0.745716 -0.234623 0.166839 0.957662 -0.488843 0.003358 0.872365 -0.366138 -0.200027 0.908808 -0.524239 -0.621269 0.582408 -0.232150 0.255254 0.938590 -0.538369 0.311588 0.782989 -0.209895 0.298441 0.931062 -0.465365 0.498820 0.731173 -0.792671 -0.595365 -0.131198 -0.125536 0.208021 0.970035 -0.129242 0.224507 0.965864 -0.134206 0.221892 0.965791 -0.131925 0.191206 0.972644 -0.105849 0.225790 0.968408 -0.098577 0.223580 0.969688 -0.121714 0.229590 0.965647 -0.157671 0.209316 0.965053 -0.143450 0.160425 0.976568 -0.041219 0.260262 0.964658 -0.074646 0.143657 0.986808 -0.115981 0.217883 0.969059 -0.099582 0.259816 0.960510 -0.171966 0.178767 0.968746 -0.150141 0.234664 0.960411 -0.136295 0.237390 0.961806 -0.123953 0.227136 0.965942 -0.113296 0.245556 0.962739 -0.117387 0.212716 0.970037 -0.120186 0.208257 0.970662 -0.109044 0.189004 0.975903 -0.099630 0.209840 0.972646 -0.091425 0.158597 0.983101 -0.067218 0.204401 0.976577 -0.174498 0.237535 0.955577 -0.146773 0.253569 0.956117 -0.121793 0.268004 0.955688 -0.072261 0.238856 0.968363 -0.126999 0.247184 0.960610 -0.145084 0.254544 0.956116 -0.137310 0.236710 0.961829 
						-0.144339 0.235002 0.961218 -0.131300 0.242529 0.961218 -0.196845 0.051323 0.979090 -0.212615 0.182864 0.959873 -0.207678 0.013607 0.978103 -0.226025 0.151226 0.962311 -0.063099 0.269521 0.960925 -0.030768 0.264427 0.963915 0.084024 0.187606 0.978644 0.043097 0.198060 0.979242 0.068084 0.203506 0.976704 0.003472 -0.025362 0.999672 0.121510 0.140791 0.982554 0.010178 -0.106121 0.994301 -0.205420 0.163483 0.964923 -0.212297 0.034229 0.976605 -0.155412 0.256191 0.954051 -0.166665 0.284719 0.944012 -0.184973 -0.048400 0.981551 -0.132715 0.214730 0.967615 0.018595 -0.013316 0.999738 -0.087703 0.137389 0.986627 0.089970 -0.065725 0.993773 -0.101092 0.212815 0.971849 -0.133773 0.193947 0.971849 -0.137966 0.220200 0.965649 -0.152189 0.331737 0.931015 -0.102364 0.241088 0.965090 -0.142597 0.204559 0.968412 -0.129784 0.224144 0.965876 -0.125031 0.227124 0.965806 -0.144320 0.197157 0.969691 -0.154648 0.269331 0.950550 -0.174924 0.217163 0.960334 -0.144551 0.250579 0.957244 -0.155989 0.220968 0.962726 -0.095389 0.207553 0.973562 -0.083501 0.197977 0.976644 -0.132037 0.186395 0.973562 -0.129631 0.171345 0.976646 -0.131824 0.228395 0.964603 -0.119691 0.225372 0.966893 -0.135339 0.216321 0.966896 -0.131193 0.223316 0.965877 -0.139637 0.221589 0.965091 -0.134722 0.220903 0.965946 -0.127818 0.225308 0.965867 -0.122076 0.231742 0.965087 -0.138161 0.212090 0.967434 -0.114646 0.225667 0.967435 -0.130677 0.209346 0.969071 -0.193102 0.655178 0.730379 
					</float_array>
					<technique_common>
						<accessor count="116" offset="0" source="#meshId14-bitangents-array" stride="3">
							<param name="X" type="float" />
							<param name="Y" type="float" />
							<param name="Z" type="float" />
						</accessor>
					</technique_common>
				</source>
				<source id="meshId14-tex0" name="meshId14-tex0">
					<float_array id="meshId14-tex0-array" count="232"> 
						0.756163 0.274496 0.745648 0.274496 0.745648 0.263874 0.756163 0.263874 0.554387 0.018241 0.548984 0.026078 0.547011 0.023069 0.549659 0.017249 0.552588 0.008893 0.549573 0.010855 0.542383 0.015723 0.543685 0.008465 0.540659 0.022893 0.534920 0.020270 0.535103 0.014196 0.537376 0.008561 0.735132 0.274496 0.735132 0.263874 0.783716 0.274496 0.768972 0.274496 0.768972 0.263874 0.783716 0.263874 0.544484 0.003906 0.535225 0.005701 0.722324 0.274496 0.722324 0.263874 0.539559 0.027388 0.531802 0.022025 0.707579 0.274496 0.707579 0.263874 0.699064 0.274496 0.699064 0.263874 0.530386 0.013207 0.735132 0.462235 0.722324 0.462235 0.722324 0.370118 0.735132 0.370118 0.707579 0.462235 0.707579 0.370118 0.707579 0.302801 0.722324 0.302801 0.735132 0.302801 0.735132 0.807913 0.722324 0.807913 0.722324 0.742751 0.735132 0.742751 0.707579 0.807913 0.707579 0.742751 0.707579 0.655191 0.722324 0.655191 0.735132 0.655191 0.756163 0.462235 0.745648 0.462235 0.745648 0.370118 0.756163 0.370118 0.745648 0.302801 0.756163 0.302801 0.699064 0.807913 0.699064 0.742751 0.792231 0.807913 0.783716 0.807913 0.783716 0.742751 0.792231 0.742751 0.783716 0.655191 
						0.792231 0.655191 0.699064 0.655191 0.707579 0.840438 0.699064 0.840438 0.707579 0.853350 0.699064 0.853350 0.792231 0.840438 0.792231 0.853350 0.783716 0.853350 0.783716 0.840438 0.735132 0.840438 0.722324 0.840438 0.735132 0.853350 0.722324 0.853350 0.756163 0.807913 0.756163 0.840438 0.745648 0.840438 0.745648 0.807913 0.756163 0.853350 0.745648 0.853350 0.768972 0.840438 0.768972 0.807913 0.768972 0.853350 0.699064 0.302801 0.792231 0.302801 0.783716 0.302801 0.792231 0.274496 0.768972 0.302801 0.783716 0.462235 0.768972 0.462235 0.768972 0.370118 0.783716 0.370118 0.745648 0.742751 0.756163 0.742751 0.745648 0.655191 0.756163 0.655191 0.699064 0.462235 0.699064 0.370118 0.792231 0.462235 0.792231 0.370118 0.745648 0.559690 0.735132 0.559690 0.756163 0.559690 0.768972 0.559690 0.783716 0.559690 0.768972 0.655191 0.722324 0.559690 0.707579 0.559690 0.792231 0.559690 0.699064 0.559690 0.768972 0.742751 0.792231 0.263874 
					</float_array>
					<technique_common>
						<accessor count="116" offset="0" source="#meshId14-tex0-array" stride="2">
							<param name="S" type="float" />
							<param name="T" type="float" />
						</accessor>
					</technique_common>
				</source>
				<vertices id="meshId14-vertices">
					<input semantic="POSITION" source="#meshId14-positions" />
				</vertices>
				<polylist count="184" material="defaultMaterial">
					<input offset="0" semantic="VERTEX" source="#meshId14-vertices" />
					<input offset="0" semantic="NORMAL" source="#meshId14-normals" />
					<input offset="0" semantic="TANGENT" source="#meshId14-tangents" />
					<input offset="0" semantic="BINORMAL" source="#meshId14-bitangents" />
					<input offset="0" semantic="TEXCOORD" source="#meshId14-tex0" set="0" />
					<vcount>
						3 3 3 3 3 3 3 3 3 3 3 3 3 3 3 3 3 3 3 3 3 3 3 3 3 3 3 3 3 3 3 3 3 3 3 3 3 3 3 3 3 3 3 3 3 3 3 3 3 3 3 3 3 3 3 3 3 3 3 3 3 3 3 3 
						3 3 3 3 3 3 3 3 3 3 3 3 3 3 3 3 3 3 3 3 3 3 3 3 3 3 3 3 3 3 3 3 3 3 3 3 3 3 3 3 3 3 3 3 3 3 3 3 3 3 3 3 3 3 3 3 3 3 3 3 3 3 3 3 
						3 3 3 3 3 3 3 3 3 3 3 3 3 3 3 3 3 3 3 3 3 3 3 3 3 3 3 3 3 3 3 3 3 3 3 3 3 3 3 3 3 3 3 3 3 3 3 3 3 3 3 3 3 3 3 3 
					</vcount>
					<p>
						3 0 1 1 2 3 7 4 5 5 6 7 9 8 4 4 7 9 11 9 7 7 10 11 10 7 6 6 12 10 14 10 12 12 13 14 15 11 10 10 14 15 2 1 16 16 17 2 21 18 19 19 20 21 11 22 8 8 9 11 15 23 22 22 11 15 20 19 0 0 3 20 17 16 24 24 25 17 12 26 27 27 13 12 6 5 26 26 12 6 25 24 28 28 29 25 29 28 30 30 31 29 14 32 23 23 15 14 13 27 32 32 14 13 36 33 34 34 35 36 35 34 37 37 38 35 40 35 38 38 39 40 41 36 35 35 40 41 45 42 43 43 44 45 44 43 46 46 47 44 49 44 47 47 48 49 50 45 44 44 49 50 54 51 52 52 53 54 53 52 33 33 36 53 55 53 36 36 41 55 56 54 53 53 55 56 47 46 57 57 58 47 
						62 59 60 60 61 62 64 62 61 61 63 64 48 47 58 58 65 48 57 46 66 66 67 57 67 66 68 68 69 67 73 70 71 71 72 73 60 59 70 70 73 60 43 42 74 74 75 43 75 74 76 76 77 75 66 75 77 77 68 66 46 43 75 75 66 46 81 78 79 79 80 81 80 79 82 82 83 80 74 80 83 83 76 74 42 81 80 80 74 42 85 60 73 73 84 85 84 73 72 72 86 84 79 84 86 86 82 79 78 85 84 84 79 78 28 39 87 87 30 28 90 88 89 89 18 90 16 41 40 40 24 16 24 40 39 39 28 24 18 89 91 91 19 18 19 91 56 56 0 19 0 56 55 55 1 0 1 55 41 41 16 1 95 92 93 93 94 95 94 93 51 51 54 94 91 94 54 54 56 91 89 95 94 94 91 89 97 78 81 81 96 97 
						96 81 42 42 45 96 98 96 45 45 50 98 99 97 96 96 98 99 38 37 100 100 101 38 103 102 92 92 95 103 88 103 95 95 89 88 39 38 101 101 87 39 105 33 52 52 104 105 104 52 51 51 106 104 98 104 106 106 99 98 50 105 104 104 98 50 106 51 93 93 107 106 107 93 92 92 108 107 109 107 108 108 63 109 99 106 107 107 109 99 111 37 34 34 110 111 110 34 33 33 105 110 49 110 105 105 50 49 48 111 110 110 49 48 108 92 102 102 112 108 113 100 37 37 111 113 65 113 111 111 48 65 63 108 112 112 64 63 61 60 85 85 114 61 114 85 78 78 97 114 109 114 97 97 99 109 63 61 114 114 109 63 115 90 18 18 21 115 
					</p>
				</polylist>
			</mesh>
		</geometry>
		<geometry id="meshId15" name="meshId15_name" >
			<mesh>
				<source id="meshId15-positions" name="meshId15-positions">
					<float_array id="meshId15-positions-array" count="105"> 
						6.651873 1.638571 17.951599 6.359007 1.721792 18.396214 6.186434 1.189659 18.831797 6.525610 0.961816 18.445068 5.985023 0.635627 19.216534 6.323813 0.292755 18.888643 5.802562 1.392483 19.241154 5.592905 1.012025 19.559570 6.065961 1.639688 18.841160 5.734530 0.058235 19.518063 5.996126 -0.363485 19.249054 5.458892 -0.531783 19.763126 5.592907 -1.012032 19.559570 5.458892 0.531775 19.763130 5.411177 -0.000004 19.835609 7.126060 1.013031 17.231840 6.915953 1.393479 17.550739 6.784766 0.696745 18.096891 6.978580 0.363914 17.757433 6.573311 0.000144 18.575657 6.767027 -0.292636 18.215727 6.228071 -0.696239 18.942099 6.448687 -0.961579 18.561855 5.802562 -1.392489 19.241152 6.066273 -1.637955 18.840683 7.308301 0.000000 16.955263 7.260435 0.532392 17.027905 7.131685 -0.058231 17.396805 7.260435 -0.532392 17.027901 6.947769 -0.635986 17.754829 7.126060 -1.013031 17.231838 6.679109 -1.189970 18.083784 6.915953 -1.393480 17.550734 6.359007 -1.721796 18.396210 6.652182 -1.640316 17.951122 
					</float_array>
					<technique_common>
						<accessor count="35" offset="0" source="#meshId15-positions-array" stride="3">
							<param name="X" type="float" />
							<param name="Y" type="float" />
							<param name="Z" type="float" />
						</accessor>
					</technique_common>
				</source>
				<source id="meshId15-normals" name="meshId15-normals">
					<float_array id="meshId15-normals-array" count="105"> 
						0.843621 0.201758 0.497591 0.806578 0.209217 0.552865 0.780559 0.181491 0.598154 0.823815 0.171041 0.540439 0.740968 0.105964 0.663127 0.779450 0.065692 0.623010 0.756902 0.170159 0.630987 0.729697 0.117570 0.673587 0.781784 0.196974 0.591620 0.710332 0.010533 0.703788 0.731403 -0.056223 0.679623 0.700798 -0.048720 0.711694 0.716182 -0.111522 0.688945 0.708633 0.053542 0.703543 0.700674 -0.000001 0.713481 0.913476 0.106309 0.392759 0.883695 0.165030 0.438006 0.874406 0.123543 0.469202 0.910602 0.054222 0.409712 0.834472 -0.000288 0.551050 0.878565 -0.064853 0.473199 0.774167 -0.126160 0.620282 0.821107 -0.171306 0.544461 0.748806 -0.170236 0.640554 0.789892 -0.204125 0.578277 0.928478 -0.000001 0.371386 0.927059 0.045925 0.372092 0.923741 -0.009992 0.382888 0.923006 -0.050553 0.381450 0.899825 -0.102767 0.423973 0.905152 -0.112807 0.409847 0.857277 -0.178840 0.482796 0.877900 -0.165879 0.449195 0.826648 -0.208210 0.522782 0.852150 -0.194106 0.485966 
					</float_array>
					<technique_common>
						<accessor count="35" offset="0" source="#meshId15-normals-array" stride="3">
							<param name="X" type="float" />
							<param name="Y" type="float" />
							<param name="Z" type="float" />
						</accessor>
					</technique_common>
				</source>
				<source id="meshId15-tangents" name="meshId15-tangents">
					<float_array id="meshId15-tangents-array" count="105"> 
						-0.049182 -0.893787 0.445787 -0.068120 -0.896145 0.438503 -0.109945 -0.902141 0.417198 -0.091720 -0.900609 0.424841 -0.194309 -0.911402 0.362755 -0.205970 -0.912327 0.353887 -0.133615 -0.904822 0.404282 -0.190459 -0.911172 0.365363 -0.094729 -0.900264 0.424912 -0.281260 -0.912343 0.297529 -0.320007 -0.908352 0.269242 -0.326651 -0.908841 0.259435 -0.364054 -0.901904 0.232452 -0.248111 -0.914526 0.319504 -0.286017 -0.916133 0.280881 -0.077038 -0.902620 0.423488 -0.051083 -0.896188 0.440724 -0.096501 -0.903437 0.417719 -0.125192 -0.908590 0.398487 -0.225073 -0.912961 0.340358 -0.244308 -0.912340 0.328557 -0.348310 -0.903141 0.251032 -0.354491 -0.900678 0.251229 -0.388948 -0.895408 0.216712 -0.391571 -0.893600 0.219433 -0.149215 -0.915738 0.373040 -0.115658 -0.909032 0.400355 -0.165168 -0.912327 0.374671 -0.196435 -0.914328 0.354145 -0.255852 -0.911486 0.322075 -0.258616 -0.911324 0.320321 -0.338337 -0.902513 0.266455 -0.316251 -0.905234 0.283790 -0.375025 -0.896481 0.235963 -0.351119 -0.900671 0.255945 
					</float_array>
					<technique_common>
						<accessor count="35" offset="0" source="#meshId15-tangents-array" stride="3">
							<param name="X" type="float" />
							<param name="Y" type="float" />
							<param name="Z" type="float" />
						</accessor>
					</technique_common>
				</source>
				<source id="meshId15-bitangents" name="meshId15-bitangents">
					<float_array id="meshId15-bitangents-array" count="105"> 
						0.534681 -0.400548 -0.744095 0.587189 -0.391348 -0.708559 0.615337 -0.391412 -0.684220 0.559390 -0.399560 -0.726247 0.642814 -0.397641 -0.654730 0.591637 -0.404159 -0.697583 0.639724 -0.390311 -0.662126 0.656709 -0.394895 -0.642488 0.616311 -0.388233 -0.685153 0.645230 -0.409292 -0.645104 0.602200 -0.414409 -0.682364 0.634177 -0.414287 -0.652829 0.595439 -0.417291 -0.686528 0.660516 -0.400967 -0.634779 0.653644 -0.400874 -0.641911 0.399533 -0.417104 -0.816332 0.465268 -0.411841 -0.783526 0.475501 -0.410534 -0.778049 0.393867 -0.414155 -0.820576 0.502989 -0.408046 -0.761905 0.410411 -0.404265 -0.817394 0.528531 -0.410391 -0.743124 0.447347 -0.399292 -0.800279 0.536665 -0.411417 -0.736700 0.471957 -0.399765 -0.785777 0.340092 -0.401776 -0.850243 0.356630 -0.414188 -0.837415 0.345576 -0.409339 -0.844404 0.330867 -0.401808 -0.853860 0.353347 -0.398286 -0.846472 0.337369 -0.395932 -0.854061 0.388077 -0.391773 -0.834212 0.359552 -0.391198 -0.847164 0.419534 -0.391115 -0.819158 0.388015 -0.388735 -0.835661 
					</float_array>
					<technique_common>
						<accessor count="35" offset="0" source="#meshId15-bitangents-array" stride="3">
							<param name="X" type="float" />
							<param name="Y" type="float" />
							<param name="Z" type="float" />
						</accessor>
					</technique_common>
				</source>
				<source id="meshId15-tex0" name="meshId15-tex0">
					<float_array id="meshId15-tex0-array" count="70"> 
						0.508118 0.608623 0.515381 0.581804 0.550269 0.571553 0.550530 0.600302 0.585319 0.563064 0.591787 0.591930 0.552146 0.541070 0.578068 0.531139 0.530452 0.558448 0.620502 0.556694 0.632378 0.582982 0.655894 0.552067 0.673394 0.573638 0.605791 0.529721 0.632659 0.536821 0.519466 0.662327 0.509611 0.636357 0.553976 0.626038 0.561290 0.651209 0.597111 0.616493 0.602271 0.641450 0.639816 0.607862 0.643167 0.633860 0.683261 0.599589 0.684777 0.627312 0.560217 0.699189 0.536967 0.683922 0.572843 0.678276 0.587110 0.706294 0.608264 0.671433 0.614854 0.704867 0.643113 0.663383 0.640789 0.694914 0.677538 0.654139 0.662481 0.677515 
					</float_array>
					<technique_common>
						<accessor count="35" offset="0" source="#meshId15-tex0-array" stride="2">
							<param name="S" type="float" />
							<param name="T" type="float" />
						</accessor>
					</technique_common>
				</source>
				<vertices id="meshId15-vertices">
					<input semantic="POSITION" source="#meshId15-positions" />
				</vertices>
				<polylist count="48" material="defaultMaterial">
					<input offset="0" semantic="VERTEX" source="#meshId15-vertices" />
					<input offset="0" semantic="NORMAL" source="#meshId15-normals" />
					<input offset="0" semantic="TANGENT" source="#meshId15-tangents" />
					<input offset="0" semantic="BINORMAL" source="#meshId15-bitangents" />
					<input offset="0" semantic="TEXCOORD" source="#meshId15-tex0" set="0" />
					<vcount>
						3 3 3 3 3 3 3 3 3 3 3 3 3 3 3 3 3 3 3 3 3 3 3 3 3 3 3 3 3 3 3 3 3 3 3 3 3 3 3 3 3 3 3 3 3 3 3 3 
					</vcount>
					<p>
						3 0 1 1 2 3 5 3 2 2 4 5 4 2 6 6 7 4 2 1 8 8 6 2 10 5 4 4 9 10 12 10 9 9 11 12 11 9 13 13 14 11 9 4 7 7 13 9 18 15 16 16 17 18 20 18 17 17 19 20 19 17 3 3 5 19 17 16 0 0 3 17 22 20 19 19 21 22 24 22 21 21 23 24 23 21 10 10 12 23 21 19 5 5 10 21 28 25 26 26 27 28 30 28 27 27 29 30 29 27 18 18 20 29 27 26 15 15 18 27 32 30 29 29 31 32 34 32 31 31 33 34 33 31 22 22 24 33 31 29 20 20 22 31 
					</p>
				</polylist>
			</mesh>
		</geometry>
		<geometry id="meshId16" name="meshId16_name" >
			<mesh>
				<source id="meshId16-positions" name="meshId16-positions">
					<float_array id="meshId16-positions-array" count="105"> 
						-10.984419 0.236196 13.932127 -11.004783 0.124058 13.879166 -10.974078 0.162813 14.017157 -10.952289 0.324274 14.015678 -11.011932 -0.000001 13.860573 -10.983774 -0.000002 14.018377 -10.954348 -0.000002 14.157518 -10.941154 0.190438 14.145827 -10.912124 0.380878 14.120105 -11.004783 -0.124061 13.879166 -10.974078 -0.162816 14.017157 -10.984419 -0.236199 13.932127 -10.952289 -0.324278 14.015676 -10.912124 -0.380883 14.120102 -10.941154 -0.190442 14.145826 -10.904162 0.199827 14.257343 -10.867681 0.399655 14.235636 -10.920749 -0.000002 14.267208 -10.873492 -0.000002 14.368135 -10.857828 0.189804 14.362719 -10.823369 0.379611 14.350802 -10.904165 -0.199831 14.257341 -10.867681 -0.399660 14.235636 -10.823369 -0.379615 14.350801 -10.857827 -0.189809 14.362719 -10.798416 0.161769 14.474000 -10.783566 0.322239 14.454211 -10.805373 -0.000002 14.482450 -10.724870 -0.000003 14.606667 -10.731876 0.122798 14.588476 -10.751884 0.234129 14.536513 -10.798417 -0.161774 14.473999 -10.783566 -0.322244 14.454210 -10.751884 -0.234134 14.536512 -10.731876 -0.122803 14.588476 
					</float_array>
					<technique_common>
						<accessor count="35" offset="0" source="#meshId16-positions-array" stride="3">
							<param name="X" type="float" />
							<param name="Y" type="float" />
							<param name="Z" type="float" />
						</accessor>
					</technique_common>
				</source>
				<source id="meshId16-normals" name="meshId16-normals">
					<float_array id="meshId16-normals-array" count="105"> 
						-0.970964 0.109598 0.212644 -0.978406 0.064992 0.196208 -0.971588 0.095780 0.216434 -0.961172 0.144335 0.235192 -0.981911 0.000000 0.189345 -0.978859 0.000000 0.204536 -0.965217 0.000001 0.261449 -0.954212 0.129737 0.269531 -0.942544 0.178658 0.282299 -0.978406 -0.064991 0.196207 -0.971588 -0.095780 0.216433 -0.970964 -0.109595 0.212644 -0.961172 -0.144337 0.235190 -0.942545 -0.178663 0.282292 -0.954213 -0.129739 0.269527 -0.923015 0.145865 0.356042 -0.915341 0.195837 0.351851 -0.932958 0.000001 0.359985 -0.888859 -0.000000 0.458180 -0.885995 0.133970 0.443919 -0.886673 0.184732 0.423893 -0.923014 -0.145864 0.356046 -0.915340 -0.195839 0.351852 -0.886673 -0.184730 0.423894 -0.885995 -0.133969 0.443920 -0.860160 0.101071 0.499910 -0.866037 0.152532 0.476144 -0.857138 0.000001 0.515088 -0.847778 0.000003 0.530351 -0.850067 0.069022 0.522133 -0.856545 0.116464 0.502758 -0.860159 -0.101072 0.499911 -0.866040 -0.152533 0.476139 -0.856535 -0.116472 0.502774 -0.850063 -0.069020 0.522138 
					</float_array>
					<technique_common>
						<accessor count="35" offset="0" source="#meshId16-normals-array" stride="3">
							<param name="X" type="float" />
							<param name="Y" type="float" />
							<param name="Z" type="float" />
						</accessor>
					</technique_common>
				</source>
				<source id="meshId16-tangents" name="meshId16-tangents">
					<float_array id="meshId16-tangents-array" count="105"> 
						0.071869 0.981459 -0.177688 0.030544 0.984318 -0.173737 0.055484 0.981147 -0.185126 0.098208 0.975421 -0.197254 -0.030199 0.987199 -0.156610 -0.032627 0.987195 -0.156148 -0.041637 0.987236 -0.153722 0.077788 0.977672 -0.195209 0.121309 0.970346 -0.209074 -0.092841 0.986313 -0.136260 -0.124636 0.984443 -0.123849 -0.136945 0.983473 -0.118437 -0.172505 0.979518 -0.103857 -0.210723 0.973634 -0.087367 -0.163827 0.980559 -0.108003 0.077756 0.976976 -0.198674 0.124912 0.968760 -0.214244 -0.057135 0.987324 -0.148078 -0.072949 0.987244 -0.141518 0.052026 0.980029 -0.191926 0.102691 0.972506 -0.209013 -0.190827 0.977073 -0.094413 -0.235887 0.968932 -0.074355 -0.235524 0.969328 -0.070227 -0.192820 0.977102 -0.089962 0.012587 0.984076 -0.177302 0.064569 0.978473 -0.196012 -0.082210 0.987181 -0.136805 -0.084671 0.987173 -0.135355 -0.020859 0.986185 -0.164326 0.026791 0.982924 -0.182051 -0.171361 0.980459 -0.096618 -0.213045 0.974126 -0.075437 -0.179479 0.980617 -0.078595 -0.144454 0.983912 -0.105117 
					</float_array>
					<technique_common>
						<accessor count="35" offset="0" source="#meshId16-tangents-array" stride="3">
							<param name="X" type="float" />
							<param name="Y" type="float" />
							<param name="Z" type="float" />
						</accessor>
					</technique_common>
				</source>
				<source id="meshId16-bitangents" name="meshId16-bitangents">
					<float_array id="meshId16-bitangents-array" count="105"> 
						-0.228176 -0.157246 -0.960838 -0.204423 -0.163992 -0.965048 -0.230085 -0.167857 -0.958585 -0.257882 -0.166497 -0.951722 -0.186921 -0.159495 -0.969341 -0.201917 -0.159520 -0.966324 -0.258112 -0.159261 -0.952898 -0.288839 -0.165305 -0.942999 -0.311280 -0.162816 -0.936267 -0.184666 -0.151534 -0.971049 -0.201203 -0.147306 -0.968410 -0.196149 -0.144119 -0.969925 -0.215383 -0.140396 -0.966385 -0.259240 -0.141833 -0.955342 -0.250275 -0.147214 -0.956917 -0.376824 -0.155694 -0.913106 -0.382816 -0.152155 -0.911208 -0.355422 -0.158718 -0.921132 -0.452336 -0.159214 -0.877521 -0.460766 -0.146951 -0.875271 -0.450850 -0.141797 -0.881265 -0.334111 -0.155088 -0.929687 -0.326359 -0.151058 -0.933098 -0.397919 -0.162105 -0.902985 -0.421703 -0.165303 -0.891539 -0.509869 -0.146215 -0.847735 -0.495793 -0.139010 -0.857243 -0.508485 -0.159606 -0.846150 -0.523548 -0.159656 -0.836903 -0.526262 -0.150579 -0.836884 -0.515376 -0.142466 -0.845039 -0.480376 -0.168772 -0.860671 -0.452313 -0.166770 -0.876128 -0.483875 -0.157556 -0.860837 -0.506483 -0.164781 -0.846358 
					</float_array>
					<technique_common>
						<accessor count="35" offset="0" source="#meshId16-bitangents-array" stride="3">
							<param name="X" type="float" />
							<param name="Y" type="float" />
							<param name="Z" type="float" />
						</accessor>
					</technique_common>
				</source>
				<source id="meshId16-tex0" name="meshId16-tex0">
					<float_array id="meshId16-tex0-array" count="70"> 
						0.788822 0.038758 0.783580 0.042555 0.784384 0.035099 0.792580 0.033493 0.777434 0.044567 0.776148 0.036500 0.775011 0.029366 0.784671 0.028173 0.794553 0.027343 0.770966 0.044566 0.767884 0.037729 0.764803 0.042587 0.759595 0.038751 0.755808 0.033519 0.765458 0.031236 0.784177 0.022176 0.794499 0.020898 0.774095 0.023619 0.773205 0.018036 0.782766 0.016448 0.792488 0.014783 0.764063 0.025382 0.753855 0.027376 0.753866 0.020939 0.763623 0.019499 0.780375 0.010292 0.788671 0.009610 0.772141 0.011364 0.770954 0.003916 0.777357 0.003906 0.783472 0.005840 0.763982 0.012905 0.755885 0.014836 0.759655 0.009637 0.764865 0.005897 
					</float_array>
					<technique_common>
						<accessor count="35" offset="0" source="#meshId16-tex0-array" stride="2">
							<param name="S" type="float" />
							<param name="T" type="float" />
						</accessor>
					</technique_common>
				</source>
				<vertices id="meshId16-vertices">
					<input semantic="POSITION" source="#meshId16-positions" />
				</vertices>
				<polylist count="48" material="defaultMaterial">
					<input offset="0" semantic="VERTEX" source="#meshId16-vertices" />
					<input offset="0" semantic="NORMAL" source="#meshId16-normals" />
					<input offset="0" semantic="TANGENT" source="#meshId16-tangents" />
					<input offset="0" semantic="BINORMAL" source="#meshId16-bitangents" />
					<input offset="0" semantic="TEXCOORD" source="#meshId16-tex0" set="0" />
					<vcount>
						3 3 3 3 3 3 3 3 3 3 3 3 3 3 3 3 3 3 3 3 3 3 3 3 3 3 3 3 3 3 3 3 3 3 3 3 3 3 3 3 3 3 3 3 3 3 3 3 
					</vcount>
					<p>
						3 0 1 1 2 3 2 1 4 4 5 2 7 2 5 5 6 7 8 3 2 2 7 8 5 4 9 9 10 5 10 9 11 11 12 10 14 10 12 12 13 14 6 5 10 10 14 6 16 8 7 7 15 16 15 7 6 6 17 15 19 15 17 17 18 19 20 16 15 15 19 20 17 6 14 14 21 17 21 14 13 13 22 21 24 21 22 22 23 24 18 17 21 21 24 18 26 20 19 19 25 26 25 19 18 18 27 25 29 25 27 27 28 29 30 26 25 25 29 30 27 18 24 24 31 27 31 24 23 23 32 31 34 31 32 32 33 34 28 27 31 31 34 28 
					</p>
				</polylist>
			</mesh>
		</geometry>
		<geometry id="meshId17" name="meshId17_name" >
			<mesh>
				<source id="meshId17-positions" name="meshId17-positions">
					<float_array id="meshId17-positions-array" count="246"> 
						-1.082477 -1.794966 11.355081 -1.106953 -1.779851 11.565145 -1.267191 -1.944947 11.573839 -1.253141 -1.969283 11.355426 -1.171866 -1.773478 11.723988 -1.302371 -1.884014 11.762461 -1.463351 -1.941767 11.723988 -1.490288 -2.001169 11.565145 -1.489436 -2.029924 11.355081 -1.710705 -1.802010 11.352659 -1.704964 -1.776059 11.540407 -1.730614 -1.684030 11.527689 -1.735236 -1.708992 11.351105 -1.626919 -1.720931 11.720886 -1.660199 -1.630936 11.692736 -1.730614 -1.684030 11.527689 -1.660199 -1.630936 11.692736 -1.639463 -1.585123 11.650723 -1.672902 -1.612821 11.518363 -1.735236 -1.708992 11.351105 -1.673141 -1.634847 11.349895 -1.451805 -1.625187 11.788113 -1.500002 -1.541707 11.753630 -1.281332 -1.521406 11.720886 -1.342630 -1.447587 11.692736 -1.500002 -1.541707 11.753630 -1.342630 -1.447587 11.692736 -1.392672 -1.442639 11.650723 -1.516433 -1.513248 11.676865 -1.169222 -1.489385 11.352659 -1.194567 -1.481380 11.540407 -1.111063 -1.612647 11.555902 -1.085348 -1.620652 11.354086 -1.200486 -1.652728 11.744772 -1.591742 -1.778674 11.224261 -1.413049 -1.692316 11.216992 -1.332334 -1.832117 11.215263 -1.516773 -1.917260 11.221646 -1.248914 -1.580742 11.224261 -1.166378 -1.714959 11.221646 -1.139531 -1.831805 11.222619 -1.266536 -1.946081 11.219506 -1.429006 -1.998934 11.222619 -1.503667 -1.535359 11.349463 -1.498199 -1.544830 11.259388 -1.656231 -1.639082 11.259324 -1.332771 -1.438334 11.349895 -1.337559 -1.455096 11.259324 -1.368314 -1.487479 11.233763 -1.489592 -1.559738 11.230945 -1.612809 -1.628639 11.233763 -1.711549 -1.713927 11.257650 -1.683982 -1.809552 11.254848 -1.711549 -1.713927 11.257650 -1.628676 -1.682103 11.228138 -1.683982 -1.809552 11.254848 -1.245835 -1.981937 11.245992 -1.086983 -1.816764 11.247579 -1.468306 -2.036921 11.247579 -1.245835 -1.981937 11.245992 -1.468306 -2.036921 11.247579 -1.086983 -1.816764 11.247579 -1.091383 -1.649724 11.250873 -1.176052 -1.516298 11.254848 
						-1.091383 -1.649724 11.250873 -1.176052 -1.516298 11.254848 -1.513271 -1.518726 11.519420 -1.351967 -1.427529 11.518363 -1.237513 -1.421631 11.351105 -1.245083 -1.444612 11.257650 -1.237513 -1.421631 11.351105 -1.245083 -1.444612 11.257650 -1.314079 -1.500470 11.228138 -1.638960 -1.940281 11.354086 -1.610766 -1.949590 11.250873 -1.610766 -1.949590 11.250873 -1.465722 -1.601083 11.221132 -1.261441 -1.413152 11.527689 -1.261441 -1.413152 11.527689 -1.372900 -1.761854 11.815575 -1.553613 -1.856606 11.744772 -1.633036 -1.914008 11.555902 
					</float_array>
					<technique_common>
						<accessor count="82" offset="0" source="#meshId17-positions-array" stride="3">
							<param name="X" type="float" />
							<param name="Y" type="float" />
							<param name="Z" type="float" />
						</accessor>
					</technique_common>
				</source>
				<source id="meshId17-normals" name="meshId17-normals">
					<float_array id="meshId17-normals-array" count="246"> 
						0.936145 -0.342847 0.078033 0.908059 -0.325616 0.263443 0.486228 -0.842171 0.233090 0.495885 -0.858898 0.128028 0.740555 -0.269633 0.615529 0.346896 -0.600843 0.720174 -0.136769 -0.776157 0.615528 -0.172037 -0.949211 0.263442 -0.171159 -0.982148 0.078034 -0.930389 -0.359771 -0.070293 -0.907715 -0.324337 0.266193 -0.969301 0.189173 0.157067 -0.976079 0.182968 -0.117442 -0.664699 -0.123820 0.736780 -0.765377 0.301905 0.568376 -0.969301 0.189173 0.157067 -0.765377 0.301905 0.568376 -0.634268 0.752754 0.176257 -0.670427 0.741584 -0.024090 -0.976079 0.182968 -0.117442 -0.656931 0.742430 -0.131299 -0.123331 0.213615 0.969102 -0.315037 0.545655 0.776538 0.439580 0.513736 0.736780 0.121226 0.813788 0.568377 -0.315037 0.545655 0.776538 0.121226 0.813788 0.568377 -0.334773 0.925668 0.176257 -0.487019 0.843539 0.226395 0.776765 0.625856 -0.070293 0.734740 0.623938 0.266193 0.907270 0.316108 0.277375 0.952013 0.305564 -0.017388 0.616496 0.232415 0.752274 -0.169359 -0.046727 -0.984446 -0.013531 0.023437 -0.999634 0.003396 -0.005884 -0.999977 -0.146474 -0.131675 -0.980412 0.125144 0.123307 -0.984446 0.187275 0.061011 -0.980411 0.296310 -0.176550 -0.938632 0.180378 -0.312422 -0.932661 0.004746 -0.344885 -0.938633 -0.496413 0.859811 -0.119579 -0.474937 0.822602 -0.312668 -0.602292 0.632510 -0.487006 -0.314499 0.940134 -0.131299 -0.246628 0.837854 -0.487006 -0.235532 0.536736 -0.810209 -0.289855 0.502017 -0.814839 -0.347079 0.472336 -0.810207 -0.785167 0.138770 -0.603536 -0.700297 -0.271908 -0.660038 -0.785167 0.138770 -0.603536 -0.273559 0.116269 -0.954802 -0.700297 -0.271908 -0.660038 0.465745 -0.806693 -0.363768 0.818368 -0.318598 -0.478298 -0.133273 -0.868024 -0.478303 0.465745 -0.806693 -0.363768 -0.133273 -0.868024 -0.478303 0.818368 -0.318598 -0.478298 0.771163 0.226403 -0.595020 0.585627 0.470521 -0.660039 
						0.771163 0.226403 -0.595020 0.585627 0.470521 -0.660039 -0.498439 0.863320 -0.078976 -0.307019 0.951398 -0.024090 0.329582 0.936794 -0.117442 0.272401 0.749359 -0.603538 0.329582 0.936794 -0.117442 0.272401 0.749359 -0.603538 0.036085 0.295042 -0.954803 -0.740633 -0.671685 -0.017388 -0.581653 -0.554643 -0.595021 -0.581653 -0.554643 -0.595021 -0.055610 0.096311 -0.993797 0.320820 0.934026 0.157067 0.320820 0.934026 0.157067 0.038519 -0.066713 0.997028 -0.509524 -0.417694 0.752275 -0.727392 -0.627666 0.277375 
					</float_array>
					<technique_common>
						<accessor count="82" offset="0" source="#meshId17-normals-array" stride="3">
							<param name="X" type="float" />
							<param name="Y" type="float" />
							<param name="Z" type="float" />
						</accessor>
					</technique_common>
				</source>
				<source id="meshId17-tangents" name="meshId17-tangents">
					<float_array id="meshId17-tangents-array" count="246"> 
						-0.022397 -0.279619 -0.959850 0.148732 -0.337304 -0.929572 0.202355 -0.150977 -0.967604 0.099054 -0.090524 -0.990956 0.410728 -0.543351 -0.732170 0.462456 -0.558449 -0.688672 0.504169 -0.589410 -0.631197 0.429180 -0.312936 -0.847275 0.335037 -0.132503 -0.932841 0.329314 -0.736076 -0.591393 0.237557 -0.920198 -0.311130 -0.215259 -0.961600 -0.170261 -0.078346 -0.799879 -0.595025 0.273521 -0.958035 0.085758 -0.037630 -0.902627 0.428776 0.196971 0.979766 0.035522 0.480781 0.855313 0.193103 0.767517 0.640475 0.026616 0.741934 0.670379 -0.011207 0.203117 0.960064 -0.192408 0.753550 0.652227 -0.082237 0.554114 -0.795315 0.245827 0.499080 -0.600695 0.624568 0.787383 -0.615108 -0.040873 0.932643 -0.289410 0.215452 0.875953 0.482110 0.016602 0.984103 -0.023664 -0.176014 0.941448 0.336515 0.020829 0.868301 0.495576 0.021387 0.391951 -0.567764 -0.723891 0.654335 -0.548395 -0.520681 0.412324 -0.538814 -0.734621 0.144882 -0.499979 -0.853833 0.658908 -0.675317 -0.331342 0.803948 0.571229 -0.165421 0.857843 0.513912 0.000437 0.857269 0.514869 -0.000118 0.826948 0.527602 -0.194406 0.870877 0.461701 0.168537 0.842639 0.502988 0.192259 0.830169 0.533543 0.161715 0.856791 0.515616 -0.007016 0.854009 0.489720 -0.175622 0.864336 0.502347 0.023882 0.862088 0.506262 0.022432 0.768390 0.624724 -0.138912 0.938045 0.328993 0.108786 0.921991 0.357648 0.148393 0.878977 0.473320 0.058035 0.856826 0.515447 0.012773 0.841830 0.537678 -0.047169 0.323328 -0.739337 -0.590626 0.657316 -0.606248 -0.447660 0.471595 0.765646 -0.437475 0.777918 0.610559 -0.148530 0.494650 0.481816 -0.723308 -0.077630 0.372244 -0.924883 -0.518505 -0.050404 -0.853588 0.525761 0.347180 -0.776558 0.861369 0.507479 -0.022547 0.845652 0.152073 -0.511611 0.550608 0.673092 0.493739 -0.377331 -0.590234 -0.713614 -0.003923 -0.812624 -0.582775 
						0.477396 0.412688 0.775746 0.664599 0.187456 0.723304 0.864937 0.501394 0.022091 0.949578 0.307926 0.059020 0.922859 -0.293401 0.249495 0.885984 0.049296 0.461088 0.602179 -0.304385 -0.738058 0.311669 -0.662159 -0.681474 0.896818 0.411985 0.161200 0.432566 -0.456847 -0.777289 0.785135 -0.191526 -0.588966 0.588812 0.217609 -0.778426 0.854060 0.520167 0.002620 0.946482 -0.322340 -0.016406 0.868537 -0.223977 -0.442129 0.565475 -0.821183 -0.076794 0.393260 -0.890664 -0.228174 0.403094 -0.717936 -0.567523 
					</float_array>
					<technique_common>
						<accessor count="82" offset="0" source="#meshId17-tangents-array" stride="3">
							<param name="X" type="float" />
							<param name="Y" type="float" />
							<param name="Z" type="float" />
						</accessor>
					</technique_common>
				</source>
				<source id="meshId17-bitangents" name="meshId17-bitangents">
					<float_array id="meshId17-bitangents-array" count="246"> 
						0.350901 0.896811 -0.269442 0.391544 0.883289 -0.257863 0.850080 0.517643 0.097008 0.862720 0.504082 0.040187 0.531865 0.795027 -0.291636 0.815964 0.571947 0.084140 0.852706 0.224002 0.471927 0.886684 -0.032698 0.461219 0.926528 -0.133520 0.351735 0.161025 -0.573374 0.803314 0.345861 -0.219182 0.912326 0.118827 -0.198844 0.972801 -0.202810 -0.571590 0.795080 0.695242 0.258528 0.670672 0.642481 0.306787 0.702210 -0.147169 0.065369 -0.986949 -0.427841 0.421061 -0.799787 -0.092853 0.152162 -0.983984 0.007839 -0.025387 -0.999647 0.077547 -0.211660 -0.974262 0.024582 -0.152964 -0.987926 0.823254 0.567311 -0.020280 0.807262 0.584317 -0.083084 0.432201 0.598095 -0.674896 0.339827 0.503974 -0.794058 -0.365318 0.685441 -0.629851 -0.129788 0.580679 -0.803720 -0.040032 0.172909 -0.984124 -0.094155 0.206995 -0.973801 -0.492961 0.534742 -0.686324 -0.178894 0.556745 -0.811192 -0.082766 0.780868 -0.619189 -0.269594 0.810340 -0.520257 0.431014 0.699950 -0.569470 0.570074 -0.819459 -0.059177 0.513734 -0.857523 -0.027059 0.514858 -0.857249 0.006792 0.542866 -0.839224 0.031608 0.475301 -0.878424 -0.049606 0.504865 -0.862137 0.042787 0.472249 -0.827141 0.304661 0.483087 -0.797830 0.360686 0.520237 -0.800768 0.296859 0.080604 -0.091501 -0.992537 0.176745 -0.258893 -0.949598 0.216381 -0.457876 -0.862281 0.145469 -0.088951 -0.985356 0.298509 -0.412417 -0.860700 0.414638 -0.698486 -0.583260 0.426419 -0.694473 -0.579547 0.413351 -0.698427 -0.584243 -0.528178 -0.658880 0.535635 -0.278425 -0.747348 0.603283 0.401387 -0.628116 -0.666603 0.565693 -0.783390 -0.257472 0.514690 -0.833018 -0.202915 0.881507 0.458999 0.110747 0.247844 0.946549 -0.206444 0.840127 -0.354967 0.410103 0.202794 -0.302837 0.931217 0.516828 -0.472661 0.713779 0.164634 -0.667415 0.726260 -0.512765 0.774833 -0.369738 -0.810571 0.343878 -0.474049 
						0.421188 -0.882287 0.210166 0.464058 -0.862247 -0.202929 0.058669 -0.057298 -0.996632 0.063570 -0.004755 -0.997966 0.199267 -0.190611 -0.961228 0.375272 -0.660326 -0.650492 -0.727156 0.172530 -0.664438 -0.910307 -0.002470 -0.413925 0.440925 -0.862101 -0.249733 0.514150 -0.583207 0.628904 0.212704 -0.809746 0.546872 0.561230 -0.803130 0.200008 0.517193 -0.848617 -0.111182 0.035306 0.153924 -0.987452 -0.377781 0.278262 -0.883092 0.823866 0.566752 0.006093 0.765332 0.179579 0.618077 0.555353 -0.301003 0.775230 
					</float_array>
					<technique_common>
						<accessor count="82" offset="0" source="#meshId17-bitangents-array" stride="3">
							<param name="X" type="float" />
							<param name="Y" type="float" />
							<param name="Z" type="float" />
						</accessor>
					</technique_common>
				</source>
				<source id="meshId17-tex0" name="meshId17-tex0">
					<float_array id="meshId17-tex0-array" count="164"> 
						0.714247 0.929152 0.701200 0.925923 0.702779 0.910296 0.717522 0.908805 0.691441 0.921168 0.690254 0.911563 0.689494 0.901914 0.698104 0.895301 0.710241 0.889527 0.690539 0.871538 0.680208 0.882372 0.674156 0.879473 0.684261 0.867754 0.672382 0.896559 0.665865 0.894886 0.738297 0.891713 0.746115 0.877345 0.750017 0.881271 0.746058 0.892282 0.737134 0.907382 0.745118 0.906507 0.670486 0.913561 0.663351 0.914283 0.675747 0.929840 0.669697 0.932783 0.762161 0.872035 0.777998 0.877940 0.773953 0.881718 0.762029 0.879134 0.698545 0.950720 0.686254 0.942173 0.694469 0.935327 0.707114 0.941676 0.684722 0.925465 0.744483 0.927143 0.761095 0.929205 0.760849 0.942379 0.743694 0.940337 0.777773 0.927764 0.778070 0.940978 0.774739 0.950448 0.760645 0.953360 0.746669 0.949925 0.761524 0.906210 0.761384 0.913703 0.746593 0.913880 0.777907 0.907119 0.776158 0.914432 0.772626 0.916491 0.761333 0.916475 0.750047 0.916070 0.689746 0.862354 0.696571 0.866628 0.739092 0.916013 0.746505 0.918898 0.736343 0.924568 0.724955 0.908054 0.722196 0.929466 0.717966 0.887627 0.760567 0.957548 0.741790 0.951482 0.779557 0.952187 0.714803 0.943615 0.705437 0.954323 
						0.786704 0.939379 0.786003 0.925494 0.761784 0.892260 0.777498 0.892868 0.785853 0.908290 0.783575 0.916843 0.693151 0.955683 0.699606 0.959877 0.776059 0.919449 0.700745 0.878684 0.707891 0.875245 0.735124 0.938417 0.761257 0.920533 0.785275 0.892589 0.680905 0.946225 0.680969 0.912501 0.682051 0.899049 0.689627 0.887435 
					</float_array>
					<technique_common>
						<accessor count="82" offset="0" source="#meshId17-tex0-array" stride="2">
							<param name="S" type="float" />
							<param name="T" type="float" />
						</accessor>
					</technique_common>
				</source>
				<vertices id="meshId17-vertices">
					<input semantic="POSITION" source="#meshId17-positions" />
				</vertices>
				<polylist count="128" material="defaultMaterial">
					<input offset="0" semantic="VERTEX" source="#meshId17-vertices" />
					<input offset="0" semantic="NORMAL" source="#meshId17-normals" />
					<input offset="0" semantic="TANGENT" source="#meshId17-tangents" />
					<input offset="0" semantic="BINORMAL" source="#meshId17-bitangents" />
					<input offset="0" semantic="TEXCOORD" source="#meshId17-tex0" set="0" />
					<vcount>
						3 3 3 3 3 3 3 3 3 3 3 3 3 3 3 3 3 3 3 3 3 3 3 3 3 3 3 3 3 3 3 3 3 3 3 3 3 3 3 3 3 3 3 3 3 3 3 3 3 3 3 3 3 3 3 3 3 3 3 3 3 3 3 3 
						3 3 3 3 3 3 3 3 3 3 3 3 3 3 3 3 3 3 3 3 3 3 3 3 3 3 3 3 3 3 3 3 3 3 3 3 3 3 3 3 3 3 3 3 3 3 3 3 3 3 3 3 3 3 3 3 3 3 3 3 3 3 3 3 
					</vcount>
					<p>
						3 0 1 1 2 3 2 1 4 4 5 2 7 2 5 5 6 7 8 3 2 2 7 8 12 9 10 10 11 12 11 10 13 13 14 11 18 15 16 16 17 18 20 19 15 15 18 20 14 13 21 21 22 14 22 21 23 23 24 22 28 25 26 26 27 28 17 16 25 25 28 17 32 29 30 30 31 32 31 30 23 23 33 31 1 31 33 33 4 1 0 32 31 31 1 0 37 34 35 35 36 37 36 35 38 38 39 36 41 36 39 39 40 41 42 37 36 36 41 42 45 20 43 43 44 45 44 43 46 46 47 44 49 44 47 47 48 49 50 45 44 44 49 50 52 9 12 12 51 52 53 19 20 20 45 53 54 53 45 45 50 54 34 55 53 53 54 34 57 0 3 3 56 57 56 3 8 8 58 56 41 59 60 60 42 41 40 61 59 59 41 40 
						63 29 32 32 62 63 62 32 0 0 57 62 39 64 61 61 40 39 38 65 64 64 39 38 43 20 18 18 66 43 66 18 17 17 28 66 67 66 28 28 27 67 46 43 66 66 67 46 47 46 68 68 69 47 71 70 29 29 63 71 72 69 65 65 38 72 48 47 69 69 72 48 58 8 73 73 74 58 74 73 9 9 52 74 37 75 55 55 34 37 42 60 75 75 37 42 54 50 49 49 76 54 76 49 48 48 72 76 35 76 72 72 38 35 34 54 76 76 35 34 68 46 67 67 77 68 77 67 27 27 26 77 30 78 24 24 23 30 29 70 78 78 30 29 80 6 5 5 79 80 79 5 4 4 33 79 21 79 33 33 23 21 13 80 79 79 21 13 73 8 7 7 81 73 81 7 6 6 80 81 10 81 80 80 13 10 9 73 81 81 10 9 
					</p>
				</polylist>
			</mesh>
		</geometry>
		<geometry id="meshId18" name="meshId18_name" >
			<mesh>
				<source id="meshId18-positions" name="meshId18-positions">
					<float_array id="meshId18-positions-array" count="348"> 
						0.065797 4.627299 -0.014688 0.266456 4.601307 0.004495 0.265139 4.599027 -0.221418 0.100146 4.622729 -0.235608 0.265139 4.599027 -0.221418 0.368165 4.467991 -0.235611 0.330366 4.468084 -0.296110 0.240812 4.556892 -0.299647 0.100146 4.622729 -0.235608 0.119126 4.590044 -0.296110 0.172304 4.438232 -0.359797 0.040252 4.502325 -0.337930 0.293836 4.355917 -0.337930 0.208833 4.267663 -0.358916 0.097936 4.309423 -0.376212 0.006323 4.384583 -0.358915 0.389294 4.440527 -0.014686 0.368165 4.467991 -0.235611 -0.114112 4.290580 -0.116983 -0.084351 4.490005 -0.065836 -0.022065 4.516443 -0.277104 -0.043718 4.357127 -0.316546 -0.022065 4.516443 -0.277104 -0.043718 4.357127 -0.316546 0.345469 4.241848 -0.065834 0.337222 4.309011 -0.277105 0.337222 4.309011 -0.277105 0.210077 4.210599 -0.316548 0.187643 4.116363 -0.116982 0.210077 4.210599 -0.316548 0.003990 4.146703 -0.136161 0.057313 4.239062 -0.332793 0.057313 4.239062 -0.332793 0.014576 3.699824 3.768886 -0.022994 3.486599 3.715614 0.184230 3.851120 1.879356 0.229180 4.076108 1.936418 -0.200537 3.365345 3.662344 0.000335 3.716844 1.822295 0.133909 3.978663 0.464130 0.310716 4.115449 0.520644 0.358615 4.335689 0.577160 -1.003072 1.992077 10.522672 -1.036072 1.813940 10.494357 -0.813740 2.160279 9.228468 -0.782210 2.347207 9.272790 -1.189980 1.716099 10.466044 -0.974869 2.059678 9.184146 -0.704330 2.501842 7.470724 -0.535673 2.607210 7.519256 -0.504539 2.804076 7.567789 -0.388312 3.932432 3.768886 -0.144901 3.888815 3.788863 0.073992 4.267951 1.957818 -0.169743 4.306425 1.936421 0.217777 4.516994 0.598352 -0.009656 4.548310 0.577162 -1.373124 1.761469 10.455429 -1.171695 2.110356 9.167525 -1.373124 1.761469 10.455429 -1.503989 1.897392 10.466044 -1.313996 2.255474 9.184146 -1.171695 2.110356 9.167525 -1.066340 2.710849 7.470724 
						-0.914183 2.556380 7.452526 -0.914183 2.556380 7.452526 -1.298216 1.546233 11.122505 -1.473027 1.588432 11.123808 -1.335931 1.487955 11.393881 -1.508509 1.526976 11.401664 -1.473027 1.588432 11.123808 -1.508509 1.526976 11.401664 -1.628591 1.656923 11.393881 -1.596979 1.718723 11.122506 -1.115480 1.814692 11.115561 -1.149058 1.642217 11.119034 -1.148400 1.763085 11.352371 -1.185324 1.587957 11.373124 -1.358439 2.197248 10.522672 -1.455854 2.011207 11.115561 -1.249762 1.975140 11.114260 -1.143971 2.158375 10.533288 -1.484087 1.956894 11.352371 -1.279597 1.923464 11.344588 -1.588432 1.895890 11.119035 -1.496210 2.079601 10.494358 -1.617291 1.837353 11.373124 -0.072245 4.014660 0.442937 -0.072245 4.014660 0.442937 -0.206495 4.175198 0.464130 0.003990 4.146703 -0.136161 -0.176439 4.396708 0.520645 -0.570423 3.578899 3.662342 -0.554183 3.793283 3.715613 -0.342114 4.155003 1.879354 -0.366450 3.928609 1.822291 -0.933746 2.522494 9.289411 -1.161318 2.566085 9.272790 -0.665101 2.987803 7.585985 -0.904494 3.034990 7.567788 -0.418307 3.415262 3.642366 -0.218851 3.760730 1.800892 -0.418307 3.415262 3.642366 -0.218851 3.760730 1.800892 -0.394019 3.457330 5.712895 -0.229293 3.267278 5.693651 -0.640972 3.504961 5.693649 -0.803929 3.372123 5.642326 -0.814168 3.163193 5.591003 -1.059417 2.909594 7.519257 -0.262856 3.059732 5.642326 -0.438674 2.946402 5.591003 -0.657433 3.001083 5.571756 -0.657433 3.001083 5.571756 -1.307437 2.445315 9.228468 0.057313 4.239062 -0.332793 
					</float_array>
					<technique_common>
						<accessor count="116" offset="0" source="#meshId18-positions-array" stride="3">
							<param name="X" type="float" />
							<param name="Y" type="float" />
							<param name="Z" type="float" />
						</accessor>
					</technique_common>
				</source>
				<source id="meshId18-normals" name="meshId18-normals">
					<float_array id="meshId18-normals-array" count="348"> 
						-0.292121 0.956230 0.016997 0.498362 0.863189 0.080876 0.486565 0.842762 -0.230232 -0.224166 0.931499 -0.286461 0.486565 0.842762 -0.230232 0.918782 0.271618 -0.286467 0.648298 0.293373 -0.702597 0.345070 0.597686 -0.723670 -0.224166 0.931499 -0.286461 -0.070088 0.708139 -0.702586 0.129917 0.225024 -0.965653 -0.328565 0.435768 -0.837945 0.541663 -0.066662 -0.837949 0.265176 -0.342248 -0.901414 -0.114684 -0.198631 -0.973341 -0.428987 0.058530 -0.901412 0.974180 0.225130 0.017002 0.918782 0.271618 -0.286467 -0.931136 -0.220679 -0.290322 -0.861616 0.491823 -0.125411 -0.744218 0.523356 -0.415016 -0.796420 -0.115575 -0.593597 -0.744218 0.523356 -0.415016 -0.796420 -0.115575 -0.593597 0.856738 -0.500272 -0.125410 0.825349 -0.382831 -0.415018 0.825349 -0.382831 -0.415018 0.298122 -0.747508 -0.593595 0.274456 -0.916727 -0.290321 0.298122 -0.747508 -0.593595 -0.465777 -0.806752 -0.363597 -0.369978 -0.640820 -0.672656 -0.369978 -0.640820 -0.672656 0.957913 0.233408 0.167103 0.843179 -0.537511 -0.011439 0.845613 -0.533557 -0.016003 0.964897 0.218346 0.145943 0.212696 -0.961886 -0.171862 0.236556 -0.958411 -0.159656 0.259892 -0.948857 -0.179240 0.850324 -0.524670 -0.040877 0.971584 0.209232 0.110667 0.943587 0.228549 0.239600 0.829946 -0.557830 -0.003903 0.833283 -0.552801 -0.007055 0.946062 0.233082 0.225032 0.177342 -0.958507 -0.223191 0.182646 -0.957719 -0.222293 0.184847 -0.960092 -0.209894 0.836977 -0.547174 -0.008399 0.947850 0.240764 0.208839 -0.276821 0.946281 0.167102 0.485331 0.840618 0.240449 0.487951 0.845157 0.218205 -0.293356 0.944798 0.145943 0.491551 0.851391 0.183061 -0.304592 0.946032 0.110667 -0.478039 -0.827987 -0.293114 -0.478059 -0.828022 -0.292984 -0.478039 -0.827987 -0.293114 -0.918762 -0.325671 -0.223191 -0.920732 -0.320683 -0.222293 -0.478059 -0.828022 -0.292984 -0.923887 -0.319963 -0.209894 
						-0.480623 -0.832463 -0.275695 -0.480623 -0.832463 -0.275695 0.167975 -0.964763 -0.202525 -0.482011 -0.834869 -0.265816 0.102009 -0.975338 -0.195731 -0.484665 -0.839466 -0.245758 -0.482011 -0.834869 -0.265816 -0.484665 -0.839466 -0.245758 -0.895672 -0.399326 -0.195731 -0.919497 -0.336911 -0.202524 0.950223 0.225993 0.214484 0.823645 -0.567052 -0.007768 0.968826 0.176479 0.173874 0.771084 -0.636128 -0.027739 -0.273865 0.931445 0.239600 -0.279398 0.935913 0.214484 0.477035 0.826250 0.299580 0.472007 0.817540 0.329907 -0.331581 0.927266 0.173874 0.483820 0.838004 0.252326 -0.902904 0.429771 -0.007767 -0.898068 0.439838 -0.003903 -0.936446 0.349715 -0.027738 -0.486012 -0.841795 -0.234891 -0.486012 -0.841795 -0.234891 -0.951680 -0.249355 -0.179239 -0.465777 -0.806752 -0.363597 -0.879540 0.474066 -0.040877 -0.939366 -0.296740 -0.171861 -0.887087 0.461460 -0.011439 -0.884881 0.465542 -0.016003 -0.948286 -0.274341 -0.159656 0.475275 0.823200 0.310571 -0.271177 0.935854 0.225032 0.478622 0.828997 0.289283 -0.265418 0.941244 0.208839 -0.486891 -0.843318 -0.227492 -0.488497 -0.846098 -0.213280 -0.486891 -0.843318 -0.227492 -0.488497 -0.846098 -0.213280 0.482301 0.835370 0.263708 0.951998 0.242033 0.187403 -0.266393 0.945471 0.187403 -0.889427 0.456941 -0.011112 -0.930039 -0.312841 -0.192764 -0.892355 0.451257 -0.008399 0.840435 -0.541798 -0.011112 0.194090 -0.961858 -0.192764 -0.483762 -0.837900 -0.252779 -0.483762 -0.837900 -0.252779 -0.895382 0.445243 -0.007055 -0.369978 -0.640820 -0.672656 
					</float_array>
					<technique_common>
						<accessor count="116" offset="0" source="#meshId18-normals-array" stride="3">
							<param name="X" type="float" />
							<param name="Y" type="float" />
							<param name="Z" type="float" />
						</accessor>
					</technique_common>
				</source>
				<source id="meshId18-tangents" name="meshId18-tangents">
					<float_array id="meshId18-tangents-array" count="348"> 
						-0.940565 -0.284026 -0.186192 -0.866056 0.499946 0.000761 -0.865659 0.500625 0.003075 -0.940588 -0.283720 -0.186539 -0.040535 0.285024 0.957663 -0.013877 0.747438 0.664186 0.165807 0.846240 0.506346 0.160414 0.722128 0.672903 0.337044 0.349905 0.874053 0.270424 0.691432 0.669920 0.291495 0.922202 0.254116 0.294985 0.890166 0.347259 0.329189 0.934054 0.138485 0.387630 0.893847 -0.225343 0.281762 0.933064 -0.223610 0.234551 0.970889 -0.048583 -0.224335 0.956760 0.185160 -0.225091 0.956598 0.185082 0.281552 -0.941001 -0.187737 -0.450312 -0.854729 -0.258183 -0.454594 -0.852103 -0.259354 0.277193 -0.942149 -0.188467 0.356214 0.836590 0.416207 0.087790 0.949074 -0.302574 0.515035 0.817057 0.259145 0.510364 0.820237 0.258340 0.438009 0.897953 0.042759 0.520461 0.648596 -0.555377 0.955852 0.227123 0.186447 0.954527 0.233035 0.185936 0.871485 -0.489483 -0.030326 0.907410 -0.404584 -0.113663 0.177448 0.661960 -0.728231 -0.261961 0.948824 0.176377 0.521727 0.812912 0.258795 0.518940 0.814685 0.258825 -0.242999 0.953041 0.180732 0.966655 0.181467 0.180688 0.960837 0.206341 0.184975 0.955730 0.226233 0.188147 0.516194 0.816420 0.258849 -0.226954 0.956256 0.184571 -0.260205 0.959305 0.109674 0.551004 0.818657 0.161850 0.537174 0.806579 0.246727 -0.272518 0.948131 0.163653 0.981739 0.156437 0.108237 0.974791 0.146928 0.167915 0.973110 0.148939 0.175712 0.530394 0.807340 0.258621 -0.277924 0.945113 0.171813 -0.952688 -0.247551 -0.176365 -0.866020 0.500009 -0.000043 -0.866018 0.500012 -0.000065 -0.946859 -0.266081 -0.180718 -0.866014 0.500020 -0.000120 -0.941625 -0.281587 -0.184528 0.870314 -0.491525 -0.030936 0.866072 -0.499919 -0.000308 0.861491 -0.507039 0.027279 0.355989 -0.927800 -0.111620 0.359973 -0.917935 -0.166776 0.865786 -0.500412 0.001552 0.357551 -0.917239 -0.175586 
						0.867035 -0.498196 -0.007207 0.864960 -0.501789 0.007260 0.984313 0.175393 -0.019126 0.874617 -0.476509 -0.089358 0.990515 0.117794 -0.070745 0.874515 -0.470811 -0.116446 0.852595 -0.516834 0.077227 0.848215 -0.519673 0.102327 0.394915 -0.916568 0.062815 0.342415 -0.939512 0.008306 -0.229907 0.973188 -0.006862 0.566745 0.823532 -0.024394 -0.167344 0.983688 -0.065987 0.630787 0.769098 -0.102939 -0.960982 -0.254945 -0.107315 -0.957123 -0.289270 0.015452 -0.866980 0.498303 0.006197 -0.866350 0.499434 0.001866 -0.933805 -0.348832 0.079531 -0.866956 0.498330 0.007324 -0.429836 -0.902651 0.021515 -0.433391 -0.886351 -0.162953 -0.350610 -0.930283 0.107917 0.863656 -0.503748 0.018329 0.868087 -0.496073 -0.018348 0.281939 -0.940805 -0.188138 0.859329 -0.510437 0.031738 -0.448965 -0.855277 -0.258710 0.326168 -0.927886 -0.180670 -0.443145 -0.858294 -0.258752 -0.446073 -0.856771 -0.258770 0.301719 -0.935284 -0.184957 -0.865911 0.500198 -0.000700 -0.957257 -0.237780 -0.164680 -0.866010 0.500026 -0.000099 -0.957445 -0.231849 -0.171887 0.863423 -0.504059 0.020613 0.862872 -0.504751 0.026061 0.868237 -0.495722 -0.020596 0.868554 -0.494913 -0.025980 -0.866021 0.500008 -0.000034 -0.274563 0.945841 0.173202 -0.956407 -0.235147 -0.173181 -0.438846 -0.860498 -0.258762 0.346587 -0.921105 -0.177319 -0.433982 -0.863007 -0.258609 0.525787 0.810291 0.258799 0.970992 0.160393 0.177338 0.867665 -0.496975 -0.013166 0.864233 -0.502921 0.013110 -0.429936 -0.868506 -0.246682 0.800885 -0.586944 0.118657 
					</float_array>
					<technique_common>
						<accessor count="116" offset="0" source="#meshId18-tangents-array" stride="3">
							<param name="X" type="float" />
							<param name="Y" type="float" />
							<param name="Z" type="float" />
						</accessor>
					</technique_common>
				</source>
				<source id="meshId18-bitangents" name="meshId18-bitangents">
					<float_array id="meshId18-bitangents-array" count="348"> 
						-0.173214 -0.070378 0.982366 -0.039777 -0.070423 0.996724 0.117851 0.197806 0.973131 -0.255036 0.227626 0.939757 0.872703 -0.456633 0.172844 0.394521 -0.606267 0.690502 0.743114 -0.444758 0.499972 0.924767 -0.348285 0.153307 0.914413 0.099383 -0.392393 0.960187 -0.143043 -0.239959 0.947709 -0.314497 0.054216 0.897234 -0.133083 -0.421022 0.773457 -0.350856 0.527886 0.882850 -0.289660 0.369693 0.952606 -0.299895 -0.051041 0.872328 -0.232269 -0.430227 0.025418 -0.184194 0.982561 0.324305 -0.105569 0.940043 -0.231764 -0.256550 0.938332 -0.234173 -0.165981 0.957921 -0.489370 -0.004352 0.872065 -0.537475 -0.314640 0.782382 0.565022 0.161915 -0.809032 0.598338 -0.293088 -0.745715 -0.027176 -0.286610 0.957662 0.241512 -0.425030 0.872365 0.356297 -0.217072 0.908808 0.800152 -0.143373 0.582409 -0.104982 -0.328675 0.938590 -0.000660 -0.622035 0.782989 -0.153509 -0.330995 0.931062 -0.199309 -0.652427 0.731173 0.911937 -0.388791 -0.131199 -0.117383 -0.212728 0.970035 -0.129806 -0.224179 0.965864 -0.125061 -0.227171 0.965792 -0.099627 -0.209851 0.972644 -0.142614 -0.204563 0.968409 -0.144338 -0.197160 0.969688 -0.137974 -0.220203 0.965647 -0.102438 -0.241206 0.965053 -0.067208 -0.204442 0.976569 -0.204784 -0.165832 0.964657 -0.087090 -0.136477 0.986808 -0.130701 -0.209383 0.969059 -0.175215 -0.216151 0.960510 -0.068831 -0.238311 0.968747 -0.128155 -0.247358 0.960411 -0.137438 -0.236730 0.961805 -0.134730 -0.220914 0.965943 -0.156010 -0.220895 0.962739 -0.125524 -0.208018 0.970037 -0.120263 -0.208212 0.970662 -0.109160 -0.188938 0.975903 -0.131910 -0.191202 0.972647 -0.091637 -0.158475 0.983101 -0.143407 -0.160413 0.976577 -0.118458 -0.269890 0.955577 -0.146213 -0.253892 0.956117 -0.171207 -0.239474 0.955688 -0.170725 -0.182005 0.968363 -0.150568 -0.233576 0.960610 -0.147897 -0.252919 0.956116 -0.136342 -0.237269 0.961828 
						-0.131350 -0.242501 0.961218 -0.144385 -0.234975 0.961218 0.053973 -0.196135 0.979090 -0.052062 -0.275559 0.959873 0.092056 -0.186658 0.978103 -0.017953 -0.271356 0.962311 -0.201858 -0.189409 0.960925 -0.213614 -0.158861 0.963915 -0.204484 -0.021035 0.978644 -0.193072 -0.061710 0.979242 -0.210284 -0.042791 0.976703 0.020230 0.015690 0.999672 -0.182683 0.034833 0.982555 0.086817 0.061877 0.994301 -0.038873 -0.259641 0.964922 0.076506 -0.200970 0.976605 -0.144162 -0.262686 0.954051 -0.163242 -0.286696 0.944012 0.134399 -0.135994 0.981551 -0.119604 -0.222299 0.967615 0.002236 0.022765 0.999738 -0.075132 -0.144651 0.986626 0.011936 0.110784 0.993773 -0.133755 -0.193957 0.971849 -0.101078 -0.212823 0.971849 -0.121716 -0.229581 0.965649 -0.211198 -0.297667 0.931015 -0.157606 -0.209194 0.965090 -0.105856 -0.225771 0.968412 -0.129222 -0.224467 0.965876 -0.134179 -0.221842 0.965806 -0.098582 -0.223564 0.969691 -0.155923 -0.268595 0.950550 -0.100608 -0.260071 0.960334 -0.144731 -0.250475 0.957244 -0.113369 -0.245574 0.962726 -0.132052 -0.186386 0.973562 -0.129703 -0.171302 0.976643 -0.095404 -0.207545 0.973562 -0.083573 -0.197936 0.976646 -0.131884 -0.228360 0.964603 -0.135333 -0.216342 0.966893 -0.119670 -0.225367 0.966896 -0.127800 -0.225273 0.965877 -0.122083 -0.231724 0.965091 -0.123947 -0.227126 0.965945 -0.131213 -0.223347 0.965867 -0.139656 -0.221592 0.965087 -0.114593 -0.225697 0.967434 -0.138113 -0.212118 0.967435 -0.115960 -0.217841 0.969071 -0.470849 -0.494820 0.730380 
					</float_array>
					<technique_common>
						<accessor count="116" offset="0" source="#meshId18-bitangents-array" stride="3">
							<param name="X" type="float" />
							<param name="Y" type="float" />
							<param name="Z" type="float" />
						</accessor>
					</technique_common>
				</source>
				<source id="meshId18-tex0" name="meshId18-tex0">
					<float_array id="meshId18-tex0-array" count="232"> 
						0.756163 0.274496 0.745648 0.274496 0.745648 0.263874 0.756163 0.263874 0.554387 0.018241 0.548984 0.026078 0.547011 0.023069 0.549659 0.017249 0.552588 0.008893 0.549573 0.010855 0.542383 0.015723 0.543685 0.008465 0.540659 0.022893 0.534920 0.020270 0.535103 0.014196 0.537376 0.008561 0.735132 0.274496 0.735132 0.263874 0.783716 0.274496 0.768972 0.274496 0.768972 0.263874 0.783716 0.263874 0.544484 0.003906 0.535225 0.005701 0.722324 0.274496 0.722324 0.263874 0.539559 0.027388 0.531802 0.022025 0.707579 0.274496 0.707579 0.263874 0.699064 0.274496 0.699064 0.263874 0.530386 0.013207 0.735132 0.462235 0.722324 0.462235 0.722324 0.370118 0.735132 0.370118 0.707579 0.462235 0.707579 0.370118 0.707579 0.302801 0.722324 0.302801 0.735132 0.302801 0.735132 0.807913 0.722324 0.807913 0.722324 0.742751 0.735132 0.742751 0.707579 0.807913 0.707579 0.742751 0.707579 0.655191 0.722324 0.655191 0.735132 0.655191 0.756163 0.462235 0.745648 0.462235 0.745648 0.370118 0.756163 0.370118 0.745648 0.302801 0.756163 0.302801 0.699064 0.807913 0.699064 0.742751 0.792231 0.807913 0.783716 0.807913 0.783716 0.742751 0.792231 0.742751 0.783716 0.655191 
						0.792231 0.655191 0.699064 0.655191 0.707579 0.840438 0.699064 0.840438 0.707579 0.853350 0.699064 0.853350 0.792231 0.840438 0.792231 0.853350 0.783716 0.853350 0.783716 0.840438 0.735132 0.840438 0.722324 0.840438 0.735132 0.853350 0.722324 0.853350 0.756163 0.807913 0.756163 0.840438 0.745648 0.840438 0.745648 0.807913 0.756163 0.853350 0.745648 0.853350 0.768972 0.840438 0.768972 0.807913 0.768972 0.853350 0.699064 0.302801 0.792231 0.302801 0.783716 0.302801 0.792231 0.274496 0.768972 0.302801 0.783716 0.462235 0.768972 0.462235 0.768972 0.370118 0.783716 0.370118 0.745648 0.742751 0.756163 0.742751 0.745648 0.655191 0.756163 0.655191 0.699064 0.462235 0.699064 0.370118 0.792231 0.462235 0.792231 0.370118 0.745648 0.559690 0.735132 0.559690 0.756163 0.559690 0.768972 0.559690 0.783716 0.559690 0.768972 0.655191 0.722324 0.559690 0.707579 0.559690 0.792231 0.559690 0.699064 0.559690 0.768972 0.742751 0.792231 0.263874 
					</float_array>
					<technique_common>
						<accessor count="116" offset="0" source="#meshId18-tex0-array" stride="2">
							<param name="S" type="float" />
							<param name="T" type="float" />
						</accessor>
					</technique_common>
				</source>
				<vertices id="meshId18-vertices">
					<input semantic="POSITION" source="#meshId18-positions" />
				</vertices>
				<polylist count="184" material="defaultMaterial">
					<input offset="0" semantic="VERTEX" source="#meshId18-vertices" />
					<input offset="0" semantic="NORMAL" source="#meshId18-normals" />
					<input offset="0" semantic="TANGENT" source="#meshId18-tangents" />
					<input offset="0" semantic="BINORMAL" source="#meshId18-bitangents" />
					<input offset="0" semantic="TEXCOORD" source="#meshId18-tex0" set="0" />
					<vcount>
						3 3 3 3 3 3 3 3 3 3 3 3 3 3 3 3 3 3 3 3 3 3 3 3 3 3 3 3 3 3 3 3 3 3 3 3 3 3 3 3 3 3 3 3 3 3 3 3 3 3 3 3 3 3 3 3 3 3 3 3 3 3 3 3 
						3 3 3 3 3 3 3 3 3 3 3 3 3 3 3 3 3 3 3 3 3 3 3 3 3 3 3 3 3 3 3 3 3 3 3 3 3 3 3 3 3 3 3 3 3 3 3 3 3 3 3 3 3 3 3 3 3 3 3 3 3 3 3 3 
						3 3 3 3 3 3 3 3 3 3 3 3 3 3 3 3 3 3 3 3 3 3 3 3 3 3 3 3 3 3 3 3 3 3 3 3 3 3 3 3 3 3 3 3 3 3 3 3 3 3 3 3 3 3 3 3 
					</vcount>
					<p>
						3 0 1 1 2 3 7 4 5 5 6 7 9 8 4 4 7 9 11 9 7 7 10 11 10 7 6 6 12 10 14 10 12 12 13 14 15 11 10 10 14 15 2 1 16 16 17 2 21 18 19 19 20 21 11 22 8 8 9 11 15 23 22 22 11 15 20 19 0 0 3 20 17 16 24 24 25 17 12 26 27 27 13 12 6 5 26 26 12 6 25 24 28 28 29 25 29 28 30 30 31 29 14 32 23 23 15 14 13 27 32 32 14 13 36 33 34 34 35 36 35 34 37 37 38 35 40 35 38 38 39 40 41 36 35 35 40 41 45 42 43 43 44 45 44 43 46 46 47 44 49 44 47 47 48 49 50 45 44 44 49 50 54 51 52 52 53 54 53 52 33 33 36 53 55 53 36 36 41 55 56 54 53 53 55 56 47 46 57 57 58 47 
						62 59 60 60 61 62 64 62 61 61 63 64 48 47 58 58 65 48 57 46 66 66 67 57 67 66 68 68 69 67 73 70 71 71 72 73 60 59 70 70 73 60 43 42 74 74 75 43 75 74 76 76 77 75 66 75 77 77 68 66 46 43 75 75 66 46 81 78 79 79 80 81 80 79 82 82 83 80 74 80 83 83 76 74 42 81 80 80 74 42 85 60 73 73 84 85 84 73 72 72 86 84 79 84 86 86 82 79 78 85 84 84 79 78 28 39 87 87 30 28 90 88 89 89 18 90 16 41 40 40 24 16 24 40 39 39 28 24 18 89 91 91 19 18 19 91 56 56 0 19 0 56 55 55 1 0 1 55 41 41 16 1 95 92 93 93 94 95 94 93 51 51 54 94 91 94 54 54 56 91 89 95 94 94 91 89 97 78 81 81 96 97 
						96 81 42 42 45 96 98 96 45 45 50 98 99 97 96 96 98 99 38 37 100 100 101 38 103 102 92 92 95 103 88 103 95 95 89 88 39 38 101 101 87 39 105 33 52 52 104 105 104 52 51 51 106 104 98 104 106 106 99 98 50 105 104 104 98 50 106 51 93 93 107 106 107 93 92 92 108 107 109 107 108 108 63 109 99 106 107 107 109 99 111 37 34 34 110 111 110 34 33 33 105 110 49 110 105 105 50 49 48 111 110 110 49 48 108 92 102 102 112 108 113 100 37 37 111 113 65 113 111 111 48 65 63 108 112 112 64 63 61 60 85 85 114 61 114 85 78 78 97 114 109 114 97 97 99 109 63 61 114 114 109 63 115 90 18 18 21 115 
					</p>
				</polylist>
			</mesh>
		</geometry>
		<geometry id="meshId19" name="meshId19_name" >
			<mesh>
				<source id="meshId19-positions" name="meshId19-positions">
					<float_array id="meshId19-positions-array" count="246"> 
						-1.489438 2.029925 11.355083 -1.490290 2.001170 11.565146 -1.267193 1.944948 11.573841 -1.253143 1.969284 11.355428 -1.463352 1.941768 11.723988 -1.302373 1.884015 11.762463 -1.171867 1.773479 11.723988 -1.106955 1.779852 11.565146 -1.082478 1.794966 11.355083 -1.169223 1.489385 11.352661 -1.194568 1.481381 11.540409 -1.261442 1.413153 11.527691 -1.237514 1.421632 11.351107 -1.281333 1.521407 11.720888 -1.342631 1.447587 11.692738 -1.261442 1.413153 11.527691 -1.342631 1.447587 11.692738 -1.392673 1.442639 11.650724 -1.351968 1.427529 11.518364 -1.237514 1.421632 11.351107 -1.332773 1.438335 11.349895 -1.451807 1.625188 11.788113 -1.500004 1.541708 11.753632 -1.626920 1.720931 11.720888 -1.660200 1.630936 11.692738 -1.500004 1.541708 11.753632 -1.660200 1.630936 11.692738 -1.639464 1.585124 11.650724 -1.516434 1.513249 11.676867 -1.710706 1.802010 11.352661 -1.704966 1.776059 11.540409 -1.633038 1.914009 11.555903 -1.638962 1.940281 11.354086 -1.553615 1.856607 11.744772 -1.248915 1.580742 11.224262 -1.413050 1.692316 11.216994 -1.332335 1.832118 11.215263 -1.166380 1.714960 11.221648 -1.591743 1.778674 11.224263 -1.516775 1.917261 11.221648 -1.429007 1.998934 11.222620 -1.266539 1.946082 11.219508 -1.139532 1.831806 11.222620 -1.503669 1.535360 11.349464 -1.498201 1.544830 11.259389 -1.337560 1.455097 11.259324 -1.673142 1.634848 11.349895 -1.656232 1.639083 11.259324 -1.612810 1.628639 11.233765 -1.489594 1.559739 11.230947 -1.368315 1.487480 11.233765 -1.245084 1.444613 11.257651 -1.176054 1.516299 11.254849 -1.245084 1.444613 11.257651 -1.314080 1.500471 11.228139 -1.176054 1.516299 11.254849 -1.245837 1.981938 11.245994 -1.468307 2.036922 11.247581 -1.086984 1.816765 11.247581 -1.245837 1.981938 11.245994 -1.086984 1.816765 11.247581 -1.468307 2.036922 11.247581 -1.610768 1.949590 11.250875 -1.683983 1.809552 11.254849 
						-1.610768 1.949590 11.250875 -1.683983 1.809552 11.254849 -1.513272 1.518726 11.519422 -1.672903 1.612821 11.518364 -1.735237 1.708993 11.351107 -1.711550 1.713927 11.257651 -1.735237 1.708993 11.351107 -1.711550 1.713927 11.257651 -1.628677 1.682104 11.228140 -1.085350 1.620653 11.354086 -1.091385 1.649725 11.250875 -1.091385 1.649725 11.250875 -1.465723 1.601084 11.221134 -1.730616 1.684030 11.527691 -1.730616 1.684030 11.527691 -1.372902 1.761855 11.815575 -1.200487 1.652729 11.744772 -1.111064 1.612647 11.555903 
					</float_array>
					<technique_common>
						<accessor count="82" offset="0" source="#meshId19-positions-array" stride="3">
							<param name="X" type="float" />
							<param name="Y" type="float" />
							<param name="Z" type="float" />
						</accessor>
					</technique_common>
				</source>
				<source id="meshId19-normals" name="meshId19-normals">
					<float_array id="meshId19-normals-array" count="246"> 
						-0.171159 0.982148 0.078033 -0.172036 0.949211 0.263442 0.486227 0.842171 0.233090 0.495884 0.858900 0.128028 -0.136770 0.776156 0.615528 0.346898 0.600842 0.720174 0.740558 0.269632 0.615527 0.908059 0.325618 0.263442 0.936144 0.342849 0.078033 0.776765 -0.625855 -0.070294 0.734742 -0.623936 0.266192 0.320821 -0.934026 0.157067 0.329583 -0.936793 -0.117443 0.439578 -0.513736 0.736781 0.121227 -0.813789 0.568376 0.320821 -0.934026 0.157067 0.121227 -0.813789 0.568376 -0.334774 -0.925667 0.176255 -0.307018 -0.951399 -0.024090 0.329583 -0.936793 -0.117443 -0.314499 -0.940133 -0.131299 -0.123332 -0.213615 0.969101 -0.315039 -0.545656 0.776537 -0.664699 0.123818 0.736779 -0.765376 -0.301907 0.568377 -0.315039 -0.545656 0.776537 -0.765376 -0.301907 0.568377 -0.634267 -0.752754 0.176257 -0.487020 -0.843539 0.226393 -0.930389 0.359770 -0.070294 -0.907716 0.324335 0.266192 -0.727392 0.627666 0.277374 -0.740633 0.671685 -0.017388 -0.509525 0.417693 0.752275 0.125143 -0.123307 -0.984446 -0.013532 -0.023437 -0.999634 0.003398 0.005884 -0.999977 0.187264 -0.061011 -0.980413 -0.169361 0.046727 -0.984446 -0.146471 0.131675 -0.980412 0.004742 0.344883 -0.938634 0.180374 0.312422 -0.932661 0.296303 0.176553 -0.938634 -0.496413 -0.859811 -0.119579 -0.474929 -0.822605 -0.312671 -0.246631 -0.837854 -0.487005 -0.656928 -0.742432 -0.131300 -0.602290 -0.632513 -0.487006 -0.347066 -0.472339 -0.810211 -0.289840 -0.502021 -0.814842 -0.235525 -0.536738 -0.810210 0.272401 -0.749359 -0.603539 0.585624 -0.470522 -0.660041 0.272401 -0.749359 -0.603539 0.036079 -0.295043 -0.954802 0.585624 -0.470522 -0.660041 0.465742 0.806695 -0.363769 -0.133268 0.868024 -0.478304 0.818362 0.318601 -0.478307 0.465742 0.806695 -0.363769 0.818362 0.318601 -0.478307 -0.133268 0.868024 -0.478304 -0.581652 0.554643 -0.595022 -0.700297 0.271907 -0.660038 
						-0.581652 0.554643 -0.595022 -0.700297 0.271907 -0.660038 -0.498438 -0.863321 -0.078975 -0.670427 -0.741585 -0.024089 -0.976078 -0.182971 -0.117444 -0.785165 -0.138773 -0.603538 -0.976078 -0.182971 -0.117444 -0.785165 -0.138773 -0.603538 -0.273560 -0.116268 -0.954802 0.952013 -0.305564 -0.017388 0.771159 -0.226404 -0.595025 0.771159 -0.226404 -0.595025 -0.055608 -0.096311 -0.993797 -0.969300 -0.189174 0.157067 -0.969300 -0.189174 0.157067 0.038517 0.066713 0.997028 0.616496 -0.232415 0.752274 0.907271 -0.316106 0.277374 
					</float_array>
					<technique_common>
						<accessor count="82" offset="0" source="#meshId19-normals-array" stride="3">
							<param name="X" type="float" />
							<param name="Y" type="float" />
							<param name="Z" type="float" />
						</accessor>
					</technique_common>
				</source>
				<source id="meshId19-tangents" name="meshId19-tangents">
					<float_array id="meshId19-tangents-array" count="246"> 
						0.253355 0.120414 -0.959850 0.217750 0.297457 -0.929572 0.029573 0.250733 -0.967605 0.028869 0.131044 -0.990956 0.265193 0.627375 -0.732170 0.252403 0.679723 -0.688672 0.258357 0.731329 -0.631196 0.056420 0.528149 -0.847275 -0.052769 0.356402 -0.932841 0.472803 0.653231 -0.591393 0.678137 0.665830 -0.311130 0.940400 0.294379 -0.170260 0.731888 0.332090 -0.595026 0.692924 0.715892 0.085759 0.800512 0.418722 0.428780 -0.946988 -0.319300 0.035520 -0.981114 -0.011283 0.193102 -0.938425 0.344456 0.026615 -0.951532 0.307345 -0.011206 -0.932997 -0.304124 -0.192422 -0.941619 0.326482 -0.082239 0.411706 0.877535 0.245827 0.270675 0.732563 0.624568 0.139005 0.989448 -0.040874 -0.215684 0.952398 0.215449 -0.855494 0.517546 0.016597 -0.471556 0.864092 -0.176014 -0.762152 0.647063 0.020829 -0.863330 0.504187 0.021386 0.295723 0.623321 -0.723891 0.147757 0.840867 -0.520682 0.260466 0.626489 -0.734622 0.360555 0.375462 -0.853832 0.255387 0.908290 -0.331342 -0.896673 0.410627 -0.165418 -0.873983 0.485957 0.000437 -0.874524 0.484982 -0.000118 -0.870392 0.452356 -0.194400 -0.835282 0.523353 0.168540 -0.856920 0.478253 0.192254 -0.877146 0.452177 0.161713 -0.874932 0.484194 -0.007015 -0.851116 0.494731 -0.175619 -0.867213 0.497365 0.023882 -0.869477 0.493463 0.022433 -0.925220 0.353090 -0.138910 -0.753941 0.647872 0.108790 -0.770727 0.619644 0.148394 -0.849393 0.524560 0.058041 -0.874800 0.484315 0.012782 -0.886556 0.460212 -0.047158 0.478620 0.649679 -0.590626 0.196370 0.872376 -0.447659 -0.898866 0.025598 -0.437475 -0.917719 0.368420 -0.148523 -0.664590 0.187476 -0.723306 -0.283557 -0.253354 -0.924882 0.302904 -0.423843 -0.853584 -0.563553 0.281729 -0.776554 -0.870176 0.492224 -0.022549 -0.554534 0.656310 -0.511614 -0.858215 0.140304 0.493743 0.699827 -0.031657 -0.713611 0.705714 0.402916 -0.582775 
						-0.596096 0.207097 0.775745 -0.494638 0.481836 0.723303 -0.866688 0.498361 0.022090 -0.741460 0.668396 0.059021 -0.207339 0.945916 0.249506 -0.485685 0.742636 0.461089 -0.037483 0.673694 -0.738059 0.417612 0.600993 -0.681475 -0.805197 0.570676 0.161205 0.179357 0.603037 -0.777289 -0.226701 0.775713 -0.588961 -0.482865 0.401121 -0.778423 -0.877508 0.479555 0.002626 -0.194086 0.980847 -0.016405 -0.240298 0.864163 -0.442129 0.428428 0.900307 -0.076792 0.574709 0.785904 -0.228175 0.420203 0.708059 -0.567523 
					</float_array>
					<technique_common>
						<accessor count="82" offset="0" source="#meshId19-tangents-array" stride="3">
							<param name="X" type="float" />
							<param name="Y" type="float" />
							<param name="Z" type="float" />
						</accessor>
					</technique_common>
				</source>
				<source id="meshId19-bitangents" name="meshId19-bitangents">
					<float_array id="meshId19-bitangents-array" count="246"> 
						-0.952111 -0.144517 -0.269442 -0.960723 -0.102556 -0.257864 -0.873332 0.477368 0.097008 -0.867909 0.495095 0.040187 -0.954446 0.063095 -0.291638 -0.903302 0.420673 0.084140 -0.620343 0.626463 0.471930 -0.415025 0.784239 0.461219 -0.347635 0.869156 0.351735 0.416045 0.426138 0.803314 0.016887 0.409115 0.912327 0.112790 0.202329 0.972801 0.596418 0.110156 0.795079 -0.571513 0.472835 0.670671 -0.586928 0.403012 0.702208 0.016975 -0.160136 -0.986949 -0.150731 -0.581051 -0.799787 -0.085349 -0.156492 -0.983985 0.018065 0.019482 -0.999647 0.144542 0.172993 -0.974259 0.120182 0.097769 -0.987926 -0.902933 0.429303 -0.020282 -0.909662 0.406953 -0.083090 -0.734066 0.075247 -0.674897 -0.606366 0.042309 -0.794059 -0.410950 -0.659095 -0.629853 -0.437990 -0.402738 -0.803721 -0.129728 -0.121124 -0.984124 -0.132184 -0.185037 -0.973801 -0.216619 -0.694288 -0.686323 -0.392707 -0.433300 -0.811192 -0.634869 -0.462112 -0.619189 -0.566977 -0.638645 -0.520258 -0.821682 0.023294 -0.569469 0.424637 0.903427 -0.059179 0.485768 0.873669 -0.027059 0.484970 0.874504 0.006793 0.455357 0.889748 0.031607 0.523088 0.850834 -0.049605 0.494201 0.868294 0.042785 0.480201 0.822552 0.304657 0.449398 0.817281 0.360685 0.433365 0.850923 0.296858 0.038941 0.115556 -0.992537 0.135838 0.282514 -0.949597 0.288343 0.416327 -0.862282 0.004296 0.170459 -0.985355 0.207909 0.464725 -0.860700 0.397589 0.708331 -0.583258 0.388224 0.716529 -0.579542 0.398180 0.707190 -0.584239 0.834698 -0.127979 0.535631 0.786437 0.132548 0.603281 0.343275 0.661669 -0.666600 0.395589 0.881599 -0.257474 0.464074 0.862242 -0.202914 -0.838260 0.533906 0.110746 -0.943657 -0.258636 -0.206444 -0.112658 0.905054 0.410105 0.160866 0.327045 0.931216 0.150917 0.683923 0.713774 0.495689 0.476287 0.726253 -0.414636 -0.831486 -0.369741 0.107480 -0.873914 -0.474049 
						0.553489 0.805904 0.210162 0.514701 0.833007 -0.202933 0.020287 0.079458 -0.996632 -0.027668 0.057431 -0.997966 0.065439 0.267888 -0.961225 0.384222 0.655160 -0.650491 0.214165 -0.716001 -0.664437 0.457293 -0.787115 -0.413925 0.526140 0.812902 -0.249733 0.247997 0.736870 0.628904 0.594913 0.589075 0.546872 0.414916 0.887605 0.200006 0.476327 0.872210 -0.111180 -0.150955 -0.046386 -0.987452 -0.052092 -0.466299 -0.883092 -0.902755 0.430112 0.006095 -0.538184 0.573008 0.618078 -0.016999 0.631450 0.775230 
					</float_array>
					<technique_common>
						<accessor count="82" offset="0" source="#meshId19-bitangents-array" stride="3">
							<param name="X" type="float" />
							<param name="Y" type="float" />
							<param name="Z" type="float" />
						</accessor>
					</technique_common>
				</source>
				<source id="meshId19-tex0" name="meshId19-tex0">
					<float_array id="meshId19-tex0-array" count="164"> 
						0.714247 0.929152 0.701200 0.925923 0.702779 0.910296 0.717522 0.908805 0.691441 0.921168 0.690254 0.911563 0.689494 0.901914 0.698104 0.895301 0.710241 0.889527 0.690539 0.871538 0.680208 0.882372 0.674156 0.879473 0.684261 0.867754 0.672382 0.896559 0.665865 0.894886 0.738297 0.891713 0.746115 0.877345 0.750017 0.881271 0.746058 0.892282 0.737134 0.907382 0.745118 0.906507 0.670486 0.913561 0.663351 0.914283 0.675747 0.929840 0.669697 0.932783 0.762161 0.872035 0.777998 0.877940 0.773953 0.881718 0.762029 0.879134 0.698545 0.950720 0.686254 0.942173 0.694469 0.935327 0.707114 0.941676 0.684722 0.925465 0.744483 0.927143 0.761095 0.929205 0.760849 0.942379 0.743694 0.940337 0.777773 0.927764 0.778070 0.940978 0.774739 0.950448 0.760645 0.953360 0.746669 0.949925 0.761524 0.906210 0.761384 0.913703 0.746593 0.913880 0.777907 0.907119 0.776158 0.914432 0.772626 0.916491 0.761333 0.916475 0.750047 0.916070 0.689746 0.862354 0.696571 0.866628 0.739092 0.916013 0.746505 0.918898 0.736343 0.924568 0.724955 0.908054 0.722196 0.929466 0.717966 0.887627 0.760567 0.957548 0.741790 0.951482 0.779557 0.952187 0.714803 0.943615 0.705437 0.954323 
						0.786704 0.939379 0.786003 0.925494 0.761784 0.892260 0.777498 0.892868 0.785853 0.908290 0.783575 0.916843 0.693151 0.955683 0.699606 0.959877 0.776059 0.919449 0.700745 0.878684 0.707891 0.875245 0.735124 0.938417 0.761257 0.920533 0.785275 0.892589 0.680905 0.946225 0.680969 0.912501 0.682051 0.899049 0.689627 0.887435 
					</float_array>
					<technique_common>
						<accessor count="82" offset="0" source="#meshId19-tex0-array" stride="2">
							<param name="S" type="float" />
							<param name="T" type="float" />
						</accessor>
					</technique_common>
				</source>
				<vertices id="meshId19-vertices">
					<input semantic="POSITION" source="#meshId19-positions" />
				</vertices>
				<polylist count="128" material="defaultMaterial">
					<input offset="0" semantic="VERTEX" source="#meshId19-vertices" />
					<input offset="0" semantic="NORMAL" source="#meshId19-normals" />
					<input offset="0" semantic="TANGENT" source="#meshId19-tangents" />
					<input offset="0" semantic="BINORMAL" source="#meshId19-bitangents" />
					<input offset="0" semantic="TEXCOORD" source="#meshId19-tex0" set="0" />
					<vcount>
						3 3 3 3 3 3 3 3 3 3 3 3 3 3 3 3 3 3 3 3 3 3 3 3 3 3 3 3 3 3 3 3 3 3 3 3 3 3 3 3 3 3 3 3 3 3 3 3 3 3 3 3 3 3 3 3 3 3 3 3 3 3 3 3 
						3 3 3 3 3 3 3 3 3 3 3 3 3 3 3 3 3 3 3 3 3 3 3 3 3 3 3 3 3 3 3 3 3 3 3 3 3 3 3 3 3 3 3 3 3 3 3 3 3 3 3 3 3 3 3 3 3 3 3 3 3 3 3 3 
					</vcount>
					<p>
						3 0 1 1 2 3 2 1 4 4 5 2 7 2 5 5 6 7 8 3 2 2 7 8 12 9 10 10 11 12 11 10 13 13 14 11 18 15 16 16 17 18 20 19 15 15 18 20 14 13 21 21 22 14 22 21 23 23 24 22 28 25 26 26 27 28 17 16 25 25 28 17 32 29 30 30 31 32 31 30 23 23 33 31 1 31 33 33 4 1 0 32 31 31 1 0 37 34 35 35 36 37 36 35 38 38 39 36 41 36 39 39 40 41 42 37 36 36 41 42 45 20 43 43 44 45 44 43 46 46 47 44 49 44 47 47 48 49 50 45 44 44 49 50 52 9 12 12 51 52 53 19 20 20 45 53 54 53 45 45 50 54 34 55 53 53 54 34 57 0 3 3 56 57 56 3 8 8 58 56 41 59 60 60 42 41 40 61 59 59 41 40 
						63 29 32 32 62 63 62 32 0 0 57 62 39 64 61 61 40 39 38 65 64 64 39 38 43 20 18 18 66 43 66 18 17 17 28 66 67 66 28 28 27 67 46 43 66 66 67 46 47 46 68 68 69 47 71 70 29 29 63 71 72 69 65 65 38 72 48 47 69 69 72 48 58 8 73 73 74 58 74 73 9 9 52 74 37 75 55 55 34 37 42 60 75 75 37 42 54 50 49 49 76 54 76 49 48 48 72 76 35 76 72 72 38 35 34 54 76 76 35 34 68 46 67 67 77 68 77 67 27 27 26 77 30 78 24 24 23 30 29 70 78 78 30 29 80 6 5 5 79 80 79 5 4 4 33 79 21 79 33 33 23 21 13 80 79 79 21 13 73 8 7 7 81 73 81 7 6 6 80 81 10 81 80 80 13 10 9 73 81 81 10 9 
					</p>
				</polylist>
			</mesh>
		</geometry>
		<geometry id="meshId20" name="meshId20_name" >
			<mesh>
				<source id="meshId20-positions" name="meshId20-positions">
					<float_array id="meshId20-positions-array" count="348"> 
						-7.625420 -0.186773 -0.014687 -7.703238 -0.000002 0.004496 -7.700606 -0.000002 -0.221417 -7.638637 -0.154742 -0.235607 -7.700606 -0.000002 -0.221417 -7.638638 0.154738 -0.235610 -7.619821 0.121957 -0.296109 -7.651954 -0.000002 -0.299646 -7.638637 -0.154742 -0.235607 -7.619821 -0.121962 -0.296109 -7.514936 -0.000002 -0.359796 -7.504416 -0.146409 -0.337929 -7.504415 0.146405 -0.337929 -7.385484 0.116917 -0.358915 -7.366200 -0.000002 -0.376212 -7.385485 -0.116922 -0.358914 -7.625420 0.186769 -0.014685 -7.638638 0.154738 -0.235610 -7.243858 -0.174220 -0.116983 -7.431446 -0.248159 -0.065835 -7.485484 -0.207436 -0.277104 -7.336686 -0.146530 -0.316545 -7.485484 -0.207436 -0.277104 -7.336686 -0.146530 -0.316545 -7.431445 0.248154 -0.065833 -7.485487 0.207431 -0.277105 -7.485487 0.207431 -0.277105 -7.336688 0.146527 -0.316547 -7.243858 0.174216 -0.116981 -7.336688 0.146527 -0.316547 -7.178308 -0.000002 -0.136160 -7.284954 -0.000002 -0.332792 -7.284954 -0.000002 -0.332792 -6.796593 0.232605 3.768887 -6.593149 0.306681 3.715616 -7.012444 0.303882 1.879357 -7.229765 0.230316 1.936419 -6.399368 0.213552 3.662345 -6.804211 0.211762 1.822295 -7.097740 0.196531 0.464131 -7.304605 0.281257 0.520645 -7.519286 0.212619 0.577161 -4.808815 0.205170 10.522673 -4.638045 0.265660 10.494358 -5.049149 0.285035 9.228470 -5.226798 0.218877 9.272792 -4.476357 0.181292 10.466045 -4.881462 0.195794 9.184147 -5.399656 0.209005 7.470726 -5.575236 0.302382 7.519257 -5.761293 0.230912 7.567790 -6.796593 -0.232610 3.768887 -6.880525 -0.000002 3.788864 -7.318313 -0.000002 1.957819 -7.229765 -0.230320 1.936422 -7.605883 -0.000002 0.598353 -7.519287 -0.212623 0.577163 -4.424077 -0.000001 10.455430 -4.826938 -0.000001 9.167527 -4.424077 -0.000001 10.455430 -4.476357 -0.181294 10.466045 -4.881462 -0.195796 9.184147 -4.826938 -0.000001 9.167527 -5.399656 -0.209008 7.470726 
						-5.341962 -0.000001 7.452527 -5.341962 -0.000001 7.452527 -4.275131 0.172490 11.122507 -4.224271 -0.000001 11.123809 -4.205804 0.168967 11.393881 -4.153308 -0.000001 11.401664 -4.224271 -0.000001 11.123809 -4.153308 -0.000001 11.401664 -4.205804 -0.168969 11.393881 -4.275131 -0.172492 11.122507 -4.598991 0.196514 11.115561 -4.432835 0.253672 11.119035 -4.537838 0.193808 11.352371 -4.367711 0.249395 11.373125 -4.808816 -0.205172 10.522673 -4.598991 -0.196516 11.115561 -4.670802 -0.000001 11.114261 -4.882384 -0.000001 10.533288 -4.537838 -0.193810 11.352371 -4.611133 -0.000001 11.344589 -4.432835 -0.253674 11.119035 -4.638045 -0.265662 10.494358 -4.367711 -0.249397 11.373125 -7.025838 -0.000002 0.442937 -7.025838 -0.000002 0.442937 -7.097742 -0.196535 0.464131 -7.178308 -0.000002 -0.136160 -7.304605 -0.281261 0.520646 -6.399369 -0.213556 3.662342 -6.593150 -0.306685 3.715614 -7.012444 -0.303886 1.879354 -6.804213 -0.211766 1.822292 -5.302835 -0.000001 9.289411 -5.226798 -0.218879 9.272791 -5.840126 -0.000002 7.585987 -5.761294 -0.230916 7.567789 -6.333713 -0.000002 3.642367 -6.732625 -0.000002 1.800892 -6.333713 -0.000002 3.642367 -6.732625 -0.000002 1.800892 -6.382288 -0.000002 5.712896 -6.300063 0.237681 5.693652 -6.300062 -0.237685 5.693650 -6.103542 -0.312391 5.642327 -5.917484 -0.216794 5.591004 -5.575236 -0.302385 7.519257 -6.103540 0.312387 5.642328 -5.917484 0.216790 5.591004 -5.855461 -0.000002 5.571758 -5.855461 -0.000002 5.571758 -5.049149 -0.285038 9.228470 -7.284954 -0.000002 -0.332792 
					</float_array>
					<technique_common>
						<accessor count="116" offset="0" source="#meshId20-positions-array" stride="3">
							<param name="X" type="float" />
							<param name="Y" type="float" />
							<param name="Z" type="float" />
						</accessor>
					</technique_common>
				</source>
				<source id="meshId20-normals" name="meshId20-normals">
					<float_array id="meshId20-normals-array" count="348"> 
						-0.682060 -0.731099 0.016999 -0.996724 0.000001 0.080877 -0.973136 -0.000002 -0.230232 -0.694619 -0.659882 -0.286461 -0.973136 -0.000002 -0.230232 -0.694619 0.659880 -0.286466 -0.578217 0.414757 -0.702596 -0.690145 -0.000003 -0.723671 -0.694619 -0.659882 -0.286461 -0.578221 -0.414766 -0.702587 -0.259835 -0.000001 -0.965653 -0.213103 -0.502429 -0.837945 -0.213100 0.502425 -0.837948 0.163807 0.400774 -0.901414 0.229362 -0.000003 -0.973341 0.163805 -0.400778 -0.901413 -0.682058 0.731100 0.017002 -0.694619 0.659880 -0.286466 0.656682 -0.696048 -0.290322 0.004877 -0.992093 -0.125411 -0.081130 -0.906190 -0.415016 0.498300 -0.631933 -0.593598 -0.081130 -0.906190 -0.415016 0.498300 -0.631933 -0.593598 0.004880 0.992093 -0.125410 -0.081133 0.906189 -0.415017 -0.081133 0.906189 -0.415017 0.498298 0.631936 -0.593595 0.656681 0.696049 -0.290321 0.498298 0.631936 -0.593595 0.931556 0.000001 -0.363597 0.739955 -0.000000 -0.672656 0.739955 -0.000000 -0.672656 -0.681094 0.712873 0.167103 0.043908 0.998970 -0.011439 0.039267 0.999101 -0.016003 -0.671541 0.726453 0.145942 0.726669 0.665143 -0.171862 0.711730 0.684069 -0.159656 0.691789 0.699501 -0.179240 0.029216 0.998737 -0.040877 -0.666991 0.736801 0.110667 -0.669723 0.702896 0.239600 0.068121 0.997669 -0.003903 0.062099 0.998045 -0.007055 -0.674886 0.702773 0.225032 0.741420 0.632836 -0.223191 0.738086 0.637036 -0.222293 0.739041 0.640127 -0.209895 0.055378 0.998430 -0.008399 -0.682432 0.700480 0.208839 -0.681093 -0.712874 0.167103 -0.970662 0.000000 0.240449 -0.975903 0.000001 0.218205 -0.671541 -0.726453 0.145943 -0.983101 0.000001 0.183061 -0.666992 -0.736800 0.110667 0.956078 -0.000000 -0.293114 0.956117 -0.000000 -0.292984 0.956078 -0.000000 -0.293114 0.741421 -0.632836 -0.223191 0.738086 -0.637036 -0.222293 0.956117 -0.000000 -0.292984 0.739041 -0.640128 -0.209894 
						0.961245 -0.000000 -0.275694 0.961245 -0.000000 -0.275694 0.751522 0.627852 -0.202525 0.964024 0.000001 -0.265817 0.793662 0.576013 -0.195731 0.969331 0.000001 -0.245758 0.964024 0.000001 -0.265817 0.969331 0.000001 -0.245758 0.793662 -0.576012 -0.195730 0.751523 -0.627852 -0.202524 -0.670828 0.709921 0.214483 0.079259 0.996824 -0.007767 -0.637248 0.750789 0.173874 0.165362 0.985843 -0.027739 -0.669722 -0.702897 0.239600 -0.670826 -0.709922 0.214483 -0.954071 0.000000 0.299580 -0.944013 0.000000 0.329907 -0.637247 -0.750789 0.173874 -0.967643 -0.000001 0.252325 0.079260 -0.996824 -0.007768 0.068124 -0.997669 -0.003903 0.165361 -0.985843 -0.027738 0.972022 -0.000001 -0.234891 0.972022 -0.000001 -0.234891 0.691788 -0.699501 -0.179239 0.931556 0.000001 -0.363597 0.029217 -0.998737 -0.040877 0.726668 -0.665145 -0.171861 0.043908 -0.998970 -0.011439 0.039269 -0.999101 -0.016003 0.711730 -0.684069 -0.159656 -0.950550 -0.000001 0.310571 -0.674885 -0.702774 0.225032 -0.957244 -0.000000 0.289283 -0.682433 -0.700480 0.208839 0.973780 -0.000001 -0.227492 0.976991 -0.000001 -0.213280 0.973780 -0.000001 -0.227492 0.976991 -0.000001 -0.213280 -0.964603 0.000000 0.263708 -0.685606 0.703438 0.187403 -0.685606 -0.703437 0.187403 0.048990 -0.998737 -0.011111 0.735947 -0.649017 -0.192764 0.055376 -0.998430 -0.008398 0.048992 0.998737 -0.011112 0.735949 0.649015 -0.192764 0.967524 -0.000001 -0.252779 0.967524 -0.000001 -0.252779 0.062099 -0.998045 -0.007054 0.739955 -0.000000 -0.672656 
					</float_array>
					<technique_common>
						<accessor count="116" offset="0" source="#meshId20-normals-array" stride="3">
							<param name="X" type="float" />
							<param name="Y" type="float" />
							<param name="Z" type="float" />
						</accessor>
					</technique_common>
				</source>
				<source id="meshId20-tangents" name="meshId20-tangents">
					<float_array id="meshId20-tangents-array" count="348"> 
						0.716255 -0.672541 -0.186192 0.000061 -1.000000 0.000761 -0.000725 -0.999995 0.003075 0.716002 -0.672714 -0.186541 -0.226571 -0.177615 0.957663 -0.640361 -0.385735 0.664188 -0.815770 -0.279525 0.506345 -0.705589 -0.222140 0.672902 -0.471547 0.116935 0.874054 -0.734010 -0.111524 0.669919 -0.944398 -0.208658 0.254116 -0.918399 -0.189618 0.347258 -0.973509 -0.181941 0.138484 -0.967909 -0.111228 -0.225343 -0.948938 -0.222519 -0.223611 -0.958090 -0.282319 -0.048582 -0.716410 -0.672660 0.185161 -0.715893 -0.673232 0.185083 0.674155 0.714332 -0.187738 0.965373 0.037383 -0.258183 0.965240 0.032362 -0.259354 0.677329 0.711130 -0.188467 -0.902616 -0.109803 0.416206 -0.865818 -0.398510 -0.302572 -0.965110 0.037505 0.259144 -0.965528 0.031869 0.258341 -0.996655 -0.069649 0.042761 -0.821932 0.126435 -0.555376 -0.674620 0.714230 0.186446 -0.679080 0.710126 0.185935 -0.011838 0.999470 -0.030325 -0.103326 0.988132 -0.113664 -0.661998 -0.177306 -0.728231 -0.690726 -0.701277 0.176376 -0.964865 0.045372 0.258797 -0.965007 0.042073 0.258827 -0.703859 -0.686963 0.180733 -0.640482 0.746414 0.180688 -0.659115 0.728939 0.184974 -0.673788 0.714570 0.188146 -0.965137 0.038827 0.258849 -0.714665 -0.674676 0.184572 -0.700680 -0.704996 0.109671 -0.984480 0.067854 0.161850 -0.967105 0.061918 0.246728 -0.684847 -0.710073 0.163650 -0.626348 0.771993 0.108237 -0.614638 0.770730 0.167916 -0.615539 0.768269 0.175712 -0.964374 0.055665 0.258621 -0.679529 -0.713246 0.171815 0.690729 -0.701277 -0.176364 -0.000011 -1.000000 -0.000043 -0.000016 -1.000000 -0.000065 0.703862 -0.686963 -0.180719 -0.000024 -1.000000 -0.000120 0.714674 -0.674678 -0.184528 -0.009484 0.999476 -0.030936 -0.000094 1.000000 -0.000310 0.008364 0.999593 0.027280 0.625503 0.772196 -0.111619 0.614968 0.770714 -0.166776 0.000477 0.999999 0.001554 0.615576 0.768268 -0.175585 
						-0.002068 0.999972 -0.007210 0.002083 0.999971 0.007263 -0.644052 0.764743 -0.019126 -0.024640 0.995695 -0.089356 -0.597271 0.798914 -0.070742 -0.029522 0.992759 -0.116439 0.021294 0.996786 0.077228 0.025941 0.994413 0.102323 0.596313 0.800291 0.062812 0.642433 0.766296 0.008309 -0.727853 -0.685699 -0.006862 -0.996572 0.079049 -0.024394 -0.768227 -0.636767 -0.065987 -0.981452 0.161729 -0.102939 0.701280 -0.704762 -0.107313 0.729076 -0.684258 0.015449 0.001946 -0.999979 0.006196 0.000652 -0.999998 0.001865 0.768999 -0.634284 0.079531 0.001911 -0.999971 0.007324 0.996636 0.079078 0.021515 0.984298 0.067848 -0.162952 0.980954 0.161505 0.107916 0.004431 0.999822 0.018332 -0.004433 0.999822 -0.018349 0.673791 0.714570 -0.188138 0.012386 0.999419 0.031738 0.965175 0.038824 -0.258710 0.640489 0.746413 -0.180670 0.964877 0.045372 -0.258754 0.965022 0.042075 -0.258769 0.659120 0.728939 -0.184957 -0.000228 -1.000000 -0.000700 0.684553 -0.710119 -0.164678 -0.000030 -1.000000 -0.000100 0.679508 -0.713248 -0.171888 0.004816 0.999776 0.020609 0.005690 0.999644 0.026062 -0.004810 0.999776 -0.020592 -0.005671 0.999646 -0.025982 -0.000009 -1.000000 -0.000034 -0.681841 -0.710700 0.173202 0.681846 -0.710700 -0.173181 0.964636 0.050196 -0.258763 0.624407 0.760706 -0.177319 0.964377 0.055663 -0.258608 -0.964626 0.050199 0.258800 -0.624399 0.760708 0.177339 -0.003438 0.999907 -0.013164 0.003426 0.999908 0.013108 0.967116 0.061918 -0.246683 0.107866 0.987059 0.118657 
					</float_array>
					<technique_common>
						<accessor count="116" offset="0" source="#meshId20-tangents-array" stride="3">
							<param name="X" type="float" />
							<param name="Y" type="float" />
							<param name="Z" type="float" />
						</accessor>
					</technique_common>
				</source>
				<source id="meshId20-bitangents" name="meshId20-bitangents">
					<float_array id="meshId20-bitangents-array" count="348"> 
						0.147557 -0.114819 0.982366 0.080877 0.000764 0.996724 -0.230230 0.003159 0.973131 -0.069611 -0.334682 0.939757 -0.040895 0.984100 0.172843 0.327784 0.644800 0.690500 0.013617 0.865934 0.499973 -0.160758 0.975015 0.153306 -0.543275 0.742214 -0.392390 -0.356215 0.903068 -0.239957 -0.201491 0.977989 0.054216 -0.333362 0.843570 -0.421022 -0.082879 0.845261 0.527887 -0.190574 0.909400 0.369693 -0.216587 0.974928 -0.051040 -0.235015 0.871592 -0.430227 0.146808 0.114110 0.982561 -0.070726 0.333642 0.940043 0.338060 -0.072438 0.938332 0.260830 -0.119809 0.957922 0.248455 -0.421632 0.872065 0.541224 -0.308147 0.782382 -0.422732 0.408367 -0.809033 -0.045349 0.664719 -0.745716 0.261799 0.119770 0.957662 0.247332 0.421670 0.872365 0.009844 0.417098 0.908808 -0.275911 0.764638 0.582411 0.337132 0.073421 0.938590 0.539027 0.310447 0.782990 0.363405 0.032554 0.931063 0.664673 0.153610 0.731173 -0.119266 0.984156 -0.131199 0.242919 0.004707 0.970035 0.259050 -0.000326 0.965864 0.259267 0.005280 0.965791 0.231551 0.018646 0.972644 0.248464 -0.021226 0.968409 0.242915 -0.026420 0.969688 0.259688 -0.009387 0.965647 0.260109 0.031889 0.965053 0.210657 0.044018 0.976569 0.246004 -0.094434 0.964657 0.161737 -0.007183 0.986808 0.246683 -0.008499 0.969059 0.274798 -0.043667 0.960510 0.240798 0.059546 0.968747 0.278296 0.012693 0.960411 0.273733 -0.000660 0.961805 0.258682 -0.006222 0.965942 0.269307 -0.024660 0.962739 0.242911 -0.004698 0.970037 0.240449 -0.000045 0.970662 0.218205 -0.000067 0.975903 0.231541 -0.018637 0.972647 0.183061 -0.000123 0.983101 0.210625 -0.043988 0.976577 0.292960 0.032358 0.955577 0.292984 0.000324 0.956117 0.292994 -0.028533 0.955688 0.242984 -0.056850 0.968363 0.277566 -0.013608 0.960610 0.292983 -0.001625 0.956116 0.273652 0.000559 0.961828 
						0.275687 0.007500 0.961218 0.275687 -0.007556 0.961218 0.142871 0.144810 0.979090 0.264672 0.092691 0.959873 0.115624 0.173050 0.978103 0.243978 0.120123 0.962312 0.264962 -0.080110 0.960925 0.244385 -0.105560 0.963915 0.120460 -0.166568 0.978644 0.149977 -0.136353 0.979242 0.142199 -0.160716 0.976704 -0.023703 0.009674 0.999672 0.061174 -0.175625 0.982555 -0.096995 0.044247 0.994301 0.244291 0.096157 0.964923 0.135794 0.166738 0.976605 0.299573 0.006495 0.954051 0.329907 0.001975 0.944012 0.050574 0.184390 0.981551 0.252318 0.007569 0.967615 -0.020833 -0.009447 0.999738 0.162837 0.007259 0.986626 -0.101909 -0.045055 0.993773 0.234849 -0.018859 0.971849 0.234849 0.018877 0.971849 0.259682 0.009382 0.965649 0.363386 -0.034069 0.931015 0.259970 -0.031894 0.965090 0.248451 0.021211 0.968412 0.259006 0.000324 0.965876 0.259210 -0.005282 0.965806 0.242903 0.026407 0.969691 0.310571 -0.000737 0.950550 0.275531 0.042907 0.960334 0.289283 -0.000105 0.957244 0.269358 0.024606 0.962726 0.227441 -0.021164 0.973562 0.213204 -0.026675 0.976643 0.227441 0.021146 0.973562 0.213204 0.026594 0.976646 0.263708 -0.000035 0.964603 0.255024 -0.009031 0.966893 0.255009 0.009046 0.966896 0.258994 0.001958 0.965877 0.261720 0.010135 0.965091 0.258669 0.006222 0.965946 0.259032 -0.001960 0.965867 0.261733 -0.010151 0.965087 0.252756 0.013605 0.967434 0.252756 -0.013548 0.967435 0.246637 0.008496 0.969071 0.663951 -0.160358 0.730379 
					</float_array>
					<technique_common>
						<accessor count="116" offset="0" source="#meshId20-bitangents-array" stride="3">
							<param name="X" type="float" />
							<param name="Y" type="float" />
							<param name="Z" type="float" />
						</accessor>
					</technique_common>
				</source>
				<source id="meshId20-tex0" name="meshId20-tex0">
					<float_array id="meshId20-tex0-array" count="232"> 
						0.756163 0.274496 0.745648 0.274496 0.745648 0.263874 0.756163 0.263874 0.554387 0.018241 0.548984 0.026078 0.547011 0.023069 0.549659 0.017249 0.552588 0.008893 0.549573 0.010855 0.542383 0.015723 0.543685 0.008465 0.540659 0.022893 0.534920 0.020270 0.535103 0.014196 0.537376 0.008561 0.735132 0.274496 0.735132 0.263874 0.783716 0.274496 0.768972 0.274496 0.768972 0.263874 0.783716 0.263874 0.544484 0.003906 0.535225 0.005701 0.722324 0.274496 0.722324 0.263874 0.539559 0.027388 0.531802 0.022025 0.707579 0.274496 0.707579 0.263874 0.699064 0.274496 0.699064 0.263874 0.530386 0.013207 0.735132 0.462235 0.722324 0.462235 0.722324 0.370118 0.735132 0.370118 0.707579 0.462235 0.707579 0.370118 0.707579 0.302801 0.722324 0.302801 0.735132 0.302801 0.735132 0.807913 0.722324 0.807913 0.722324 0.742751 0.735132 0.742751 0.707579 0.807913 0.707579 0.742751 0.707579 0.655191 0.722324 0.655191 0.735132 0.655191 0.756163 0.462235 0.745648 0.462235 0.745648 0.370118 0.756163 0.370118 0.745648 0.302801 0.756163 0.302801 0.699064 0.807913 0.699064 0.742751 0.792231 0.807913 0.783716 0.807913 0.783716 0.742751 0.792231 0.742751 0.783716 0.655191 
						0.792231 0.655191 0.699064 0.655191 0.707579 0.840438 0.699064 0.840438 0.707579 0.853350 0.699064 0.853350 0.792231 0.840438 0.792231 0.853350 0.783716 0.853350 0.783716 0.840438 0.735132 0.840438 0.722324 0.840438 0.735132 0.853350 0.722324 0.853350 0.756163 0.807913 0.756163 0.840438 0.745648 0.840438 0.745648 0.807913 0.756163 0.853350 0.745648 0.853350 0.768972 0.840438 0.768972 0.807913 0.768972 0.853350 0.699064 0.302801 0.792231 0.302801 0.783716 0.302801 0.792231 0.274496 0.768972 0.302801 0.783716 0.462235 0.768972 0.462235 0.768972 0.370118 0.783716 0.370118 0.745648 0.742751 0.756163 0.742751 0.745648 0.655191 0.756163 0.655191 0.699064 0.462235 0.699064 0.370118 0.792231 0.462235 0.792231 0.370118 0.745648 0.559690 0.735132 0.559690 0.756163 0.559690 0.768972 0.559690 0.783716 0.559690 0.768972 0.655191 0.722324 0.559690 0.707579 0.559690 0.792231 0.559690 0.699064 0.559690 0.768972 0.742751 0.792231 0.263874 
					</float_array>
					<technique_common>
						<accessor count="116" offset="0" source="#meshId20-tex0-array" stride="2">
							<param name="S" type="float" />
							<param name="T" type="float" />
						</accessor>
					</technique_common>
				</source>
				<vertices id="meshId20-vertices">
					<input semantic="POSITION" source="#meshId20-positions" />
				</vertices>
				<polylist count="184" material="defaultMaterial">
					<input offset="0" semantic="VERTEX" source="#meshId20-vertices" />
					<input offset="0" semantic="NORMAL" source="#meshId20-normals" />
					<input offset="0" semantic="TANGENT" source="#meshId20-tangents" />
					<input offset="0" semantic="BINORMAL" source="#meshId20-bitangents" />
					<input offset="0" semantic="TEXCOORD" source="#meshId20-tex0" set="0" />
					<vcount>
						3 3 3 3 3 3 3 3 3 3 3 3 3 3 3 3 3 3 3 3 3 3 3 3 3 3 3 3 3 3 3 3 3 3 3 3 3 3 3 3 3 3 3 3 3 3 3 3 3 3 3 3 3 3 3 3 3 3 3 3 3 3 3 3 
						3 3 3 3 3 3 3 3 3 3 3 3 3 3 3 3 3 3 3 3 3 3 3 3 3 3 3 3 3 3 3 3 3 3 3 3 3 3 3 3 3 3 3 3 3 3 3 3 3 3 3 3 3 3 3 3 3 3 3 3 3 3 3 3 
						3 3 3 3 3 3 3 3 3 3 3 3 3 3 3 3 3 3 3 3 3 3 3 3 3 3 3 3 3 3 3 3 3 3 3 3 3 3 3 3 3 3 3 3 3 3 3 3 3 3 3 3 3 3 3 3 
					</vcount>
					<p>
						3 0 1 1 2 3 7 4 5 5 6 7 9 8 4 4 7 9 11 9 7 7 10 11 10 7 6 6 12 10 14 10 12 12 13 14 15 11 10 10 14 15 2 1 16 16 17 2 21 18 19 19 20 21 11 22 8 8 9 11 15 23 22 22 11 15 20 19 0 0 3 20 17 16 24 24 25 17 12 26 27 27 13 12 6 5 26 26 12 6 25 24 28 28 29 25 29 28 30 30 31 29 14 32 23 23 15 14 13 27 32 32 14 13 36 33 34 34 35 36 35 34 37 37 38 35 40 35 38 38 39 40 41 36 35 35 40 41 45 42 43 43 44 45 44 43 46 46 47 44 49 44 47 47 48 49 50 45 44 44 49 50 54 51 52 52 53 54 53 52 33 33 36 53 55 53 36 36 41 55 56 54 53 53 55 56 47 46 57 57 58 47 
						62 59 60 60 61 62 64 62 61 61 63 64 48 47 58 58 65 48 57 46 66 66 67 57 67 66 68 68 69 67 73 70 71 71 72 73 60 59 70 70 73 60 43 42 74 74 75 43 75 74 76 76 77 75 66 75 77 77 68 66 46 43 75 75 66 46 81 78 79 79 80 81 80 79 82 82 83 80 74 80 83 83 76 74 42 81 80 80 74 42 85 60 73 73 84 85 84 73 72 72 86 84 79 84 86 86 82 79 78 85 84 84 79 78 28 39 87 87 30 28 90 88 89 89 18 90 16 41 40 40 24 16 24 40 39 39 28 24 18 89 91 91 19 18 19 91 56 56 0 19 0 56 55 55 1 0 1 55 41 41 16 1 95 92 93 93 94 95 94 93 51 51 54 94 91 94 54 54 56 91 89 95 94 94 91 89 97 78 81 81 96 97 
						96 81 42 42 45 96 98 96 45 45 50 98 99 97 96 96 98 99 38 37 100 100 101 38 103 102 92 92 95 103 88 103 95 95 89 88 39 38 101 101 87 39 105 33 52 52 104 105 104 52 51 51 106 104 98 104 106 106 99 98 50 105 104 104 98 50 106 51 93 93 107 106 107 93 92 92 108 107 109 107 108 108 63 109 99 106 107 107 109 99 111 37 34 34 110 111 110 34 33 33 105 110 49 110 105 105 50 49 48 111 110 110 49 48 108 92 102 102 112 108 113 100 37 37 111 113 65 113 111 111 48 65 63 108 112 112 64 63 61 60 85 85 114 61 114 85 78 78 97 114 109 114 97 97 99 109 63 61 114 114 109 63 115 90 18 18 21 115 
					</p>
				</polylist>
			</mesh>
		</geometry>
		<geometry id="meshId21" name="meshId21_name" >
			<mesh>
				<source id="meshId21-positions" name="meshId21-positions">
					<float_array id="meshId21-positions-array" count="246"> 
						-4.598410 -0.234960 11.355083 -4.573082 -0.221320 11.565147 -4.635941 -0.000001 11.573842 -4.664042 -0.000001 11.355428 -4.535107 -0.168290 11.723989 -4.565581 -0.000001 11.762464 -4.535107 0.168288 11.723989 -4.573082 0.221317 11.565147 -4.598410 0.234957 11.355083 -4.290397 0.312624 11.352661 -4.270792 0.294677 11.540409 -4.178268 0.270876 11.527692 -4.197575 0.287360 11.351108 -4.262073 0.199524 11.720888 -4.167495 0.183348 11.692738 -4.178268 0.270876 11.527692 -4.167495 0.183348 11.692738 -4.138188 0.142484 11.650725 -4.145455 0.185291 11.518365 -4.197575 0.287360 11.351108 -4.164411 0.196512 11.349896 -4.266713 -0.000001 11.788114 -4.170319 -0.000001 11.753633 -4.262073 -0.199526 11.720888 -4.167495 -0.183350 11.692738 -4.170319 -0.000001 11.753633 -4.167495 -0.183350 11.692738 -4.138188 -0.142486 11.650725 -4.137457 -0.000001 11.676867 -4.290396 -0.312626 11.352661 -4.270792 -0.294679 11.540409 -4.426223 -0.301362 11.555904 -4.446014 -0.319629 11.354087 -4.416224 -0.203879 11.744773 -4.329668 0.197931 11.224264 -4.344226 -0.000001 11.216995 -4.505655 -0.000001 11.215264 -4.487171 0.202300 11.221649 -4.329668 -0.197933 11.224264 -4.487171 -0.202302 11.221649 -4.601787 -0.167130 11.222620 -4.637250 -0.000001 11.219509 -4.601788 0.167127 11.222620 -4.162989 -0.000001 11.349465 -4.173924 -0.000001 11.259390 -4.176534 0.183985 11.259325 -4.164411 -0.196514 11.349896 -4.176533 -0.183987 11.259325 -4.189200 -0.141160 11.233766 -4.191139 -0.000001 11.230947 -4.189200 0.141158 11.233766 -4.213692 0.269313 11.257651 -4.310289 0.293252 11.254850 -4.213692 0.269313 11.257651 -4.227569 0.181632 11.228139 -4.310289 0.293252 11.254850 -4.678653 -0.000001 11.245994 -4.615035 -0.220158 11.247581 -4.615035 0.220156 11.247581 -4.678653 -0.000001 11.245994 -4.615035 0.220156 11.247581 -4.615035 -0.220158 11.247581 -4.468174 -0.299867 11.250875 -4.310289 -0.293255 11.254850 
						-4.468174 -0.299867 11.250875 -4.310289 -0.293255 11.254850 -4.143782 -0.000001 11.519423 -4.145455 -0.185293 11.518365 -4.197575 -0.287362 11.351108 -4.213692 -0.269316 11.257651 -4.197575 -0.287362 11.351108 -4.213692 -0.269316 11.257651 -4.227569 -0.181634 11.228139 -4.446014 0.319627 11.354088 -4.468174 0.299865 11.250875 -4.468174 0.299865 11.250875 -4.238880 -0.000001 11.221134 -4.178267 -0.270878 11.527692 -4.178267 -0.270878 11.527692 -4.424523 -0.000001 11.815576 -4.416224 0.203877 11.744773 -4.426223 0.301360 11.555904 
					</float_array>
					<technique_common>
						<accessor count="82" offset="0" source="#meshId21-positions-array" stride="3">
							<param name="X" type="float" />
							<param name="Y" type="float" />
							<param name="Z" type="float" />
						</accessor>
					</technique_common>
				</source>
				<source id="meshId21-normals" name="meshId21-normals">
					<float_array id="meshId21-normals-array" count="246"> 
						-0.764986 -0.639302 0.078033 -0.736022 -0.623595 0.263442 -0.972455 -0.000001 0.233090 -0.991771 -0.000001 0.128028 -0.603785 -0.506526 0.615529 -0.693794 -0.000001 0.720174 -0.603788 0.506524 0.615527 -0.736023 0.623594 0.263442 -0.764986 0.639302 0.078033 0.153623 0.985626 -0.070293 0.172973 0.948273 0.266193 0.648478 0.744853 0.157067 0.646496 0.753824 -0.117442 0.225117 0.637556 0.736780 0.644145 0.511884 0.568377 0.648478 0.744853 0.157067 0.644145 0.511884 0.568377 0.969038 0.172915 0.176255 0.977444 0.209814 -0.024090 0.646496 0.753824 -0.117442 0.971429 0.197701 -0.131299 0.246663 0.000000 0.969101 0.630070 0.000000 0.776538 0.225121 -0.637555 0.736779 0.644147 -0.511882 0.568377 0.630070 0.000000 0.776538 0.644147 -0.511882 0.568377 0.969037 -0.172916 0.176258 0.974036 0.000000 0.226395 0.153625 -0.985626 -0.070294 0.172976 -0.948272 0.266193 -0.179878 -0.943773 0.277374 -0.211380 -0.977249 -0.017389 -0.106969 -0.650108 0.752274 0.044210 0.170033 -0.984446 0.027061 0.000000 -0.999634 -0.006788 -0.000000 -0.999977 -0.040795 0.192686 -0.980412 0.044215 -0.170034 -0.984446 -0.040793 -0.192686 -0.980412 -0.301053 -0.168332 -0.938633 -0.360763 -0.000001 -0.932658 -0.301061 0.168331 -0.938630 0.992825 0.000000 -0.119580 0.949862 0.000000 -0.312671 0.848917 0.205341 -0.487006 0.971429 -0.197700 -0.131299 0.848915 -0.205341 -0.487009 0.582596 -0.064401 -0.810207 0.579693 0.000000 -0.814835 0.582600 0.064401 -0.810204 0.512762 0.610587 -0.603538 0.114669 0.742428 -0.660039 0.512762 0.610587 -0.603538 0.237470 0.178774 -0.954802 0.114669 0.742428 -0.660039 -0.931493 -0.000002 -0.363760 -0.685099 -0.549425 -0.478301 -0.685099 0.549425 -0.478300 -0.931493 -0.000002 -0.363760 -0.685099 0.549425 -0.478300 -0.685099 -0.549425 -0.478301 -0.189508 -0.781047 -0.595023 0.114669 -0.742428 -0.660039 
						-0.189508 -0.781047 -0.595023 0.114669 -0.742428 -0.660039 0.996877 0.000001 -0.078975 0.977444 -0.209814 -0.024089 0.646498 -0.753822 -0.117443 0.512760 -0.610586 -0.603540 0.646498 -0.753822 -0.117443 0.512760 -0.610586 -0.603540 0.237470 -0.178773 -0.954803 -0.211380 0.977249 -0.017388 -0.189508 0.781048 -0.595022 -0.189508 0.781048 -0.595022 0.111218 0.000000 -0.993796 0.648480 -0.744852 0.157068 0.648480 -0.744852 0.157068 -0.077034 -0.000000 0.997028 -0.106971 0.650108 0.752274 -0.179879 0.943773 0.277375 
					</float_array>
					<technique_common>
						<accessor count="82" offset="0" source="#meshId21-normals-array" stride="3">
							<param name="X" type="float" />
							<param name="Y" type="float" />
							<param name="Z" type="float" />
						</accessor>
					</technique_common>
				</source>
				<source id="meshId21-tangents" name="meshId21-tangents">
					<float_array id="meshId21-tangents-array" count="246"> 
						-0.230958 0.159205 -0.959850 -0.366480 0.039848 -0.929572 -0.231927 -0.099756 -0.967605 -0.127923 -0.040520 -0.990956 -0.675921 -0.084024 -0.732169 -0.714858 -0.121275 -0.688673 -0.762528 -0.141921 -0.631197 -0.485601 -0.215213 -0.847275 -0.282268 -0.223898 -0.932842 -0.802116 0.082843 -0.591394 -0.915692 0.254370 -0.311134 -0.725139 0.667219 -0.170270 -0.653540 0.467788 -0.595029 -0.966444 0.242140 0.085758 -0.762884 0.483896 0.428781 0.750017 -0.660464 0.035519 0.500329 -0.844026 0.193110 0.170907 -0.984927 0.026624 0.209598 -0.977723 -0.011205 0.729877 -0.655937 -0.192422 0.188067 -0.978707 -0.082238 -0.965820 -0.082219 0.245828 -0.769757 -0.131868 0.624568 -0.926390 -0.374341 -0.040871 -0.716960 -0.662984 0.215453 -0.020458 -0.999653 0.016600 -0.512544 -0.840426 -0.176019 -0.179298 -0.983574 0.020823 -0.004970 -0.999759 0.021385 -0.687674 -0.055557 -0.723891 -0.802089 -0.292473 -0.520684 -0.672790 -0.087675 -0.734620 -0.505437 0.124519 -0.853832 -0.914296 -0.232974 -0.331341 0.092724 -0.981854 -0.165422 0.016140 -0.999870 0.000437 0.017256 -0.999851 -0.000117 0.043447 -0.979959 -0.194405 -0.035597 -0.985052 0.168539 0.014279 -0.981241 0.192255 0.046975 -0.985720 0.161710 0.018142 -0.999811 -0.007017 -0.002894 -0.984454 -0.175621 0.002876 -0.999711 0.023881 0.007385 -0.999721 0.022434 0.156830 -0.977808 -0.138906 -0.184103 -0.976868 0.108790 -0.151264 -0.977292 0.148390 -0.029588 -0.997876 0.058042 0.017970 -0.999757 0.012784 0.044725 -0.997886 -0.047158 -0.801950 0.089660 -0.590625 -0.853685 -0.266127 -0.447658 0.427266 -0.791238 -0.437477 0.139799 -0.978976 -0.148531 0.169939 -0.669288 -0.723308 0.361180 -0.118890 -0.924886 0.215607 0.474240 -0.853586 0.037789 -0.628910 -0.776559 0.008807 -0.999707 -0.022549 -0.291128 -0.808396 -0.511606 0.307607 -0.813389 0.493737 -0.322494 0.621897 -0.713612 -0.701797 0.409705 -0.582771 
						0.118697 -0.619783 0.775745 -0.169961 -0.669287 0.723303 0.001751 -0.999754 0.022090 -0.208119 -0.976321 0.059021 -0.715519 -0.652519 0.249504 -0.400299 -0.791933 0.461089 -0.564691 -0.369306 -0.738063 -0.729284 0.061167 -0.681472 -0.091621 -0.982659 0.161202 -0.611924 -0.146190 -0.777289 -0.558435 -0.584183 -0.588965 -0.105947 -0.618731 -0.778426 0.023447 -0.999722 0.002624 -0.752396 -0.658507 -0.016407 -0.628235 -0.640185 -0.442135 -0.993903 -0.079124 -0.076793 -0.967968 0.104759 -0.228174 -0.823300 0.009877 -0.567520 
					</float_array>
					<technique_common>
						<accessor count="82" offset="0" source="#meshId21-tangents-array" stride="3">
							<param name="X" type="float" />
							<param name="Y" type="float" />
							<param name="Z" type="float" />
						</accessor>
					</technique_common>
				</source>
				<source id="meshId21-bitangents" name="meshId21-bitangents">
					<float_array id="meshId21-bitangents-array" count="246"> 
						0.601211 -0.752294 -0.269441 0.569179 -0.780731 -0.257864 0.023253 -0.995012 0.097008 0.005188 -0.999179 0.040187 0.422582 -0.858121 -0.291639 0.087339 -0.992619 0.084139 -0.232360 -0.850466 0.471929 -0.471659 -0.751541 0.461219 -0.578896 -0.735637 0.351734 -0.577070 0.147235 0.803313 -0.362751 -0.189933 0.912325 -0.231625 -0.003479 0.972799 -0.393609 0.461437 0.795077 -0.123729 -0.731362 0.670672 -0.055549 -0.709803 0.702207 0.130194 0.094769 -0.986949 0.578575 0.159985 -0.799785 0.178203 0.004323 -0.983984 -0.025905 0.005903 -0.999647 -0.222087 0.038682 -0.974259 -0.144762 0.055195 -0.987926 0.079678 -0.996614 -0.020280 0.102400 -0.991267 -0.083086 0.301864 -0.673344 -0.674897 0.266538 -0.546287 -0.794058 0.776268 -0.026345 -0.629852 0.567780 -0.177936 -0.803720 0.169762 -0.051781 -0.984124 0.226340 -0.021955 -0.973801 0.709580 0.159547 -0.686324 0.571605 -0.123445 -0.811190 0.717634 -0.318756 -0.619190 0.836572 -0.171694 -0.520258 0.390667 -0.723244 -0.569470 -0.994710 -0.083969 -0.059174 -0.999503 -0.016146 -0.027057 -0.999828 -0.017256 0.006787 -0.998222 -0.050527 0.031605 -0.998388 0.027591 -0.049607 -0.999066 -0.006156 0.042779 -0.952450 0.004591 0.304661 -0.932481 -0.019452 0.360694 -0.953601 -0.050156 0.296868 -0.119545 -0.024054 -0.992537 -0.312583 -0.023618 -0.949597 -0.504722 0.041543 -0.862282 -0.149770 -0.081509 -0.985355 -0.506421 -0.052304 -0.860699 -0.812223 -0.009842 -0.583263 -0.814636 -0.022053 -0.579552 -0.811528 -0.008762 -0.584248 -0.306515 0.786857 0.535635 -0.508008 0.614798 0.603284 -0.744660 -0.033549 -0.666600 -0.961282 -0.098209 -0.257470 -0.978760 -0.029225 -0.202914 -0.043246 -0.992907 0.110746 0.695811 -0.687916 -0.206442 -0.727469 -0.550094 0.410104 -0.363653 -0.024208 0.931220 -0.667745 -0.211254 0.713784 -0.660316 0.191130 0.726259 0.927407 0.056656 -0.369737 0.703087 0.530039 -0.474053 
						-0.974678 0.076383 0.210162 -0.978756 0.029240 -0.202931 -0.078956 -0.022159 -0.996632 -0.035902 -0.052676 -0.997966 -0.264715 -0.077271 -0.961226 -0.759498 0.005169 -0.650489 0.512996 0.543475 -0.664432 0.453014 0.789584 -0.413927 -0.967064 0.049199 -0.249731 -0.762147 -0.153663 0.628903 -0.807612 0.220667 0.546872 -0.976146 -0.084477 0.200005 -0.993519 -0.023594 -0.111187 0.115651 -0.107537 -0.987451 0.429878 0.188040 -0.883089 0.078889 -0.996865 0.006095 -0.227146 -0.752586 0.618078 -0.538350 -0.330447 0.775232 
					</float_array>
					<technique_common>
						<accessor count="82" offset="0" source="#meshId21-bitangents-array" stride="3">
							<param name="X" type="float" />
							<param name="Y" type="float" />
							<param name="Z" type="float" />
						</accessor>
					</technique_common>
				</source>
				<source id="meshId21-tex0" name="meshId21-tex0">
					<float_array id="meshId21-tex0-array" count="164"> 
						0.714247 0.929152 0.701200 0.925923 0.702779 0.910296 0.717522 0.908805 0.691441 0.921168 0.690254 0.911563 0.689494 0.901914 0.698104 0.895301 0.710241 0.889527 0.690539 0.871538 0.680208 0.882372 0.674156 0.879473 0.684261 0.867754 0.672382 0.896559 0.665865 0.894886 0.738297 0.891713 0.746115 0.877345 0.750017 0.881271 0.746058 0.892282 0.737134 0.907382 0.745118 0.906507 0.670486 0.913561 0.663351 0.914283 0.675747 0.929840 0.669697 0.932783 0.762161 0.872035 0.777998 0.877940 0.773953 0.881718 0.762029 0.879134 0.698545 0.950720 0.686254 0.942173 0.694469 0.935327 0.707114 0.941676 0.684722 0.925465 0.744483 0.927143 0.761095 0.929205 0.760849 0.942379 0.743694 0.940337 0.777773 0.927764 0.778070 0.940978 0.774739 0.950448 0.760645 0.953360 0.746669 0.949925 0.761524 0.906210 0.761384 0.913703 0.746593 0.913880 0.777907 0.907119 0.776158 0.914432 0.772626 0.916491 0.761333 0.916475 0.750047 0.916070 0.689746 0.862354 0.696571 0.866628 0.739092 0.916013 0.746505 0.918898 0.736343 0.924568 0.724955 0.908054 0.722196 0.929466 0.717966 0.887627 0.760567 0.957548 0.741790 0.951482 0.779557 0.952187 0.714803 0.943615 0.705437 0.954323 
						0.786704 0.939379 0.786003 0.925494 0.761784 0.892260 0.777498 0.892868 0.785853 0.908290 0.783575 0.916843 0.693151 0.955683 0.699606 0.959877 0.776059 0.919449 0.700745 0.878684 0.707891 0.875245 0.735124 0.938417 0.761257 0.920533 0.785275 0.892589 0.680905 0.946225 0.680969 0.912501 0.682051 0.899049 0.689627 0.887435 
					</float_array>
					<technique_common>
						<accessor count="82" offset="0" source="#meshId21-tex0-array" stride="2">
							<param name="S" type="float" />
							<param name="T" type="float" />
						</accessor>
					</technique_common>
				</source>
				<vertices id="meshId21-vertices">
					<input semantic="POSITION" source="#meshId21-positions" />
				</vertices>
				<polylist count="128" material="defaultMaterial">
					<input offset="0" semantic="VERTEX" source="#meshId21-vertices" />
					<input offset="0" semantic="NORMAL" source="#meshId21-normals" />
					<input offset="0" semantic="TANGENT" source="#meshId21-tangents" />
					<input offset="0" semantic="BINORMAL" source="#meshId21-bitangents" />
					<input offset="0" semantic="TEXCOORD" source="#meshId21-tex0" set="0" />
					<vcount>
						3 3 3 3 3 3 3 3 3 3 3 3 3 3 3 3 3 3 3 3 3 3 3 3 3 3 3 3 3 3 3 3 3 3 3 3 3 3 3 3 3 3 3 3 3 3 3 3 3 3 3 3 3 3 3 3 3 3 3 3 3 3 3 3 
						3 3 3 3 3 3 3 3 3 3 3 3 3 3 3 3 3 3 3 3 3 3 3 3 3 3 3 3 3 3 3 3 3 3 3 3 3 3 3 3 3 3 3 3 3 3 3 3 3 3 3 3 3 3 3 3 3 3 3 3 3 3 3 3 
					</vcount>
					<p>
						3 0 1 1 2 3 2 1 4 4 5 2 7 2 5 5 6 7 8 3 2 2 7 8 12 9 10 10 11 12 11 10 13 13 14 11 18 15 16 16 17 18 20 19 15 15 18 20 14 13 21 21 22 14 22 21 23 23 24 22 28 25 26 26 27 28 17 16 25 25 28 17 32 29 30 30 31 32 31 30 23 23 33 31 1 31 33 33 4 1 0 32 31 31 1 0 37 34 35 35 36 37 36 35 38 38 39 36 41 36 39 39 40 41 42 37 36 36 41 42 45 20 43 43 44 45 44 43 46 46 47 44 49 44 47 47 48 49 50 45 44 44 49 50 52 9 12 12 51 52 53 19 20 20 45 53 54 53 45 45 50 54 34 55 53 53 54 34 57 0 3 3 56 57 56 3 8 8 58 56 41 59 60 60 42 41 40 61 59 59 41 40 
						63 29 32 32 62 63 62 32 0 0 57 62 39 64 61 61 40 39 38 65 64 64 39 38 43 20 18 18 66 43 66 18 17 17 28 66 67 66 28 28 27 67 46 43 66 66 67 46 47 46 68 68 69 47 71 70 29 29 63 71 72 69 65 65 38 72 48 47 69 69 72 48 58 8 73 73 74 58 74 73 9 9 52 74 37 75 55 55 34 37 42 60 75 75 37 42 54 50 49 49 76 54 76 49 48 48 72 76 35 76 72 72 38 35 34 54 76 76 35 34 68 46 67 67 77 68 77 67 27 27 26 77 30 78 24 24 23 30 29 70 78 78 30 29 80 6 5 5 79 80 79 5 4 4 33 79 21 79 33 33 23 21 13 80 79 79 21 13 73 8 7 7 81 73 81 7 6 6 80 81 10 81 80 80 13 10 9 73 81 81 10 9 
					</p>
				</polylist>
			</mesh>
		</geometry>
	</library_geometries>
	<library_visual_scenes>
		<visual_scene id="RootNode" name="RootNode">
			<node id="Telescope_low" name="Telescope_low">
				<matrix>100.000000 0.000000 0.000000 0.000000 0.000000 -0.000016 100.000000 0.000000 0.000000 -100.000000 -0.000016 0.000000 0.000000 0.000000 0.000000 1.000000</matrix>
				<instance_geometry url="#meshId0">
					<bind_material>
						<technique_common>
							<instance_material symbol="defaultMaterial" target="#TelescopeMat" />
						</technique_common>
					</bind_material>
				</instance_geometry>
			</node>
			<node id="Telescope_001_low" name="Telescope_001_low">
				<matrix>100.000000 0.000000 0.000000 0.000000 0.000000 -0.000016 100.000000 0.000000 0.000000 -100.000000 -0.000016 0.000000 0.000000 0.000000 0.000000 1.000000</matrix>
				<instance_geometry url="#meshId1">
					<bind_material>
						<technique_common>
							<instance_material symbol="defaultMaterial" target="#TelescopeMat" />
						</technique_common>
					</bind_material>
				</instance_geometry>
			</node>
			<node id="Telescope_002_low" name="Telescope_002_low">
				<matrix>100.000000 0.000000 0.000000 0.000000 0.000000 -0.000016 100.000000 0.000000 0.000000 -100.000000 -0.000016 0.000000 0.000000 0.000000 0.000000 1.000000</matrix>
				<instance_geometry url="#meshId2">
					<bind_material>
						<technique_common>
							<instance_material symbol="defaultMaterial" target="#TelescopeMat" />
						</technique_common>
					</bind_material>
				</instance_geometry>
			</node>
			<node id="Telescope_003_low" name="Telescope_003_low">
				<matrix>100.000000 0.000000 0.000000 0.000000 0.000000 -0.000016 100.000000 0.000000 0.000000 -100.000000 -0.000016 0.000000 0.000000 0.000000 0.000000 1.000000</matrix>
				<instance_geometry url="#meshId3">
					<bind_material>
						<technique_common>
							<instance_material symbol="defaultMaterial" target="#TelescopeMat" />
						</technique_common>
					</bind_material>
				</instance_geometry>
			</node>
			<node id="Telescope_004_low" name="Telescope_004_low">
				<matrix>100.000000 0.000000 0.000000 0.000000 0.000000 -0.000016 100.000000 0.000000 0.000000 -100.000000 -0.000016 0.000000 0.000000 0.000000 0.000000 1.000000</matrix>
				<instance_geometry url="#meshId4">
					<bind_material>
						<technique_common>
							<instance_material symbol="defaultMaterial" target="#TelescopeMat" />
						</technique_common>
					</bind_material>
				</instance_geometry>
			</node>
			<node id="Telescope_005_low" name="Telescope_005_low">
				<matrix>100.000000 0.000000 0.000000 0.000000 0.000000 -0.000016 100.000000 0.000000 0.000000 -100.000000 -0.000016 0.000000 0.000000 0.000000 0.000000 1.000000</matrix>
				<instance_geometry url="#meshId5">
					<bind_material>
						<technique_common>
							<instance_material symbol="defaultMaterial" target="#TelescopeMat" />
						</technique_common>
					</bind_material>
				</instance_geometry>
			</node>
			<node id="Telescope_006_low" name="Telescope_006_low">
				<matrix>100.000000 0.000000 0.000000 0.000000 0.000000 -0.000016 100.000000 0.000000 0.000000 -100.000000 -0.000016 0.000000 0.000000 0.000000 0.000000 1.000000</matrix>
				<instance_geometry url="#meshId6">
					<bind_material>
						<technique_common>
							<instance_material symbol="defaultMaterial" target="#TelescopeMat" />
						</technique_common>
					</bind_material>
				</instance_geometry>
			</node>
			<node id="Telescope_007_low" name="Telescope_007_low">
				<matrix>100.000000 0.000000 0.000000 0.000000 0.000000 -0.000016 100.000000 0.000000 0.000000 -100.000000 -0.000016 0.000000 0.000000 0.000000 0.000000 1.000000</matrix>
				<instance_geometry url="#meshId7">
					<bind_material>
						<technique_common>
							<instance_material symbol="defaultMaterial" target="#TelescopeMat" />
						</technique_common>
					</bind_material>
				</instance_geometry>
			</node>
			<node id="Telescope_008_low" name="Telescope_008_low">
				<matrix>100.000000 0.000000 0.000000 0.000000 0.000000 -0.000016 100.000000 0.000000 0.000000 -100.000000 -0.000016 0.000000 0.000000 0.000000 0.000000 1.000000</matrix>
				<instance_geometry url="#meshId8">
					<bind_material>
						<technique_common>
							<instance_material symbol="defaultMaterial" target="#TelescopeMat" />
						</technique_common>
					</bind_material>
				</instance_geometry>
			</node>
			<node id="Telescope_009_low" name="Telescope_009_low">
				<matrix>100.000000 0.000000 0.000000 0.000000 0.000000 -0.000016 100.000000 0.000000 0.000000 -100.000000 -0.000016 0.000000 0.000000 0.000000 0.000000 1.000000</matrix>
				<instance_geometry url="#meshId9">
					<bind_material>
						<technique_common>
							<instance_material symbol="defaultMaterial" target="#TelescopeMat" />
						</technique_common>
					</bind_material>
				</instance_geometry>
			</node>
			<node id="Telescope_010_low" name="Telescope_010_low">
				<matrix>100.000000 0.000000 0.000000 0.000000 0.000000 -0.000016 100.000000 0.000000 0.000000 -100.000000 -0.000016 0.000000 0.000000 0.000000 0.000000 1.000000</matrix>
				<instance_geometry url="#meshId10">
					<bind_material>
						<technique_common>
							<instance_material symbol="defaultMaterial" target="#TelescopeMat" />
						</technique_common>
					</bind_material>
				</instance_geometry>
			</node>
			<node id="Telescope_011_low" name="Telescope_011_low">
				<matrix>100.000000 0.000000 0.000000 0.000000 0.000000 -0.000016 100.000000 0.000000 0.000000 -100.000000 -0.000016 0.000000 0.000000 0.000000 0.000000 1.000000</matrix>
				<instance_geometry url="#meshId11">
					<bind_material>
						<technique_common>
							<instance_material symbol="defaultMaterial" target="#TelescopeMat" />
						</technique_common>
					</bind_material>
				</instance_geometry>
			</node>
			<node id="Telescope_012_low" name="Telescope_012_low">
				<matrix>100.000000 0.000000 0.000000 0.000000 0.000000 -0.000016 100.000000 0.000000 0.000000 -100.000000 -0.000016 0.000000 0.000000 0.000000 0.000000 1.000000</matrix>
				<instance_geometry url="#meshId12">
					<bind_material>
						<technique_common>
							<instance_material symbol="defaultMaterial" target="#TelescopeMat" />
						</technique_common>
					</bind_material>
				</instance_geometry>
			</node>
			<node id="Telescope_013_low" name="Telescope_013_low">
				<matrix>100.000000 0.000000 0.000000 0.000000 0.000000 -0.000016 100.000000 0.000000 0.000000 -100.000000 -0.000016 0.000000 0.000000 0.000000 0.000000 1.000000</matrix>
				<instance_geometry url="#meshId13">
					<bind_material>
						<technique_common>
							<instance_material symbol="defaultMaterial" target="#TelescopeMat" />
						</technique_common>
					</bind_material>
				</instance_geometry>
			</node>
			<node id="Telescope_014_low" name="Telescope_014_low">
				<matrix>100.000000 0.000000 0.000000 0.000000 0.000000 -0.000016 100.000000 0.000000 0.000000 -100.000000 -0.000016 0.000000 0.000000 0.000000 0.000000 1.000000</matrix>
				<instance_geometry url="#meshId14">
					<bind_material>
						<technique_common>
							<instance_material symbol="defaultMaterial" target="#TelescopeMat" />
						</technique_common>
					</bind_material>
				</instance_geometry>
			</node>
			<node id="Telescope_015_low" name="Telescope_015_low">
				<matrix>100.000000 0.000000 0.000000 0.000000 0.000000 -0.000016 100.000000 0.000000 0.000000 -100.000000 -0.000016 0.000000 0.000000 0.000000 0.000000 1.000000</matrix>
				<instance_geometry url="#meshId15">
					<bind_material>
						<technique_common>
							<instance_material symbol="defaultMaterial" target="#TelescopeMat" />
						</technique_common>
					</bind_material>
				</instance_geometry>
			</node>
			<node id="Telescope_016_low" name="Telescope_016_low">
				<matrix>100.000000 0.000000 0.000000 0.000000 0.000000 -0.000016 100.000000 0.000000 0.000000 -100.000000 -0.000016 0.000000 0.000000 0.000000 0.000000 1.000000</matrix>
				<instance_geometry url="#meshId16">
					<bind_material>
						<technique_common>
							<instance_material symbol="defaultMaterial" target="#TelescopeMat" />
						</technique_common>
					</bind_material>
				</instance_geometry>
			</node>
			<node id="Telescope_017_low" name="Telescope_017_low">
				<matrix>100.000000 0.000000 0.000000 0.000000 0.000000 -0.000016 100.000000 0.000000 0.000000 -100.000000 -0.000016 0.000000 0.000000 0.000000 0.000000 1.000000</matrix>
				<instance_geometry url="#meshId17">
					<bind_material>
						<technique_common>
							<instance_material symbol="defaultMaterial" target="#TelescopeMat" />
						</technique_common>
					</bind_material>
				</instance_geometry>
			</node>
			<node id="Telescope_014_low.001" name="Telescope_014_low.001">
				<matrix>100.000000 0.000000 0.000000 0.000000 0.000000 -0.000016 100.000000 0.000000 0.000000 -100.000000 -0.000016 0.000000 0.000000 0.000000 0.000000 1.000000</matrix>
				<instance_geometry url="#meshId18">
					<bind_material>
						<technique_common>
							<instance_material symbol="defaultMaterial" target="#TelescopeMat" />
						</technique_common>
					</bind_material>
				</instance_geometry>
			</node>
			<node id="Telescope_017_low.001" name="Telescope_017_low.001">
				<matrix>100.000000 0.000000 0.000000 0.000000 0.000000 -0.000016 100.000000 0.000000 0.000000 -100.000000 -0.000016 0.000000 0.000000 0.000000 0.000000 1.000000</matrix>
				<instance_geometry url="#meshId19">
					<bind_material>
						<technique_common>
							<instance_material symbol="defaultMaterial" target="#TelescopeMat" />
						</technique_common>
					</bind_material>
				</instance_geometry>
			</node>
			<node id="Telescope_014_low.002" name="Telescope_014_low.002">
				<matrix>100.000000 0.000000 0.000000 0.000000 0.000000 -0.000016 100.000000 0.000000 0.000000 -100.000000 -0.000016 0.000000 0.000000 0.000000 0.000000 1.000000</matrix>
				<instance_geometry url="#meshId20">
					<bind_material>
						<technique_common>
							<instance_material symbol="defaultMaterial" target="#TelescopeMat" />
						</technique_common>
					</bind_material>
				</instance_geometry>
			</node>
			<node id="Telescope_017_low.002" name="Telescope_017_low.002">
				<matrix>100.000000 0.000000 0.000000 0.000000 0.000000 -0.000016 100.000000 0.000000 0.000000 -100.000000 -0.000016 0.000000 0.000000 0.000000 0.000000 1.000000</matrix>
				<instance_geometry url="#meshId21">
					<bind_material>
						<technique_common>
							<instance_material symbol="defaultMaterial" target="#TelescopeMat" />
						</technique_common>
					</bind_material>
				</instance_geometry>
			</node>
		</visual_scene>
	</library_visual_scenes>
	<scene>
		<instance_visual_scene url="#RootNode" />
	</scene>
</COLLADA>
